customer_id,acquisition_channel,region,recency_days,frequency,monetary_value,customer_aov,first_order_date,last_order_date,recency_score,frequency_score,monetary_score,rfm_segment,churned_90d
C008480,Affiliate,West,9,7,1946.04,278.01,2024-10-22,2025-12-23,5,5,5,Champions,0
C002726,Email,East,25,5,1560.92,312.18,2025-09-30,2025-12-07,5,5,5,Champions,0
C004656,Email,East,92,2,1520.06,760.03,2024-08-24,2025-10-01,3,5,5,Loyal Customers,1
C004360,Social,East,36,8,1501.3,187.66,2024-10-23,2025-11-26,4,5,5,Champions,0
C001007,Affiliate,East,38,6,1417.32,236.22,2025-07-13,2025-11-24,4,5,5,Champions,0
C000436,Paid Search,West,23,5,1321.96,264.39,2024-02-15,2025-12-09,5,5,5,Champions,0
C007217,Affiliate,East,3,5,1317.16,263.43,2025-10-09,2025-12-29,5,5,5,Champions,0
C005144,Affiliate,East,17,7,1307.27,186.75,2025-10-11,2025-12-15,5,5,5,Champions,0
C002080,Organic Search,West,50,4,1296.16,324.04,2025-08-22,2025-11-12,4,5,5,Champions,0
C009141,Email,South,127,7,1264.34,180.62,2024-03-18,2025-08-27,3,5,5,Loyal Customers,1
C005485,Affiliate,East,11,4,1252.26,313.06,2024-10-13,2025-12-21,5,5,5,Champions,0
C008180,Affiliate,South,328,2,1227.28,613.64,2024-06-30,2025-02-07,1,5,5,At Risk,1
C008049,Affiliate,North,180,3,1221.6,407.2,2025-02-10,2025-07-05,2,5,5,At Risk,1
C000430,Affiliate,West,61,3,1215.26,405.09,2025-05-30,2025-11-01,4,5,5,Champions,0
C000122,Social,Central,18,3,1202.23,400.74,2025-09-29,2025-12-14,5,5,5,Champions,0
C003670,Social,North,100,4,1194.94,298.74,2024-11-11,2025-09-23,3,5,5,Loyal Customers,1
C009985,Direct,Central,99,4,1149.37,287.34,2025-01-28,2025-09-24,3,5,5,Loyal Customers,1
C002309,Direct,North,21,1,1130.15,1130.15,2025-12-11,2025-12-11,5,4,5,Champions,0
C007045,Affiliate,North,132,4,1124.56,281.14,2024-05-19,2025-08-22,3,5,5,Loyal Customers,1
C006169,Email,South,157,3,1105.25,368.42,2024-06-18,2025-07-28,3,5,5,Loyal Customers,1
C000905,Affiliate,North,153,4,1079.06,269.76,2024-10-08,2025-08-01,3,5,5,Loyal Customers,1
C006791,Social,South,183,2,1046.96,523.48,2025-05-01,2025-07-02,2,5,5,At Risk,1
C005933,Affiliate,South,43,4,1018.06,254.51,2025-09-28,2025-11-19,4,5,5,Champions,0
C000834,Social,Central,32,3,1013.61,337.87,2025-06-21,2025-11-30,5,5,5,Champions,0
C003135,Direct,East,80,2,1003.74,501.87,2025-09-02,2025-10-13,4,5,5,Champions,0
C001946,Affiliate,East,4,3,1002.31,334.1,2025-11-19,2025-12-28,5,5,5,Champions,0
C004992,Organic Search,North,49,3,999.94,333.31,2025-10-18,2025-11-13,4,5,5,Champions,0
C001572,Email,North,22,3,993.97,331.32,2025-09-30,2025-12-10,5,5,5,Champions,0
C003820,Affiliate,North,153,2,993.26,496.63,2025-06-16,2025-08-01,3,5,5,Loyal Customers,1
C003502,Affiliate,North,32,4,990.49,247.62,2025-10-12,2025-11-30,5,5,5,Champions,0
C004373,Email,North,454,2,987.88,493.94,2024-09-28,2024-10-04,1,5,5,At Risk,1
C002360,Direct,West,258,1,981.61,981.61,2025-04-18,2025-04-18,2,4,5,At Risk,1
C004710,Affiliate,South,300,4,979.02,244.75,2024-08-20,2025-03-07,1,5,5,At Risk,1
C006182,Organic Search,North,126,3,978.13,326.04,2025-01-28,2025-08-28,3,5,5,Loyal Customers,1
C008602,Social,West,18,3,972.22,324.07,2025-12-11,2025-12-14,5,5,5,Champions,0
C009847,Affiliate,North,85,4,966.66,241.66,2024-02-14,2025-10-08,3,5,5,Loyal Customers,0
C006846,Email,West,6,3,957.6,319.2,2025-11-28,2025-12-26,5,5,5,Champions,0
C000059,Direct,West,488,2,951.78,475.89,2024-07-13,2024-08-31,1,5,5,At Risk,1
C000323,Paid Search,South,534,1,943.8,943.8,2024-07-16,2024-07-16,1,4,5,At Risk,1
C009414,Social,North,105,3,934.94,311.65,2024-12-11,2025-09-18,3,5,5,Loyal Customers,1
C002592,Paid Search,East,6,2,926.95,463.48,2025-11-26,2025-12-26,5,5,5,Champions,0
C000099,Affiliate,West,227,2,922.76,461.38,2024-12-19,2025-05-19,2,5,5,At Risk,1
C005104,Direct,Central,235,2,921.98,460.99,2025-01-10,2025-05-11,2,5,5,At Risk,1
C008071,Affiliate,South,56,5,915.09,183.02,2025-04-20,2025-11-06,4,5,5,Champions,0
C006139,Organic Search,West,79,3,911.97,303.99,2025-01-26,2025-10-14,4,5,5,Champions,0
C003065,Email,South,34,4,909.06,227.26,2025-01-19,2025-11-28,5,5,5,Champions,0
C007291,Organic Search,South,221,3,906.3,302.1,2024-05-08,2025-05-25,2,5,5,At Risk,1
C002623,Affiliate,South,370,3,903.89,301.3,2024-06-27,2024-12-27,1,5,5,At Risk,1
C000666,Affiliate,East,36,2,901.11,450.55,2025-02-28,2025-11-26,4,5,5,Champions,0
C005235,Organic Search,East,28,3,898.65,299.55,2025-11-07,2025-12-04,5,5,5,Champions,0
C005873,Paid Search,West,18,2,897.86,448.93,2024-11-08,2025-12-14,5,5,5,Champions,0
C005472,Direct,West,10,3,882.81,294.27,2025-11-28,2025-12-22,5,5,5,Champions,0
C005760,Organic Search,West,317,1,878.84,878.84,2025-02-18,2025-02-18,1,4,5,At Risk,1
C002849,Organic Search,East,4,5,878.68,175.74,2025-08-11,2025-12-28,5,5,5,Champions,0
C005289,Affiliate,South,97,4,869.71,217.43,2025-02-08,2025-09-26,3,5,5,Loyal Customers,1
C009262,Affiliate,West,26,4,869.28,217.32,2024-06-14,2025-12-06,5,5,5,Champions,0
C003917,Paid Search,North,324,1,865.5,865.5,2025-02-11,2025-02-11,1,4,5,At Risk,1
C004130,Email,East,56,3,864.79,288.26,2025-04-19,2025-11-06,4,5,5,Champions,0
C007801,Organic Search,West,27,4,861.88,215.47,2025-04-29,2025-12-05,5,5,5,Champions,0
C008312,Email,South,75,4,860.86,215.22,2025-07-19,2025-10-18,4,5,5,Champions,0
C007150,Email,North,4,4,854.36,213.59,2025-08-09,2025-12-28,5,5,5,Champions,0
C003541,Email,East,94,2,853.97,426.99,2025-09-03,2025-09-29,3,5,5,Loyal Customers,1
C006067,Organic Search,South,18,3,851.32,283.77,2025-11-08,2025-12-14,5,5,5,Champions,0
C002999,Affiliate,North,67,2,850.73,425.37,2025-07-26,2025-10-26,4,5,5,Champions,0
C000284,Affiliate,South,69,3,844.44,281.48,2025-08-13,2025-10-24,4,5,5,Champions,0
C008279,Affiliate,East,102,3,842.86,280.95,2025-08-24,2025-09-21,3,5,5,Loyal Customers,1
C003180,Affiliate,South,50,4,840.41,210.1,2024-08-18,2025-11-12,4,5,5,Champions,0
C005510,Paid Search,North,11,2,837.6,418.8,2025-10-14,2025-12-21,5,5,5,Champions,0
C003472,Email,South,25,3,837.12,279.04,2025-10-07,2025-12-07,5,5,5,Champions,0
C002453,Direct,Central,84,3,836.96,278.99,2024-07-01,2025-10-09,3,5,5,Loyal Customers,0
C006813,Affiliate,South,26,5,836.14,167.23,2025-04-07,2025-12-06,5,5,5,Champions,0
C007915,Email,East,106,4,835.02,208.75,2025-03-11,2025-09-17,3,5,5,Loyal Customers,1
C006154,Organic Search,South,48,4,830.92,207.73,2025-03-09,2025-11-14,4,5,5,Champions,0
C008262,Email,West,37,3,830.14,276.71,2025-10-01,2025-11-25,4,5,5,Champions,0
C006163,Paid Search,South,285,2,828.72,414.36,2025-02-20,2025-03-22,1,5,5,At Risk,1
C009219,Organic Search,West,109,3,825.23,275.08,2025-07-28,2025-09-14,3,5,5,Loyal Customers,1
C005684,Affiliate,North,306,2,822.7,411.35,2025-02-25,2025-03-01,1,5,5,At Risk,1
C004616,Paid Search,South,31,2,820.36,410.18,2025-09-17,2025-12-01,5,5,5,Champions,0
C006004,Affiliate,West,19,3,819.95,273.32,2025-06-12,2025-12-13,5,5,5,Champions,0
C004498,Affiliate,South,334,1,817.74,817.74,2025-02-01,2025-02-01,1,4,5,At Risk,1
C009519,Affiliate,South,208,3,813.75,271.25,2024-03-22,2025-06-07,2,5,5,At Risk,1
C005316,Paid Search,South,61,2,811.8,405.9,2025-06-11,2025-11-01,4,5,5,Champions,0
C002536,Email,North,16,3,810.18,270.06,2025-05-02,2025-12-16,5,5,5,Champions,0
C000114,Direct,North,374,2,809.59,404.8,2024-03-11,2024-12-23,1,5,5,At Risk,1
C008838,Affiliate,East,303,2,807.47,403.74,2024-12-03,2025-03-04,1,5,5,At Risk,1
C003371,Email,East,260,2,806.7,403.35,2025-03-16,2025-04-16,2,5,5,At Risk,1
C005807,Social,East,46,4,806.08,201.52,2025-02-22,2025-11-16,4,5,5,Champions,0
C009540,Email,West,19,4,805.5,201.38,2024-09-24,2025-12-13,5,5,5,Champions,0
C003864,Affiliate,South,210,1,805.34,805.34,2025-06-05,2025-06-05,2,4,5,At Risk,1
C005739,Affiliate,East,137,2,797.37,398.69,2025-08-12,2025-08-17,3,5,5,Loyal Customers,1
C006424,Affiliate,West,56,3,797.17,265.72,2025-05-22,2025-11-06,4,5,5,Champions,0
C009309,Direct,South,1,3,785.38,261.79,2025-10-28,2025-12-31,5,5,5,Champions,0
C006856,Affiliate,South,279,2,785.29,392.64,2025-01-13,2025-03-28,2,5,5,At Risk,1
C009413,Email,South,87,2,783.74,391.87,2025-09-28,2025-10-06,3,5,5,Loyal Customers,0
C002848,Organic Search,West,343,3,782.08,260.69,2024-08-02,2025-01-23,1,5,5,At Risk,1
C008363,Affiliate,South,89,2,782.0,391.0,2025-06-23,2025-10-04,3,5,5,Loyal Customers,0
C005283,Email,West,177,3,776.68,258.89,2025-03-02,2025-07-08,2,5,5,At Risk,1
C005526,Affiliate,East,6,3,774.89,258.3,2025-02-02,2025-12-26,5,5,5,Champions,0
C003897,Email,South,231,1,772.31,772.31,2025-05-15,2025-05-15,2,4,5,At Risk,1
C006696,Email,South,31,3,769.13,256.38,2025-09-22,2025-12-01,5,5,5,Champions,0
C000418,Affiliate,West,393,2,768.64,384.32,2024-10-17,2024-12-04,1,5,5,At Risk,1
C005535,Paid Search,North,137,2,766.52,383.26,2025-07-26,2025-08-17,3,5,5,Loyal Customers,1
C001649,Affiliate,East,83,2,759.26,379.63,2025-07-10,2025-10-10,3,5,5,Loyal Customers,0
C000979,Organic Search,North,265,2,759.08,379.54,2024-07-05,2025-04-11,2,5,5,At Risk,1
C007990,Paid Search,North,11,3,758.61,252.87,2025-06-22,2025-12-21,5,5,5,Champions,0
C003246,Affiliate,North,215,4,755.23,188.81,2025-01-24,2025-05-31,2,5,5,At Risk,1
C000714,Email,East,41,4,748.58,187.15,2024-12-12,2025-11-21,4,5,5,Champions,0
C006307,Affiliate,East,149,2,745.28,372.64,2024-08-01,2025-08-05,3,5,5,Loyal Customers,1
C007947,Paid Search,East,201,1,743.42,743.42,2025-06-14,2025-06-14,2,4,5,At Risk,1
C003724,Affiliate,South,6,2,742.02,371.01,2025-12-20,2025-12-26,5,5,5,Champions,0
C001056,Direct,Central,143,2,739.62,369.81,2025-06-08,2025-08-11,3,5,5,Loyal Customers,1
C006725,Organic Search,South,234,1,738.84,738.84,2025-05-12,2025-05-12,2,4,5,At Risk,1
C008044,Affiliate,South,60,2,735.01,367.5,2025-04-13,2025-11-02,4,5,5,Champions,0
C001467,Email,South,5,5,729.86,145.97,2025-11-24,2025-12-27,5,5,5,Champions,0
C002321,Organic Search,West,34,4,723.44,180.86,2025-07-06,2025-11-28,5,5,5,Champions,0
C009116,Affiliate,North,40,3,720.51,240.17,2025-09-30,2025-11-22,4,5,5,Champions,0
C003680,Social,West,28,2,720.26,360.13,2025-10-21,2025-12-04,5,5,5,Champions,0
C009457,Affiliate,West,125,2,719.62,359.81,2025-07-27,2025-08-29,3,5,5,Loyal Customers,1
C001421,Direct,East,180,4,718.2,179.55,2024-10-07,2025-07-05,2,5,5,At Risk,1
C002993,Email,South,14,3,717.18,239.06,2025-11-28,2025-12-18,5,5,5,Champions,0
C003984,Organic Search,South,51,4,712.93,178.23,2024-08-31,2025-11-11,4,5,5,Champions,0
C009117,Organic Search,West,215,1,712.0,712.0,2025-05-31,2025-05-31,2,4,5,At Risk,1
C009719,Social,North,3,4,708.29,177.07,2025-04-26,2025-12-29,5,5,5,Champions,0
C008572,Affiliate,North,206,2,707.26,353.63,2024-09-19,2025-06-09,2,5,5,At Risk,1
C000790,Affiliate,North,7,2,706.89,353.44,2025-08-11,2025-12-25,5,5,5,Champions,0
C007842,Direct,South,16,2,704.51,352.25,2025-08-07,2025-12-16,5,5,5,Champions,0
C004431,Paid Search,South,64,4,703.76,175.94,2024-08-07,2025-10-29,4,5,5,Champions,0
C008777,Organic Search,South,1,2,703.41,351.71,2025-12-29,2025-12-31,5,5,5,Champions,0
C004335,Affiliate,North,4,3,703.22,234.41,2025-10-01,2025-12-28,5,5,5,Champions,0
C004514,Affiliate,West,94,4,702.31,175.58,2025-08-09,2025-09-29,3,5,5,Loyal Customers,1
C003516,Email,East,157,3,699.2,233.07,2025-01-05,2025-07-28,3,5,5,Loyal Customers,1
C008197,Paid Search,Central,34,1,697.34,697.34,2025-11-28,2025-11-28,5,4,5,Champions,0
C006728,Direct,South,23,3,694.39,231.46,2025-11-11,2025-12-09,5,5,5,Champions,0
C007212,Affiliate,West,81,2,691.92,345.96,2025-10-11,2025-10-12,4,5,5,Champions,0
C007455,Organic Search,North,88,1,690.23,690.23,2025-10-05,2025-10-05,3,4,5,Loyal Customers,0
C009557,Organic Search,South,91,4,688.61,172.15,2024-12-13,2025-10-02,3,5,5,Loyal Customers,1
C007763,Affiliate,South,32,2,688.53,344.26,2025-10-28,2025-11-30,5,5,5,Champions,0
C007946,Paid Search,South,645,2,684.39,342.19,2024-01-20,2024-03-27,1,5,5,At Risk,1
C000776,Affiliate,North,266,3,683.57,227.86,2025-03-25,2025-04-10,2,5,5,At Risk,1
C000029,Email,West,122,1,682.79,682.79,2025-09-01,2025-09-01,3,4,5,Loyal Customers,1
C003198,Organic Search,West,16,3,682.54,227.51,2025-06-07,2025-12-16,5,5,5,Champions,0
C002247,Organic Search,South,5,2,681.84,340.92,2025-09-18,2025-12-27,5,5,5,Champions,0
C005860,Organic Search,South,10,5,677.11,135.42,2025-03-31,2025-12-22,5,5,5,Champions,0
C006326,Affiliate,West,5,3,675.63,225.21,2025-08-23,2025-12-27,5,5,5,Champions,0
C003424,Paid Search,South,51,4,674.22,168.56,2024-04-16,2025-11-11,4,5,5,Champions,0
C008913,Email,Central,46,3,672.8,224.27,2025-03-27,2025-11-16,4,5,5,Champions,0
C000742,Social,West,57,4,672.76,168.19,2024-09-19,2025-11-05,4,5,5,Champions,0
C003169,Affiliate,West,24,2,672.54,336.27,2025-11-21,2025-12-08,5,5,5,Champions,0
C000927,Affiliate,West,13,3,672.22,224.07,2025-04-05,2025-12-19,5,5,5,Champions,0
C008781,Email,North,29,4,669.96,167.49,2025-05-04,2025-12-03,5,5,5,Champions,0
C004120,Paid Search,South,121,3,669.67,223.22,2025-01-01,2025-09-02,3,5,5,Loyal Customers,1
C004157,Email,East,195,4,669.54,167.38,2024-10-06,2025-06-20,2,5,5,At Risk,1
C000677,Affiliate,East,144,3,669.33,223.11,2024-08-16,2025-08-10,3,5,5,Loyal Customers,1
C005096,Organic Search,North,163,3,667.64,222.55,2024-12-17,2025-07-22,2,5,5,At Risk,1
C003906,Affiliate,Central,572,1,665.66,665.66,2024-06-08,2024-06-08,1,4,5,At Risk,1
C003435,Affiliate,West,249,2,665.43,332.71,2025-01-05,2025-04-27,2,5,5,At Risk,1
C002229,Direct,West,268,2,663.89,331.94,2024-08-23,2025-04-08,2,5,5,At Risk,1
C008966,Email,West,2,2,662.47,331.24,2025-11-04,2025-12-30,5,5,5,Champions,0
C005035,Email,Central,223,2,661.53,330.76,2025-05-02,2025-05-23,2,5,5,At Risk,1
C009892,Email,South,36,4,660.46,165.12,2025-01-31,2025-11-26,4,5,5,Champions,0
C006349,Paid Search,South,119,3,659.8,219.93,2025-04-14,2025-09-04,3,5,5,Loyal Customers,1
C002509,Affiliate,North,80,1,658.98,658.98,2025-10-13,2025-10-13,4,4,5,Champions,0
C001973,Direct,East,53,2,657.05,328.53,2025-01-22,2025-11-09,4,5,5,Champions,0
C008322,Organic Search,North,298,1,654.02,654.02,2025-03-09,2025-03-09,1,4,5,At Risk,1
C003719,Organic Search,East,28,1,652.38,652.38,2025-12-04,2025-12-04,5,4,5,Champions,0
C009239,Email,West,32,3,652.27,217.42,2025-06-19,2025-11-30,5,5,5,Champions,0
C001232,Affiliate,North,165,2,651.52,325.76,2024-10-25,2025-07-20,2,5,5,At Risk,1
C001908,Direct,West,93,4,650.55,162.64,2025-07-16,2025-09-30,3,5,5,Loyal Customers,1
C005061,Affiliate,West,18,1,649.42,649.42,2025-12-14,2025-12-14,5,4,5,Champions,0
C009155,Paid Search,South,16,2,644.91,322.45,2025-10-12,2025-12-16,5,5,5,Champions,0
C001906,Organic Search,South,240,2,643.65,321.82,2024-12-02,2025-05-06,2,5,5,At Risk,1
C003829,Email,East,38,3,643.4,214.47,2024-09-05,2025-11-24,4,5,5,Champions,0
C005788,Paid Search,West,73,2,643.02,321.51,2025-06-15,2025-10-20,4,5,5,Champions,0
C005998,Affiliate,West,1,2,642.88,321.44,2025-10-02,2025-12-31,5,5,5,Champions,0
C001082,Email,East,46,3,642.26,214.09,2025-10-17,2025-11-16,4,5,5,Champions,0
C005743,Organic Search,West,381,2,641.49,320.75,2024-07-16,2024-12-16,1,5,5,At Risk,1
C002946,Affiliate,South,360,2,638.83,319.41,2024-07-24,2025-01-06,1,5,5,At Risk,1
C009942,Social,South,80,3,638.59,212.86,2025-07-21,2025-10-13,4,5,5,Champions,0
C000906,Organic Search,Central,70,5,637.89,127.58,2025-07-12,2025-10-23,4,5,5,Champions,0
C003419,Affiliate,West,174,2,637.83,318.92,2025-07-05,2025-07-11,2,5,5,At Risk,1
C008610,Email,West,26,3,636.86,212.29,2025-10-28,2025-12-06,5,5,5,Champions,0
C001677,Affiliate,East,16,2,634.75,317.38,2025-10-05,2025-12-16,5,5,5,Champions,0
C007716,Social,West,428,1,632.29,632.29,2024-10-30,2024-10-30,1,4,5,At Risk,1
C006779,Email,South,380,3,632.2,210.73,2024-11-13,2024-12-17,1,5,5,At Risk,1
C000279,Direct,East,10,3,631.63,210.54,2025-11-30,2025-12-22,5,5,5,Champions,0
C002494,Organic Search,East,187,2,631.46,315.73,2024-08-31,2025-06-28,2,5,5,At Risk,1
C003653,Affiliate,South,83,2,631.38,315.69,2025-09-21,2025-10-10,3,5,5,Loyal Customers,0
C003730,Email,East,90,3,630.22,210.07,2024-11-10,2025-10-03,3,5,5,Loyal Customers,0
C007287,Email,West,241,4,629.45,157.36,2024-11-10,2025-05-05,2,5,5,At Risk,1
C004162,Affiliate,South,57,2,626.34,313.17,2025-09-26,2025-11-05,4,5,5,Champions,0
C007339,Organic Search,West,140,1,625.85,625.85,2025-08-14,2025-08-14,3,4,5,Loyal Customers,1
C003285,Affiliate,West,118,2,625.42,312.71,2024-03-09,2025-09-05,3,5,5,Loyal Customers,1
C006018,Affiliate,North,3,3,624.68,208.23,2025-09-05,2025-12-29,5,5,5,Champions,0
C002112,Email,North,107,3,624.32,208.11,2025-07-20,2025-09-16,3,5,5,Loyal Customers,1
C002030,Affiliate,North,27,4,622.9,155.72,2025-11-16,2025-12-05,5,5,5,Champions,0
C007100,Organic Search,West,105,1,621.94,621.94,2025-09-18,2025-09-18,3,4,5,Loyal Customers,1
C002220,Paid Search,South,477,1,619.86,619.86,2024-09-11,2024-09-11,1,4,5,At Risk,1
C000616,Email,East,306,4,619.7,154.93,2024-05-22,2025-03-01,1,5,5,At Risk,1
C008256,Email,West,14,2,619.12,309.56,2025-07-30,2025-12-18,5,5,5,Champions,0
C002701,Affiliate,East,351,2,617.88,308.94,2024-09-27,2025-01-15,1,5,5,At Risk,1
C007812,Email,North,6,2,617.58,308.79,2025-12-01,2025-12-26,5,5,5,Champions,0
C006950,Affiliate,East,361,2,616.22,308.11,2024-12-18,2025-01-05,1,5,5,At Risk,1
C002514,Paid Search,West,271,4,615.89,153.97,2024-06-17,2025-04-05,2,5,5,At Risk,1
C009925,Direct,West,40,4,615.87,153.97,2025-10-22,2025-11-22,4,5,5,Champions,0
C007181,Direct,South,29,4,614.26,153.56,2025-08-09,2025-12-03,5,5,5,Champions,0
C008039,Organic Search,West,522,1,613.52,613.52,2024-07-28,2024-07-28,1,4,5,At Risk,1
C007607,Organic Search,West,92,4,612.1,153.03,2024-12-10,2025-10-01,3,5,5,Loyal Customers,1
C009415,Affiliate,East,19,5,610.64,122.13,2025-01-21,2025-12-13,5,5,5,Champions,0
C004385,Organic Search,North,11,2,609.53,304.76,2025-03-14,2025-12-21,5,5,5,Champions,0
C000576,Paid Search,South,67,2,608.26,304.13,2025-10-21,2025-10-26,4,5,5,Champions,0
C008342,Organic Search,North,8,1,607.85,607.85,2025-12-24,2025-12-24,5,4,5,Champions,0
C004497,Organic Search,South,247,1,605.27,605.27,2025-04-29,2025-04-29,2,4,5,At Risk,1
C005451,Affiliate,West,5,3,604.72,201.57,2025-11-27,2025-12-27,5,5,5,Champions,0
C006808,Paid Search,North,48,5,603.49,120.7,2025-07-04,2025-11-14,4,5,5,Champions,0
C008991,Email,East,23,3,603.01,201.0,2025-07-23,2025-12-09,5,5,5,Champions,0
C004141,Email,South,31,2,602.82,301.41,2025-11-09,2025-12-01,5,5,5,Champions,0
C008987,Affiliate,South,500,3,601.91,200.64,2024-06-22,2024-08-19,1,5,5,At Risk,1
C002014,Social,South,130,3,601.11,200.37,2025-07-27,2025-08-24,3,5,5,Loyal Customers,1
C004965,Organic Search,South,19,1,600.32,600.32,2025-12-13,2025-12-13,5,4,5,Champions,0
C000567,Email,East,9,2,600.16,300.08,2025-08-27,2025-12-23,5,5,5,Champions,0
C007169,Direct,North,26,1,600.04,600.04,2025-12-06,2025-12-06,5,4,5,Champions,0
C002889,Affiliate,West,297,2,599.82,299.91,2024-11-26,2025-03-10,1,5,5,At Risk,1
C007130,Affiliate,South,28,2,599.58,299.79,2025-07-16,2025-12-04,5,5,5,Champions,0
C004942,Email,West,148,2,598.38,299.19,2025-06-11,2025-08-06,3,5,5,Loyal Customers,1
C003473,Affiliate,North,354,1,597.2,597.2,2025-01-12,2025-01-12,1,4,5,At Risk,1
C007644,Direct,East,3,2,596.86,298.43,2025-10-18,2025-12-29,5,5,5,Champions,0
C007889,Affiliate,East,131,2,594.72,297.36,2024-02-15,2025-08-23,3,5,5,Loyal Customers,1
C009934,Affiliate,West,67,4,593.86,148.47,2025-07-22,2025-10-26,4,5,5,Champions,0
C000758,Organic Search,East,54,2,592.49,296.25,2025-04-18,2025-11-08,4,5,5,Champions,0
C004572,Email,East,70,4,592.04,148.01,2024-07-14,2025-10-23,4,5,5,Champions,0
C008534,Email,East,15,5,591.79,118.36,2025-09-13,2025-12-17,5,5,5,Champions,0
C000555,Email,West,86,2,591.64,295.82,2025-07-19,2025-10-07,3,5,5,Loyal Customers,0
C003702,Email,South,101,3,589.77,196.59,2024-06-10,2025-09-22,3,5,5,Loyal Customers,1
C009780,Paid Search,West,176,2,587.33,293.66,2025-02-04,2025-07-09,2,5,5,At Risk,1
C009331,Organic Search,Central,198,1,584.09,584.09,2025-06-17,2025-06-17,2,4,5,At Risk,1
C007106,Affiliate,West,395,3,583.07,194.36,2024-09-08,2024-12-02,1,5,5,At Risk,1
C003515,Paid Search,East,142,3,581.47,193.82,2024-08-14,2025-08-12,3,5,5,Loyal Customers,1
C002146,Direct,East,35,2,581.39,290.69,2025-11-04,2025-11-27,4,5,5,Champions,0
C009747,Organic Search,Central,3,3,581.09,193.7,2025-12-12,2025-12-29,5,5,5,Champions,0
C006468,Affiliate,East,56,2,581.08,290.54,2025-05-07,2025-11-06,4,5,5,Champions,0
C008321,Social,West,467,2,581.01,290.5,2024-08-18,2024-09-21,1,5,5,At Risk,1
C002287,Social,East,448,1,580.85,580.85,2024-10-10,2024-10-10,1,4,5,At Risk,1
C007245,Affiliate,South,27,2,580.83,290.42,2025-11-21,2025-12-05,5,5,5,Champions,0
C002502,Direct,East,40,3,580.69,193.56,2025-01-14,2025-11-22,4,5,5,Champions,0
C009298,Affiliate,East,36,4,580.66,145.16,2025-10-27,2025-11-26,4,5,5,Champions,0
C006253,Affiliate,South,111,2,580.58,290.29,2025-08-28,2025-09-12,3,5,5,Loyal Customers,1
C007625,Organic Search,South,24,4,578.25,144.56,2025-11-16,2025-12-08,5,5,5,Champions,0
C004858,Email,Central,11,3,578.15,192.72,2025-12-08,2025-12-21,5,5,5,Champions,0
C005245,Email,South,48,4,578.12,144.53,2025-09-05,2025-11-14,4,5,5,Champions,0
C002763,Direct,West,54,1,577.08,577.08,2025-11-08,2025-11-08,4,4,5,Champions,0
C007302,Organic Search,Central,7,1,576.37,576.37,2025-12-25,2025-12-25,5,4,5,Champions,0
C008893,Paid Search,East,62,2,575.8,287.9,2025-10-27,2025-10-31,4,5,5,Champions,0
C000253,Direct,South,82,5,575.7,115.14,2025-02-03,2025-10-11,3,5,5,Loyal Customers,0
C001001,Email,West,276,3,575.35,191.78,2024-07-06,2025-03-31,2,5,5,At Risk,1
C008537,Organic Search,West,417,2,575.27,287.63,2024-11-04,2024-11-10,1,5,5,At Risk,1
C005109,Email,North,144,2,573.36,286.68,2025-01-12,2025-08-10,3,5,5,Loyal Customers,1
C005200,Email,North,257,2,571.4,285.7,2024-10-14,2025-04-19,2,5,5,At Risk,1
C002024,Affiliate,South,34,2,571.12,285.56,2025-09-26,2025-11-28,5,5,5,Champions,0
C002721,Email,North,24,5,570.75,114.15,2025-10-10,2025-12-08,5,5,5,Champions,0
C007722,Email,East,18,1,570.61,570.61,2025-12-14,2025-12-14,5,4,5,Champions,0
C004530,Email,North,33,3,570.16,190.05,2025-08-03,2025-11-29,5,5,5,Champions,0
C005828,Affiliate,South,15,4,569.86,142.47,2025-10-13,2025-12-17,5,5,5,Champions,0
C007116,Organic Search,East,5,3,569.74,189.91,2025-12-08,2025-12-27,5,5,5,Champions,0
C007432,Affiliate,Central,64,2,569.39,284.69,2024-12-02,2025-10-29,4,5,5,Champions,0
C002065,Direct,South,46,2,569.33,284.66,2025-05-01,2025-11-16,4,5,5,Champions,0
C003220,Organic Search,South,177,3,568.15,189.38,2024-08-10,2025-07-08,2,5,5,At Risk,1
C001136,Email,South,22,3,566.83,188.94,2025-08-30,2025-12-10,5,5,5,Champions,0
C004361,Affiliate,South,24,3,566.3,188.77,2024-06-08,2025-12-08,5,5,5,Champions,0
C003120,Email,South,20,3,566.24,188.75,2025-05-04,2025-12-12,5,5,5,Champions,0
C003170,Affiliate,North,50,2,566.23,283.12,2025-09-24,2025-11-12,4,5,5,Champions,0
C003176,Organic Search,West,87,3,566.13,188.71,2024-10-08,2025-10-06,3,5,5,Loyal Customers,0
C007375,Paid Search,North,29,2,565.67,282.84,2025-08-23,2025-12-03,5,5,5,Champions,0
C001552,Social,South,13,4,564.59,141.15,2024-11-16,2025-12-19,5,5,5,Champions,0
C003030,Email,South,56,2,563.22,281.61,2024-11-17,2025-11-06,4,5,5,Champions,0
C009543,Paid Search,South,4,4,562.05,140.51,2025-11-24,2025-12-28,5,5,5,Champions,0
C005105,Email,North,1,3,561.86,187.29,2025-11-24,2025-12-31,5,5,5,Champions,0
C005138,Organic Search,West,11,3,561.3,187.1,2025-12-08,2025-12-21,5,5,5,Champions,0
C001391,Affiliate,East,58,2,561.26,280.63,2025-10-08,2025-11-04,4,5,5,Champions,0
C006334,Direct,South,469,1,559.88,559.88,2024-09-19,2024-09-19,1,4,5,At Risk,1
C009474,Social,West,50,2,558.89,279.44,2025-06-18,2025-11-12,4,5,5,Champions,0
C006824,Paid Search,West,181,1,558.02,558.02,2025-07-04,2025-07-04,2,4,5,At Risk,1
C002528,Direct,East,353,1,557.97,557.97,2025-01-13,2025-01-13,1,4,5,At Risk,1
C000506,Affiliate,West,28,3,557.36,185.79,2025-10-10,2025-12-04,5,5,5,Champions,0
C004091,Affiliate,West,11,3,556.94,185.65,2024-08-14,2025-12-21,5,5,5,Champions,0
C006264,Organic Search,East,57,2,555.77,277.88,2025-09-28,2025-11-05,4,5,5,Champions,0
C007187,Paid Search,South,4,3,555.38,185.13,2025-10-10,2025-12-28,5,5,5,Champions,0
C009640,Paid Search,South,206,1,555.34,555.34,2025-06-09,2025-06-09,2,4,5,At Risk,1
C008146,Organic Search,North,35,3,554.8,184.93,2025-03-24,2025-11-27,4,5,5,Champions,0
C007273,Paid Search,West,191,3,554.2,184.73,2025-03-25,2025-06-24,2,5,5,At Risk,1
C003357,Organic Search,North,546,1,553.68,553.68,2024-07-04,2024-07-04,1,4,5,At Risk,1
C008976,Organic Search,West,28,3,553.32,184.44,2025-09-06,2025-12-04,5,5,5,Champions,0
C001097,Paid Search,South,36,3,552.87,184.29,2024-11-22,2025-11-26,4,5,5,Champions,0
C003545,Affiliate,South,90,2,552.02,276.01,2025-08-18,2025-10-03,3,5,5,Loyal Customers,0
C005192,Email,East,165,2,551.56,275.78,2025-06-14,2025-07-20,2,5,5,At Risk,1
C004349,Affiliate,North,332,1,550.71,550.71,2025-02-03,2025-02-03,1,4,5,At Risk,1
C001896,Email,West,15,3,549.59,183.2,2025-08-09,2025-12-17,5,5,5,Champions,0
C000247,Affiliate,North,84,2,549.37,274.69,2024-04-27,2025-10-09,3,5,5,Loyal Customers,0
C000843,Paid Search,North,184,2,549.14,274.57,2025-05-06,2025-07-01,2,5,5,At Risk,1
C002705,Affiliate,East,61,2,549.08,274.54,2025-08-10,2025-11-01,4,5,5,Champions,0
C008985,Affiliate,North,17,4,548.92,137.23,2025-02-28,2025-12-15,5,5,5,Champions,0
C006674,Organic Search,South,185,2,548.42,274.21,2025-01-26,2025-06-30,2,5,5,At Risk,1
C001032,Affiliate,East,163,2,548.19,274.1,2025-01-07,2025-07-22,2,5,5,At Risk,1
C009948,Paid Search,South,28,2,547.99,274.0,2025-11-13,2025-12-04,5,5,5,Champions,0
C004675,Email,Central,1,3,547.56,182.52,2025-11-14,2025-12-31,5,5,5,Champions,0
C006527,Paid Search,South,86,3,546.12,182.04,2025-03-29,2025-10-07,3,5,5,Loyal Customers,0
C000074,Social,South,34,1,545.86,545.86,2025-11-28,2025-11-28,5,4,5,Champions,0
C004961,Email,West,183,2,545.53,272.76,2025-01-10,2025-07-02,2,5,5,At Risk,1
C006219,Email,West,148,3,545.45,181.82,2025-07-26,2025-08-06,3,5,5,Loyal Customers,1
C006919,Organic Search,South,504,1,544.5,544.5,2024-08-15,2024-08-15,1,4,5,At Risk,1
C004109,Affiliate,East,19,2,544.1,272.05,2025-10-24,2025-12-13,5,5,5,Champions,0
C008529,Social,East,445,1,543.48,543.48,2024-10-13,2024-10-13,1,4,5,At Risk,1
C006045,Affiliate,North,43,2,542.34,271.17,2025-08-08,2025-11-19,4,5,5,Champions,0
C003301,Email,North,153,3,542.26,180.75,2025-02-25,2025-08-01,3,5,5,Loyal Customers,1
C009167,Direct,Central,19,3,541.57,180.52,2025-04-06,2025-12-13,5,5,5,Champions,0
C004664,Paid Search,West,69,2,540.98,270.49,2025-10-01,2025-10-24,4,5,5,Champions,0
C006857,Direct,South,159,1,540.84,540.84,2025-07-26,2025-07-26,3,4,5,Loyal Customers,1
C002909,Email,East,147,1,540.55,540.55,2025-08-07,2025-08-07,3,4,5,Loyal Customers,1
C003652,Affiliate,West,25,2,540.22,270.11,2024-07-26,2025-12-07,5,5,5,Champions,0
C008931,Affiliate,Central,13,3,539.59,179.86,2025-11-10,2025-12-19,5,5,5,Champions,0
C008078,Direct,South,29,3,539.12,179.71,2025-08-15,2025-12-03,5,5,5,Champions,0
C005968,Paid Search,South,95,2,539.12,269.56,2025-06-24,2025-09-28,3,5,5,Loyal Customers,1
C000814,Direct,North,25,3,538.34,179.45,2025-08-27,2025-12-07,5,5,5,Champions,0
C005776,Direct,West,54,1,537.92,537.92,2025-11-08,2025-11-08,4,4,5,Champions,0
C009879,Direct,West,352,3,537.34,179.11,2024-03-09,2025-01-14,1,5,5,At Risk,1
C005840,Direct,West,277,1,537.05,537.05,2025-03-30,2025-03-30,2,4,5,At Risk,1
C001521,Affiliate,South,57,3,536.87,178.96,2025-08-02,2025-11-05,4,5,5,Champions,0
C001915,Email,West,59,3,536.24,178.75,2025-04-17,2025-11-03,4,5,5,Champions,0
C005647,Affiliate,North,25,2,534.49,267.25,2025-05-14,2025-12-07,5,5,5,Champions,0
C004740,Paid Search,Central,347,2,534.1,267.05,2024-12-18,2025-01-19,1,5,5,At Risk,1
C004729,Organic Search,Central,282,2,534.07,267.03,2025-02-28,2025-03-25,2,5,5,At Risk,1
C002733,Affiliate,North,313,1,533.42,533.42,2025-02-22,2025-02-22,1,4,5,At Risk,1
C005495,Organic Search,East,38,1,533.4,533.4,2025-11-24,2025-11-24,4,4,5,Champions,0
C003060,Affiliate,South,77,2,533.13,266.56,2025-08-13,2025-10-16,4,5,5,Champions,0
C009408,Organic Search,West,212,3,532.55,177.52,2024-03-08,2025-06-03,2,5,5,At Risk,1
C005738,Paid Search,Central,30,5,531.2,106.24,2024-05-20,2025-12-02,5,5,5,Champions,0
C008459,Organic Search,Central,208,2,530.76,265.38,2024-11-25,2025-06-07,2,5,5,At Risk,1
C006300,Paid Search,North,12,4,530.64,132.66,2025-06-10,2025-12-20,5,5,5,Champions,0
C004830,Direct,East,117,2,529.92,264.96,2025-07-10,2025-09-06,3,5,5,Loyal Customers,1
C004194,Affiliate,North,280,3,529.14,176.38,2024-11-12,2025-03-27,2,5,5,At Risk,1
C005731,Affiliate,South,118,2,528.82,264.41,2025-05-21,2025-09-05,3,5,5,Loyal Customers,1
C009073,Organic Search,Central,180,2,528.56,264.28,2025-02-22,2025-07-05,2,5,5,At Risk,1
C003459,Affiliate,West,306,2,528.3,264.15,2024-12-23,2025-03-01,1,5,5,At Risk,1
C000307,Paid Search,South,100,2,526.96,263.48,2025-04-19,2025-09-23,3,5,5,Loyal Customers,1
C000962,Social,South,22,3,526.87,175.62,2025-11-28,2025-12-10,5,5,5,Champions,0
C006984,Affiliate,East,76,2,526.36,263.18,2025-10-06,2025-10-17,4,5,5,Champions,0
C008036,Organic Search,East,157,1,524.98,524.98,2025-07-28,2025-07-28,3,4,5,Loyal Customers,1
C007720,Paid Search,South,30,1,524.72,524.72,2025-12-02,2025-12-02,5,4,5,Champions,0
C002838,Paid Search,South,27,3,524.23,174.74,2025-08-31,2025-12-05,5,5,5,Champions,0
C002095,Direct,East,12,4,522.89,130.72,2025-05-04,2025-12-20,5,5,5,Champions,0
C005311,Organic Search,South,69,2,522.46,261.23,2024-05-20,2025-10-24,4,5,5,Champions,0
C009409,Affiliate,East,1,3,522.2,174.07,2025-05-04,2025-12-31,5,5,5,Champions,0
C005582,Paid Search,South,53,3,521.55,173.85,2025-04-29,2025-11-09,4,5,5,Champions,0
C003731,Direct,East,14,2,521.08,260.54,2025-10-06,2025-12-18,5,5,5,Champions,0
C007239,Social,South,22,2,520.86,260.43,2025-12-02,2025-12-10,5,5,5,Champions,0
C002626,Email,South,82,2,520.85,260.43,2025-08-12,2025-10-11,3,5,5,Loyal Customers,0
C004332,Social,North,355,2,520.85,260.43,2024-04-09,2025-01-11,1,5,5,At Risk,1
C000429,Organic Search,West,20,3,520.83,173.61,2024-11-22,2025-12-12,5,5,5,Champions,0
C007741,Social,South,512,2,520.59,260.29,2024-06-28,2024-08-07,1,5,5,At Risk,1
C004083,Email,East,180,3,520.09,173.36,2025-05-17,2025-07-05,2,5,5,At Risk,1
C006868,Email,West,111,3,519.98,173.33,2025-07-03,2025-09-12,3,5,5,Loyal Customers,1
C006268,Paid Search,West,254,2,519.9,259.95,2025-02-11,2025-04-22,2,5,5,At Risk,1
C004280,Social,East,9,1,519.73,519.73,2025-12-23,2025-12-23,5,4,5,Champions,0
C005216,Paid Search,South,43,3,519.43,173.14,2025-10-04,2025-11-19,4,5,5,Champions,0
C003795,Paid Search,North,68,2,519.02,259.51,2025-09-07,2025-10-25,4,5,5,Champions,0
C008768,Paid Search,West,361,2,517.35,258.68,2024-07-16,2025-01-05,1,5,5,At Risk,1
C005550,Direct,South,150,1,516.49,516.49,2025-08-04,2025-08-04,3,4,5,Loyal Customers,1
C008576,Affiliate,North,351,2,514.9,257.45,2024-08-28,2025-01-15,1,5,5,At Risk,1
C007675,Paid Search,South,68,1,513.87,513.87,2025-10-25,2025-10-25,4,4,5,Champions,0
C007653,Email,North,3,3,512.65,170.88,2025-06-26,2025-12-29,5,5,5,Champions,0
C000406,Direct,East,6,5,512.54,102.51,2025-02-18,2025-12-26,5,5,5,Champions,0
C004339,Affiliate,North,17,3,511.91,170.64,2024-08-20,2025-12-15,5,5,5,Champions,0
C004947,Email,North,15,3,511.86,170.62,2025-07-07,2025-12-17,5,5,5,Champions,0
C002652,Email,South,10,3,511.74,170.58,2025-03-24,2025-12-22,5,5,5,Champions,0
C006408,Direct,West,159,1,511.65,511.65,2025-07-26,2025-07-26,3,4,5,Loyal Customers,1
C005593,Social,North,65,2,510.57,255.28,2025-07-30,2025-10-28,4,5,5,Champions,0
C006504,Affiliate,East,128,2,510.42,255.21,2024-05-12,2025-08-26,3,5,5,Loyal Customers,1
C008964,Affiliate,North,97,1,510.22,510.22,2025-09-26,2025-09-26,3,4,5,Loyal Customers,1
C008278,Email,East,36,2,510.2,255.1,2025-03-23,2025-11-26,4,5,5,Champions,0
C006458,Direct,East,21,4,509.45,127.36,2024-06-25,2025-12-11,5,5,5,Champions,0
C007615,Email,South,15,4,509.0,127.25,2025-04-13,2025-12-17,5,5,5,Champions,0
C005555,Organic Search,Central,483,1,508.92,508.92,2024-09-05,2024-09-05,1,4,5,At Risk,1
C002015,Affiliate,South,65,2,508.19,254.1,2025-07-18,2025-10-28,4,5,5,Champions,0
C006368,Paid Search,West,77,1,507.83,507.83,2025-10-16,2025-10-16,4,4,5,Champions,0
C005028,Organic Search,South,20,2,506.83,253.41,2025-07-09,2025-12-12,5,5,5,Champions,0
C004876,Email,North,156,4,506.82,126.7,2024-04-15,2025-07-29,3,5,5,Loyal Customers,1
C004207,Organic Search,West,37,1,506.75,506.75,2025-11-25,2025-11-25,4,4,5,Champions,0
C001340,Organic Search,South,433,2,506.67,253.34,2024-07-30,2024-10-25,1,5,5,At Risk,1
C008406,Paid Search,North,80,1,505.31,505.31,2025-10-13,2025-10-13,4,4,5,Champions,0
C003181,Paid Search,East,26,2,504.85,252.43,2025-08-22,2025-12-06,5,5,5,Champions,0
C006358,Email,North,172,2,503.22,251.61,2025-06-09,2025-07-13,2,5,5,At Risk,1
C006168,Affiliate,South,73,4,502.79,125.7,2025-04-06,2025-10-20,4,5,5,Champions,0
C005428,Affiliate,West,139,2,502.2,251.1,2025-01-08,2025-08-15,3,5,5,Loyal Customers,1
C003146,Paid Search,Central,109,1,502.0,502.0,2025-09-14,2025-09-14,3,4,5,Loyal Customers,1
C009775,Affiliate,West,7,3,500.96,166.99,2024-11-01,2025-12-25,5,5,5,Champions,0
C003201,Affiliate,East,34,1,500.62,500.62,2025-11-28,2025-11-28,5,4,5,Champions,0
C009611,Organic Search,North,49,4,500.25,125.06,2024-09-23,2025-11-13,4,5,5,Champions,0
C008026,Paid Search,South,14,2,499.81,249.91,2025-10-21,2025-12-18,5,5,5,Champions,0
C009603,Social,East,324,2,499.81,249.9,2024-02-07,2025-02-11,1,5,5,At Risk,1
C004993,Email,East,34,1,499.43,499.43,2025-11-28,2025-11-28,5,4,5,Champions,0
C005088,Organic Search,South,193,2,497.94,248.97,2025-03-04,2025-06-22,2,5,5,At Risk,1
C008007,Affiliate,North,2,3,496.65,165.55,2025-11-10,2025-12-30,5,5,5,Champions,0
C000132,Organic Search,East,3,4,496.1,124.02,2025-10-14,2025-12-29,5,5,5,Champions,0
C001619,Social,North,209,1,495.9,495.9,2025-06-06,2025-06-06,2,4,5,At Risk,1
C008970,Organic Search,North,128,2,495.68,247.84,2025-05-08,2025-08-26,3,5,5,Loyal Customers,1
C008423,Email,Central,5,2,495.01,247.5,2025-11-22,2025-12-27,5,5,5,Champions,0
C001625,Organic Search,South,13,2,494.81,247.4,2025-09-11,2025-12-19,5,5,5,Champions,0
C005657,Affiliate,East,168,4,493.96,123.49,2024-09-14,2025-07-17,2,5,5,At Risk,1
C002956,Organic Search,South,28,2,493.35,246.68,2025-10-16,2025-12-04,5,5,5,Champions,0
C000668,Direct,North,117,3,492.8,164.27,2024-03-27,2025-09-06,3,5,5,Loyal Customers,1
C007687,Paid Search,South,57,2,491.75,245.88,2024-03-21,2025-11-05,4,5,5,Champions,0
C003348,Email,North,114,2,491.72,245.86,2025-08-12,2025-09-09,3,5,5,Loyal Customers,1
C002178,Email,North,2,3,490.79,163.6,2025-12-03,2025-12-30,5,5,5,Champions,0
C001966,Email,West,256,4,490.38,122.59,2024-06-10,2025-04-20,2,5,5,At Risk,1
C000434,Affiliate,North,61,2,490.19,245.1,2025-07-12,2025-11-01,4,5,5,Champions,0
C009374,Organic Search,North,207,2,489.49,244.75,2024-11-30,2025-06-08,2,5,5,At Risk,1
C004742,Affiliate,South,21,3,488.93,162.98,2025-10-07,2025-12-11,5,5,5,Champions,0
C007093,Affiliate,North,11,1,487.77,487.77,2025-12-21,2025-12-21,5,4,5,Champions,0
C004003,Direct,North,49,3,487.09,162.36,2025-06-12,2025-11-13,4,5,5,Champions,0
C001068,Affiliate,East,210,2,486.35,243.18,2025-05-20,2025-06-05,2,5,5,At Risk,1
C005882,Paid Search,South,162,2,485.98,242.99,2025-07-22,2025-07-23,2,5,5,At Risk,1
C009951,Paid Search,West,13,4,485.78,121.44,2024-11-27,2025-12-19,5,5,5,Champions,0
C004636,Affiliate,West,141,2,485.1,242.55,2025-03-08,2025-08-13,3,5,5,Loyal Customers,1
C000217,Paid Search,West,364,1,485.1,485.1,2025-01-02,2025-01-02,1,4,5,At Risk,1
C008351,Email,East,242,1,483.41,483.41,2025-05-04,2025-05-04,2,4,5,At Risk,1
C005009,Affiliate,East,438,1,483.09,483.09,2024-10-20,2024-10-20,1,4,5,At Risk,1
C006845,Email,North,518,2,482.95,241.47,2024-06-02,2024-08-01,1,5,5,At Risk,1
C008530,Paid Search,South,123,2,482.16,241.08,2025-07-31,2025-08-31,3,5,5,Loyal Customers,1
C005166,Email,East,55,3,481.99,160.66,2025-04-07,2025-11-07,4,5,5,Champions,0
C001352,Paid Search,North,63,2,480.72,240.36,2025-05-07,2025-10-30,4,5,5,Champions,0
C009174,Organic Search,West,7,2,480.56,240.28,2025-08-06,2025-12-25,5,5,5,Champions,0
C009469,Paid Search,North,170,2,479.62,239.81,2025-01-09,2025-07-15,2,5,5,At Risk,1
C001515,Organic Search,East,153,3,478.89,159.63,2025-05-29,2025-08-01,3,5,5,Loyal Customers,1
C004418,Paid Search,West,36,4,478.8,119.7,2024-12-28,2025-11-26,4,5,5,Champions,0
C009170,Social,South,24,2,478.03,239.01,2025-08-13,2025-12-08,5,5,5,Champions,0
C009731,Affiliate,South,122,1,477.61,477.61,2025-09-01,2025-09-01,3,4,5,Loyal Customers,1
C009089,Organic Search,North,164,1,476.54,476.54,2025-07-21,2025-07-21,2,4,5,At Risk,1
C004627,Email,North,269,3,475.55,158.52,2024-01-16,2025-04-07,2,5,5,At Risk,1
C006202,Organic Search,South,204,2,475.0,237.5,2024-07-02,2025-06-11,2,5,5,At Risk,1
C005866,Organic Search,South,399,1,474.72,474.72,2024-11-28,2024-11-28,1,4,5,At Risk,1
C007691,Email,West,147,3,474.22,158.07,2025-04-17,2025-08-07,3,5,5,Loyal Customers,1
C005186,Affiliate,East,104,1,473.23,473.23,2025-09-19,2025-09-19,3,4,5,Loyal Customers,1
C007892,Organic Search,East,67,2,473.1,236.55,2025-10-07,2025-10-26,4,5,5,Champions,0
C008858,Paid Search,North,66,2,473.06,236.53,2025-09-01,2025-10-27,4,5,5,Champions,0
C005384,Affiliate,West,301,1,472.51,472.51,2025-03-06,2025-03-06,1,4,5,At Risk,1
C005064,Organic Search,West,91,1,471.84,471.84,2025-10-02,2025-10-02,3,4,5,Loyal Customers,1
C000493,Direct,Central,39,1,470.42,470.42,2025-11-23,2025-11-23,4,4,5,Champions,0
C002376,Email,West,38,2,470.3,235.15,2025-05-27,2025-11-24,4,5,5,Champions,0
C009418,Paid Search,East,137,1,469.25,469.25,2025-08-17,2025-08-17,3,4,5,Loyal Customers,1
C004256,Organic Search,West,77,2,468.88,234.44,2025-08-04,2025-10-16,4,5,5,Champions,0
C000016,Direct,South,22,3,468.39,156.13,2025-11-24,2025-12-10,5,5,5,Champions,0
C007708,Paid Search,South,94,3,468.29,156.1,2025-05-07,2025-09-29,3,5,5,Loyal Customers,1
C002431,Organic Search,North,1,3,467.69,155.9,2025-11-15,2025-12-31,5,5,5,Champions,0
C007986,Direct,West,77,4,467.14,116.78,2025-05-31,2025-10-16,4,5,5,Champions,0
C005819,Email,South,28,1,466.83,466.83,2025-12-04,2025-12-04,5,4,5,Champions,0
C003580,Paid Search,West,392,1,466.23,466.23,2024-12-05,2024-12-05,1,4,5,At Risk,1
C003997,Paid Search,West,170,3,466.1,155.37,2024-11-06,2025-07-15,2,5,5,At Risk,1
C008937,Email,South,234,1,465.06,465.06,2025-05-12,2025-05-12,2,4,5,At Risk,1
C008643,Direct,West,53,2,464.81,232.41,2025-11-07,2025-11-09,4,5,5,Champions,0
C003691,Paid Search,West,44,3,464.41,154.8,2025-07-26,2025-11-18,4,5,5,Champions,0
C008091,Email,South,67,5,464.33,92.87,2024-10-26,2025-10-26,4,5,5,Champions,0
C004072,Direct,Central,71,1,463.62,463.62,2025-10-22,2025-10-22,4,4,5,Champions,0
C007797,Direct,South,166,1,463.59,463.59,2025-07-19,2025-07-19,2,4,5,At Risk,1
C004771,Organic Search,Central,116,4,463.27,115.82,2025-01-08,2025-09-07,3,5,5,Loyal Customers,1
C006285,Affiliate,North,67,1,463.23,463.23,2025-10-26,2025-10-26,4,4,5,Champions,0
C009589,Organic Search,East,38,3,462.79,154.26,2025-03-16,2025-11-24,4,5,5,Champions,0
C008060,Affiliate,East,108,2,462.76,231.38,2025-09-01,2025-09-15,3,5,5,Loyal Customers,1
C008659,Paid Search,North,23,1,462.51,462.51,2025-12-09,2025-12-09,5,4,5,Champions,0
C006744,Affiliate,West,25,4,462.45,115.61,2025-01-14,2025-12-07,5,5,5,Champions,0
C001687,Direct,South,65,2,462.25,231.13,2025-08-13,2025-10-28,4,5,5,Champions,0
C002397,Organic Search,South,21,4,461.4,115.35,2025-05-24,2025-12-11,5,5,5,Champions,0
C000301,Organic Search,West,422,1,461.06,461.06,2024-11-05,2024-11-05,1,4,5,At Risk,1
C006974,Organic Search,North,37,2,461.04,230.52,2024-12-17,2025-11-25,4,5,5,Champions,0
C002841,Organic Search,West,16,4,460.97,115.24,2025-12-03,2025-12-16,5,5,5,Champions,0
C009602,Organic Search,West,398,1,460.63,460.63,2024-11-29,2024-11-29,1,4,5,At Risk,1
C008538,Organic Search,North,33,1,460.0,460.0,2025-11-29,2025-11-29,5,4,5,Champions,0
C000123,Organic Search,West,120,2,459.51,229.75,2025-05-27,2025-09-03,3,5,5,Loyal Customers,1
C007736,Social,South,33,3,459.42,153.14,2025-09-17,2025-11-29,5,5,5,Champions,0
C008168,Email,North,339,2,459.33,229.67,2024-09-30,2025-01-27,1,5,5,At Risk,1
C004307,Organic Search,North,392,2,457.15,228.57,2024-11-19,2024-12-05,1,5,5,At Risk,1
C008929,Affiliate,South,272,2,457.06,228.53,2024-03-28,2025-04-04,2,5,5,At Risk,1
C007050,Direct,South,20,2,456.95,228.48,2024-07-23,2025-12-12,5,5,5,Champions,0
C004941,Direct,East,24,2,456.94,228.47,2025-03-31,2025-12-08,5,5,5,Champions,0
C006444,Affiliate,West,201,1,456.69,456.69,2025-06-14,2025-06-14,2,4,5,At Risk,1
C008711,Email,East,160,1,455.09,455.09,2025-07-25,2025-07-25,3,4,5,Loyal Customers,1
C004148,Affiliate,East,129,1,454.81,454.81,2025-08-25,2025-08-25,3,4,5,Loyal Customers,1
C001791,Social,East,23,4,454.4,113.6,2025-08-20,2025-12-09,5,5,5,Champions,0
C007086,Paid Search,East,218,2,454.31,227.16,2024-12-04,2025-05-28,2,5,5,At Risk,1
C001947,Direct,West,16,3,454.2,151.4,2025-11-29,2025-12-16,5,5,5,Champions,0
C009363,Affiliate,Central,256,1,454.16,454.16,2025-04-20,2025-04-20,2,4,5,At Risk,1
C000874,Email,South,283,2,453.75,226.88,2024-07-23,2025-03-24,2,5,5,At Risk,1
C006390,Organic Search,West,5,2,453.31,226.66,2025-08-27,2025-12-27,5,5,5,Champions,0
C004897,Email,South,322,1,453.04,453.04,2025-02-13,2025-02-13,1,4,5,At Risk,1
C005322,Direct,Central,24,2,452.97,226.48,2025-11-24,2025-12-08,5,5,5,Champions,0
C001042,Paid Search,Central,1,3,452.61,150.87,2025-10-09,2025-12-31,5,5,5,Champions,0
C007200,Affiliate,East,3,2,451.84,225.92,2025-04-17,2025-12-29,5,5,5,Champions,0
C007580,Affiliate,South,249,2,451.27,225.63,2025-04-08,2025-04-27,2,5,5,At Risk,1
C005836,Email,West,46,1,450.46,450.46,2025-11-16,2025-11-16,4,4,5,Champions,0
C005636,Email,Central,37,2,450.17,225.08,2025-08-20,2025-11-25,4,5,5,Champions,0
C003647,Paid Search,South,224,1,450.1,450.1,2025-05-22,2025-05-22,2,4,5,At Risk,1
C003471,Paid Search,South,20,3,449.83,149.94,2025-10-17,2025-12-12,5,5,5,Champions,0
C003622,Affiliate,South,26,2,449.48,224.74,2025-11-12,2025-12-06,5,5,5,Champions,0
C005330,Affiliate,South,207,1,448.89,448.89,2025-06-08,2025-06-08,2,4,5,At Risk,1
C004774,Social,South,304,2,448.32,224.16,2024-10-26,2025-03-03,1,5,5,At Risk,1
C000785,Paid Search,West,47,1,448.09,448.09,2025-11-15,2025-11-15,4,4,5,Champions,0
C007313,Social,South,132,5,447.09,89.42,2025-02-18,2025-08-22,3,5,5,Loyal Customers,1
C007099,Direct,South,429,1,446.95,446.95,2024-10-29,2024-10-29,1,4,5,At Risk,1
C005489,Social,South,95,1,446.6,446.6,2025-09-28,2025-09-28,3,4,5,Loyal Customers,1
C005676,Email,East,13,3,445.59,148.53,2025-02-13,2025-12-19,5,5,5,Champions,0
C001858,Email,South,45,5,445.36,89.07,2025-09-25,2025-11-17,4,5,5,Champions,0
C007316,Organic Search,West,60,3,445.19,148.4,2025-04-03,2025-11-02,4,5,5,Champions,0
C007462,Social,North,273,1,445.05,445.05,2025-04-03,2025-04-03,2,4,5,At Risk,1
C002800,Email,East,13,3,444.65,148.22,2025-12-04,2025-12-19,5,5,5,Champions,0
C008234,Paid Search,Central,47,2,444.59,222.29,2025-09-30,2025-11-15,4,5,5,Champions,0
C002898,Organic Search,West,36,1,444.46,444.46,2025-11-26,2025-11-26,4,4,5,Champions,0
C007051,Affiliate,North,1,2,444.08,222.04,2025-10-31,2025-12-31,5,5,5,Champions,0
C002874,Social,South,416,1,444.08,444.08,2024-11-11,2024-11-11,1,4,5,At Risk,1
C001890,Affiliate,South,67,2,443.44,221.72,2025-10-22,2025-10-26,4,5,5,Champions,0
C002533,Organic Search,East,93,2,443.15,221.58,2025-09-06,2025-09-30,3,5,5,Loyal Customers,1
C001541,Direct,West,206,5,442.52,88.5,2024-09-09,2025-06-09,2,5,5,At Risk,1
C006630,Organic Search,East,360,3,442.34,147.45,2024-06-30,2025-01-06,1,5,5,At Risk,1
C003447,Paid Search,Central,8,4,442.33,110.58,2024-08-01,2025-12-24,5,5,5,Champions,0
C000660,Affiliate,South,46,2,442.11,221.06,2025-10-15,2025-11-16,4,5,5,Champions,0
C001648,Paid Search,West,83,4,441.89,110.47,2025-06-06,2025-10-10,3,5,5,Loyal Customers,0
C009845,Affiliate,West,217,2,441.72,220.86,2024-05-09,2025-05-29,2,5,5,At Risk,1
C009952,Affiliate,North,94,2,439.86,219.93,2025-09-15,2025-09-29,3,5,5,Loyal Customers,1
C003763,Email,West,79,2,439.42,219.71,2025-08-21,2025-10-14,4,5,5,Champions,0
C001325,Organic Search,South,64,3,438.79,146.26,2025-09-10,2025-10-29,4,5,5,Champions,0
C001387,Organic Search,East,15,3,438.22,146.07,2025-10-02,2025-12-17,5,5,5,Champions,0
C008283,Social,South,706,1,437.76,437.76,2024-01-26,2024-01-26,1,4,5,At Risk,1
C008750,Email,North,50,3,437.44,145.81,2024-09-14,2025-11-12,4,5,5,Champions,0
C008031,Direct,North,189,2,436.91,218.45,2025-05-28,2025-06-26,2,5,5,At Risk,1
C009546,Email,South,45,4,436.52,109.13,2024-11-28,2025-11-17,4,5,5,Champions,0
C006180,Affiliate,South,38,2,436.46,218.23,2025-10-07,2025-11-24,4,5,5,Champions,0
C001280,Organic Search,North,355,1,436.34,436.34,2025-01-11,2025-01-11,1,4,5,At Risk,1
C009385,Email,South,121,2,436.17,218.09,2025-08-28,2025-09-02,3,5,5,Loyal Customers,1
C001699,Affiliate,North,99,1,436.12,436.12,2025-09-24,2025-09-24,3,4,5,Loyal Customers,1
C002545,Social,North,224,1,436.02,436.02,2025-05-22,2025-05-22,2,4,5,At Risk,1
C009864,Email,East,11,3,434.29,144.76,2025-11-09,2025-12-21,5,5,5,Champions,0
C002840,Email,West,35,2,434.15,217.07,2025-11-23,2025-11-27,4,5,5,Champions,0
C003636,Affiliate,West,193,2,433.62,216.81,2025-03-26,2025-06-22,2,5,5,At Risk,1
C004050,Social,East,151,3,433.51,144.5,2025-05-03,2025-08-03,3,5,5,Loyal Customers,1
C006013,Direct,West,178,2,433.26,216.63,2025-03-20,2025-07-07,2,5,5,At Risk,1
C006220,Paid Search,South,108,2,432.9,216.45,2025-01-29,2025-09-15,3,5,5,Loyal Customers,1
C005468,Organic Search,West,33,2,432.79,216.4,2025-10-18,2025-11-29,5,5,5,Champions,0
C004849,Email,West,14,4,432.58,108.14,2025-11-27,2025-12-18,5,5,5,Champions,0
C002469,Affiliate,North,8,2,432.49,216.25,2025-05-22,2025-12-24,5,5,5,Champions,0
C000520,Email,North,67,1,432.35,432.35,2025-10-26,2025-10-26,4,4,5,Champions,0
C008344,Email,South,58,4,431.44,107.86,2024-12-09,2025-11-04,4,5,5,Champions,0
C004785,Organic Search,North,71,1,431.14,431.14,2025-10-22,2025-10-22,4,4,5,Champions,0
C008579,Paid Search,Central,131,3,431.12,143.71,2024-07-04,2025-08-23,3,5,5,Loyal Customers,1
C000577,Direct,East,393,1,430.48,430.48,2024-12-04,2024-12-04,1,4,5,At Risk,1
C004759,Email,West,149,1,430.35,430.35,2025-08-05,2025-08-05,3,4,5,Loyal Customers,1
C007334,Social,Central,147,1,430.28,430.28,2025-08-07,2025-08-07,3,4,5,Loyal Customers,1
C001702,Organic Search,West,75,2,430.02,215.01,2025-10-16,2025-10-18,4,5,5,Champions,0
C004461,Organic Search,South,561,1,429.76,429.76,2024-06-19,2024-06-19,1,4,5,At Risk,1
C001288,Social,South,20,2,429.69,214.84,2025-11-15,2025-12-12,5,5,5,Champions,0
C003938,Direct,Central,292,1,429.58,429.58,2025-03-15,2025-03-15,1,4,5,At Risk,1
C008544,Affiliate,North,7,2,429.26,214.63,2025-09-27,2025-12-25,5,5,5,Champions,0
C001104,Paid Search,North,404,2,428.6,214.3,2024-10-18,2024-11-23,1,5,5,At Risk,1
C003771,Paid Search,North,12,2,427.87,213.94,2025-09-14,2025-12-20,5,5,5,Champions,0
C000807,Affiliate,East,2,4,427.61,106.9,2025-11-29,2025-12-30,5,5,5,Champions,0
C007234,Social,South,145,1,427.18,427.18,2025-08-09,2025-08-09,3,4,5,Loyal Customers,1
C005877,Direct,Central,392,1,427.05,427.05,2024-12-05,2024-12-05,1,4,5,At Risk,1
C004117,Email,North,11,2,425.98,212.99,2025-12-10,2025-12-21,5,5,5,Champions,0
C001627,Organic Search,South,137,2,425.06,212.53,2024-04-15,2025-08-17,3,5,5,Loyal Customers,1
C004192,Social,East,1,3,424.76,141.59,2025-01-22,2025-12-31,5,5,5,Champions,0
C002351,Paid Search,West,178,2,424.55,212.28,2025-06-05,2025-07-07,2,5,5,At Risk,1
C009816,Organic Search,West,410,2,424.14,212.07,2024-06-02,2024-11-17,1,5,5,At Risk,1
C003283,Direct,South,20,2,424.12,212.06,2025-03-14,2025-12-12,5,5,5,Champions,0
C007663,Affiliate,Central,9,2,424.0,212.0,2025-11-15,2025-12-23,5,5,5,Champions,0
C008074,Paid Search,South,44,2,423.92,211.96,2025-10-30,2025-11-18,4,5,5,Champions,0
C007942,Organic Search,South,68,2,423.67,211.84,2025-08-13,2025-10-25,4,5,5,Champions,0
C001563,Organic Search,East,144,1,423.12,423.12,2025-08-10,2025-08-10,3,4,5,Loyal Customers,1
C007934,Social,West,318,1,423.05,423.05,2025-02-17,2025-02-17,1,4,5,At Risk,1
C004158,Affiliate,West,418,1,422.96,422.96,2024-11-09,2024-11-09,1,4,5,At Risk,1
C000704,Affiliate,East,58,1,422.73,422.73,2025-11-04,2025-11-04,4,4,5,Champions,0
C003903,Paid Search,East,87,1,422.57,422.57,2025-10-06,2025-10-06,3,4,5,Loyal Customers,0
C000389,Social,West,8,3,422.5,140.83,2025-07-29,2025-12-24,5,5,5,Champions,0
C008369,Direct,South,219,3,421.84,140.61,2024-12-04,2025-05-27,2,5,5,At Risk,1
C006521,Direct,North,291,2,421.83,210.91,2024-07-31,2025-03-16,1,5,5,At Risk,1
C007463,Social,West,186,2,421.62,210.81,2025-02-26,2025-06-29,2,5,5,At Risk,1
C001742,Social,South,74,2,421.53,210.76,2024-12-07,2025-10-19,4,5,5,Champions,0
C003982,Social,South,7,4,421.34,105.34,2025-10-29,2025-12-25,5,5,5,Champions,0
C004660,Organic Search,West,1,3,420.88,140.29,2025-07-15,2025-12-31,5,5,5,Champions,0
C009721,Email,East,163,3,420.31,140.1,2025-05-09,2025-07-22,2,5,5,At Risk,1
C003710,Affiliate,East,136,2,420.13,210.06,2024-07-01,2025-08-18,3,5,5,Loyal Customers,1
C000079,Social,North,220,1,420.04,420.04,2025-05-26,2025-05-26,2,4,5,At Risk,1
C006869,Paid Search,Central,61,2,420.01,210.0,2025-10-24,2025-11-01,4,5,5,Champions,0
C004914,Affiliate,North,50,1,419.62,419.62,2025-11-12,2025-11-12,4,4,5,Champions,0
C008380,Email,South,60,2,419.59,209.8,2025-10-24,2025-11-02,4,5,5,Champions,0
C009338,Social,North,270,2,419.55,209.77,2024-05-17,2025-04-06,2,5,5,At Risk,1
C001950,Organic Search,East,190,4,419.2,104.8,2025-03-18,2025-06-25,2,5,5,At Risk,1
C000821,Affiliate,West,76,3,419.17,139.72,2025-08-19,2025-10-17,4,5,5,Champions,0
C008731,Paid Search,South,266,1,418.64,418.64,2025-04-10,2025-04-10,2,4,5,At Risk,1
C000261,Paid Search,West,22,2,418.46,209.23,2025-11-13,2025-12-10,5,5,5,Champions,0
C000707,Social,West,110,1,417.44,417.44,2025-09-13,2025-09-13,3,4,5,Loyal Customers,1
C002715,Social,East,82,1,417.19,417.19,2025-10-11,2025-10-11,3,4,5,Loyal Customers,0
C005769,Organic Search,South,36,2,416.97,208.49,2025-04-02,2025-11-26,4,5,5,Champions,0
C001773,Direct,Central,212,4,416.59,104.15,2024-05-17,2025-06-03,2,5,5,At Risk,1
C002793,Paid Search,East,29,1,416.31,416.31,2025-12-03,2025-12-03,5,4,5,Champions,0
C002252,Direct,East,11,3,415.78,138.59,2024-10-20,2025-12-21,5,5,5,Champions,0
C001851,Affiliate,South,48,2,415.24,207.62,2025-05-29,2025-11-14,4,5,5,Champions,0
C005444,Social,East,63,2,413.81,206.91,2025-10-08,2025-10-30,4,5,5,Champions,0
C008033,Organic Search,North,74,2,413.77,206.88,2025-10-12,2025-10-19,4,5,5,Champions,0
C003947,Email,West,563,1,413.38,413.38,2024-06-17,2024-06-17,1,4,5,At Risk,1
C004238,Organic Search,East,250,3,413.35,137.78,2024-08-30,2025-04-26,2,5,5,At Risk,1
C005900,Organic Search,West,93,1,413.26,413.26,2025-09-30,2025-09-30,3,4,5,Loyal Customers,1
C005823,Email,East,26,2,412.22,206.11,2025-02-12,2025-12-06,5,5,5,Champions,0
C007554,Email,South,103,1,412.21,412.21,2025-09-20,2025-09-20,3,4,5,Loyal Customers,1
C003248,Social,West,100,1,412.13,412.13,2025-09-23,2025-09-23,3,4,5,Loyal Customers,1
C007427,Email,West,346,1,411.77,411.77,2025-01-20,2025-01-20,1,4,5,At Risk,1
C001465,Paid Search,Central,401,2,410.69,205.35,2024-11-18,2024-11-26,1,5,5,At Risk,1
C006486,Social,East,18,2,410.68,205.34,2025-11-26,2025-12-14,5,5,5,Champions,0
C005534,Paid Search,South,413,2,410.5,205.25,2024-10-04,2024-11-14,1,5,5,At Risk,1
C004376,Paid Search,West,283,2,410.29,205.14,2024-05-14,2025-03-24,2,5,5,At Risk,1
C009287,Paid Search,East,77,1,410.28,410.28,2025-10-16,2025-10-16,4,4,5,Champions,0
C005917,Affiliate,West,55,1,410.18,410.18,2025-11-07,2025-11-07,4,4,5,Champions,0
C000129,Organic Search,West,58,1,410.11,410.11,2025-11-04,2025-11-04,4,4,5,Champions,0
C000233,Organic Search,North,40,2,409.64,204.82,2025-10-28,2025-11-22,4,5,5,Champions,0
C004781,Affiliate,South,257,1,409.11,409.11,2025-04-19,2025-04-19,2,4,5,At Risk,1
C008064,Affiliate,East,180,1,408.86,408.86,2025-07-05,2025-07-05,2,4,5,At Risk,1
C004271,Organic Search,North,475,1,408.48,408.48,2024-09-13,2024-09-13,1,4,5,At Risk,1
C008668,Email,East,12,3,408.46,136.15,2024-09-21,2025-12-20,5,5,5,Champions,0
C009241,Affiliate,South,61,2,406.6,203.3,2025-08-02,2025-11-01,4,5,5,Champions,0
C006885,Paid Search,East,105,2,406.05,203.02,2025-02-06,2025-09-18,3,5,5,Loyal Customers,1
C001922,Email,South,326,2,405.87,202.94,2024-09-10,2025-02-09,1,5,5,At Risk,1
C005408,Email,West,94,2,405.72,202.86,2025-09-10,2025-09-29,3,5,5,Loyal Customers,1
C008029,Social,North,21,2,405.15,202.57,2025-09-18,2025-12-11,5,5,5,Champions,0
C006968,Organic Search,West,75,2,404.7,202.35,2025-05-01,2025-10-18,4,5,5,Champions,0
C003413,Direct,North,79,1,404.33,404.33,2025-10-14,2025-10-14,4,4,5,Champions,0
C000339,Direct,West,20,2,404.28,202.14,2025-08-14,2025-12-12,5,5,5,Champions,0
C004782,Email,North,309,1,404.22,404.22,2025-02-26,2025-02-26,1,4,5,At Risk,1
C000239,Email,West,257,1,404.2,404.2,2025-04-19,2025-04-19,2,4,5,At Risk,1
C005363,Direct,West,23,2,404.11,202.06,2025-11-02,2025-12-09,5,5,5,Champions,0
C005124,Email,North,365,1,404.02,404.02,2025-01-01,2025-01-01,1,4,5,At Risk,1
C006209,Email,West,207,2,403.01,201.5,2024-11-16,2025-06-08,2,5,5,At Risk,1
C005774,Direct,North,382,1,402.68,402.68,2024-12-15,2024-12-15,1,4,5,At Risk,1
C009016,Direct,North,602,1,402.31,402.31,2024-05-09,2024-05-09,1,4,5,At Risk,1
C004263,Social,South,238,2,402.05,201.03,2025-02-01,2025-05-08,2,5,5,At Risk,1
C004987,Affiliate,Central,54,1,402.04,402.04,2025-11-08,2025-11-08,4,4,5,Champions,0
C008798,Social,North,477,1,401.16,401.16,2024-09-11,2024-09-11,1,4,5,At Risk,1
C004516,Organic Search,South,461,3,400.58,133.53,2024-02-28,2024-09-27,1,5,5,At Risk,1
C000534,Direct,Central,110,1,400.44,400.44,2025-09-13,2025-09-13,3,4,5,Loyal Customers,1
C005083,Email,South,16,3,399.61,133.2,2024-05-18,2025-12-16,5,5,5,Champions,0
C002347,Social,East,58,2,398.99,199.5,2025-10-08,2025-11-04,4,5,5,Champions,0
C005222,Affiliate,North,103,1,398.54,398.54,2025-09-20,2025-09-20,3,4,5,Loyal Customers,1
C004839,Social,West,75,2,398.37,199.19,2025-02-26,2025-10-18,4,5,5,Champions,0
C000368,Social,Central,446,1,398.29,398.29,2024-10-12,2024-10-12,1,4,5,At Risk,1
C005838,Social,North,239,2,397.9,198.95,2024-11-14,2025-05-07,2,5,5,At Risk,1
C007612,Organic Search,East,12,2,397.32,198.66,2024-05-15,2025-12-20,5,5,5,Champions,0
C005560,Paid Search,West,166,1,397.04,397.04,2025-07-19,2025-07-19,2,4,5,At Risk,1
C005764,Direct,East,153,1,396.86,396.86,2025-08-01,2025-08-01,3,4,5,Loyal Customers,1
C007513,Paid Search,West,54,3,396.66,132.22,2025-09-15,2025-11-08,4,5,5,Champions,0
C001503,Organic Search,South,503,1,396.15,396.15,2024-08-16,2024-08-16,1,4,5,At Risk,1
C001485,Direct,Central,244,1,395.89,395.89,2025-05-02,2025-05-02,2,4,5,At Risk,1
C001405,Paid Search,West,278,2,393.86,196.93,2025-01-31,2025-03-29,2,5,5,At Risk,1
C009958,Paid Search,West,98,3,393.68,131.23,2025-09-17,2025-09-25,3,5,5,Loyal Customers,1
C002040,Email,East,143,1,393.43,393.43,2025-08-11,2025-08-11,3,4,5,Loyal Customers,1
C000944,Email,South,62,1,393.31,393.31,2025-10-31,2025-10-31,4,4,5,Champions,0
C000607,Organic Search,East,45,1,392.78,392.78,2025-11-17,2025-11-17,4,4,5,Champions,0
C002081,Affiliate,South,129,2,392.56,196.28,2024-12-16,2025-08-25,3,5,5,Loyal Customers,1
C001507,Paid Search,East,110,2,392.46,196.23,2025-02-22,2025-09-13,3,5,5,Loyal Customers,1
C007110,Affiliate,West,40,1,392.23,392.23,2025-11-22,2025-11-22,4,4,5,Champions,0
C008962,Paid Search,South,9,2,392.1,196.05,2025-10-30,2025-12-23,5,5,5,Champions,0
C006552,Email,South,4,1,391.7,391.7,2025-12-28,2025-12-28,5,4,5,Champions,0
C003889,Email,East,115,3,391.65,130.55,2024-07-29,2025-09-08,3,5,5,Loyal Customers,1
C009939,Email,East,34,2,391.49,195.75,2024-11-22,2025-11-28,5,5,5,Champions,0
C005639,Organic Search,West,11,1,391.26,391.26,2025-12-21,2025-12-21,5,4,5,Champions,0
C003916,Organic Search,South,78,2,390.55,195.28,2025-01-27,2025-10-15,4,5,5,Champions,0
C008013,Affiliate,Central,268,1,390.13,390.13,2025-04-08,2025-04-08,2,4,5,At Risk,1
C002358,Social,South,13,2,389.73,194.86,2025-12-08,2025-12-19,5,5,5,Champions,0
C006017,Paid Search,West,147,2,389.32,194.66,2024-08-18,2025-08-07,3,5,5,Loyal Customers,1
C004652,Paid Search,West,62,3,389.11,129.7,2024-05-11,2025-10-31,4,5,5,Champions,0
C008863,Affiliate,North,187,1,388.98,388.98,2025-06-28,2025-06-28,2,4,5,At Risk,1
C004188,Affiliate,West,56,2,388.56,194.28,2025-04-29,2025-11-06,4,5,5,Champions,0
C007995,Affiliate,West,176,1,388.32,388.32,2025-07-09,2025-07-09,2,4,5,At Risk,1
C008626,Direct,West,58,1,388.09,388.09,2025-11-04,2025-11-04,4,4,5,Champions,0
C003894,Organic Search,North,407,1,388.01,388.01,2024-11-20,2024-11-20,1,4,5,At Risk,1
C001266,Paid Search,West,17,2,387.59,193.8,2025-12-02,2025-12-15,5,5,5,Champions,0
C000084,Email,West,2,2,387.31,193.65,2025-12-21,2025-12-30,5,5,5,Champions,0
C004354,Organic Search,West,163,2,387.18,193.59,2025-06-08,2025-07-22,2,5,5,At Risk,1
C005471,Email,Central,43,1,386.88,386.88,2025-11-19,2025-11-19,4,4,5,Champions,0
C006814,Social,West,246,2,386.82,193.41,2024-06-21,2025-04-30,2,5,5,At Risk,1
C009648,Email,South,89,1,386.6,386.6,2025-10-04,2025-10-04,3,4,5,Loyal Customers,0
C002401,Affiliate,North,12,1,386.49,386.49,2025-12-20,2025-12-20,5,4,5,Champions,0
C008555,Social,West,121,1,385.88,385.88,2025-09-02,2025-09-02,3,4,5,Loyal Customers,1
C003604,Email,South,181,3,385.29,128.43,2024-12-13,2025-07-04,2,5,5,At Risk,1
C000857,Email,East,69,4,384.95,96.24,2024-11-17,2025-10-24,4,5,5,Champions,0
C007041,Paid Search,Central,124,2,384.94,192.47,2025-08-29,2025-08-30,3,5,5,Loyal Customers,1
C003110,Affiliate,East,29,2,384.84,192.42,2025-10-26,2025-12-03,5,5,5,Champions,0
C005618,Direct,North,60,1,384.53,384.53,2025-11-02,2025-11-02,4,4,5,Champions,0
C004455,Social,North,20,1,384.35,384.35,2025-12-12,2025-12-12,5,4,5,Champions,0
C003147,Affiliate,East,80,3,384.23,128.08,2025-01-21,2025-10-13,4,5,5,Champions,0
C001843,Paid Search,West,78,1,384.01,384.01,2025-10-15,2025-10-15,4,4,5,Champions,0
C007348,Direct,South,302,2,383.87,191.94,2024-10-24,2025-03-05,1,5,5,At Risk,1
C004895,Email,East,20,2,383.75,191.88,2025-02-26,2025-12-12,5,5,5,Champions,0
C003018,Paid Search,West,49,1,383.74,383.74,2025-11-13,2025-11-13,4,4,5,Champions,0
C003827,Social,South,254,3,383.53,127.84,2024-11-10,2025-04-22,2,5,5,At Risk,1
C002175,Paid Search,South,157,2,383.32,191.66,2025-04-02,2025-07-28,3,5,5,Loyal Customers,1
C008261,Affiliate,South,8,2,382.94,191.47,2025-07-16,2025-12-24,5,5,5,Champions,0
C000050,Direct,West,99,3,382.84,127.61,2024-10-15,2025-09-24,3,5,5,Loyal Customers,1
C001863,Organic Search,West,257,1,382.64,382.64,2025-04-19,2025-04-19,2,4,5,At Risk,1
C006078,Organic Search,South,178,2,382.48,191.24,2025-03-22,2025-07-07,2,5,5,At Risk,1
C006377,Direct,South,94,3,382.25,127.42,2025-05-03,2025-09-29,3,5,5,Loyal Customers,1
C001281,Direct,South,169,1,382.02,382.02,2025-07-16,2025-07-16,2,4,5,At Risk,1
C005378,Affiliate,East,63,1,381.65,381.65,2025-10-30,2025-10-30,4,4,5,Champions,0
C009595,Affiliate,South,142,1,381.36,381.36,2025-08-12,2025-08-12,3,4,5,Loyal Customers,1
C001027,Affiliate,North,531,2,380.48,190.24,2024-05-03,2024-07-19,1,5,5,At Risk,1
C006455,Direct,Central,46,2,380.11,190.06,2025-10-14,2025-11-16,4,5,5,Champions,0
C005069,Paid Search,South,253,1,380.1,380.1,2025-04-23,2025-04-23,2,4,5,At Risk,1
C000890,Organic Search,East,297,3,379.93,126.64,2025-02-05,2025-03-10,1,5,5,At Risk,1
C003405,Organic Search,East,78,2,379.9,189.95,2025-10-03,2025-10-15,4,5,5,Champions,0
C001384,Organic Search,North,2,2,379.49,189.75,2025-03-19,2025-12-30,5,5,5,Champions,0
C004023,Email,South,335,2,379.29,189.65,2024-07-25,2025-01-31,1,5,5,At Risk,1
C003832,Affiliate,Central,57,2,378.2,189.1,2025-08-24,2025-11-05,4,5,5,Champions,0
C008235,Affiliate,East,129,2,378.2,189.1,2025-03-20,2025-08-25,3,5,5,Loyal Customers,1
C000139,Email,West,82,3,378.18,126.06,2025-02-21,2025-10-11,3,5,5,Loyal Customers,0
C001735,Paid Search,East,514,3,378.08,126.03,2024-05-20,2024-08-05,1,5,5,At Risk,1
C003501,Paid Search,South,719,1,377.87,377.87,2024-01-13,2024-01-13,1,4,5,At Risk,1
C003035,Paid Search,West,15,1,377.78,377.78,2025-12-17,2025-12-17,5,4,5,Champions,0
C009548,Paid Search,East,414,1,377.73,377.73,2024-11-13,2024-11-13,1,4,5,At Risk,1
C007414,Direct,North,100,3,376.87,125.62,2024-10-12,2025-09-23,3,5,5,Loyal Customers,1
C008698,Email,South,6,3,376.51,125.5,2025-12-02,2025-12-26,5,5,5,Champions,0
C002710,Email,Central,251,1,376.05,376.05,2025-04-25,2025-04-25,2,4,5,At Risk,1
C004985,Social,South,27,2,375.36,187.68,2025-05-22,2025-12-05,5,5,5,Champions,0
C007569,Direct,East,247,2,374.85,187.42,2025-02-07,2025-04-29,2,5,5,At Risk,1
C009081,Social,South,2,2,374.84,187.42,2025-08-12,2025-12-30,5,5,5,Champions,0
C006291,Direct,East,106,2,374.79,187.4,2025-07-12,2025-09-17,3,5,5,Loyal Customers,1
C006881,Email,West,595,2,374.44,187.22,2024-04-19,2024-05-16,1,5,5,At Risk,1
C000089,Organic Search,West,538,1,374.43,374.43,2024-07-12,2024-07-12,1,4,5,At Risk,1
C003883,Paid Search,East,163,2,374.42,187.21,2025-05-08,2025-07-22,2,5,5,At Risk,1
C001477,Affiliate,South,205,2,373.71,186.85,2024-12-13,2025-06-10,2,5,5,At Risk,1
C009250,Organic Search,North,7,2,373.58,186.79,2025-12-15,2025-12-25,5,5,5,Champions,0
C001105,Social,West,411,2,373.47,186.73,2024-07-12,2024-11-16,1,5,5,At Risk,1
C003010,Organic Search,East,55,2,373.34,186.67,2025-10-22,2025-11-07,4,5,5,Champions,0
C006237,Paid Search,South,277,2,373.29,186.65,2025-01-14,2025-03-30,2,5,5,At Risk,1
C006616,Paid Search,West,62,2,373.05,186.53,2025-04-10,2025-10-31,4,5,5,Champions,0
C008736,Email,South,5,2,372.81,186.41,2025-10-08,2025-12-27,5,5,5,Champions,0
C003215,Direct,West,207,2,372.56,186.28,2025-03-07,2025-06-08,2,5,5,At Risk,1
C009758,Organic Search,North,402,1,372.34,372.34,2024-11-25,2024-11-25,1,4,5,At Risk,1
C005620,Paid Search,West,259,2,372.17,186.08,2025-03-19,2025-04-17,2,5,5,At Risk,1
C006459,Email,North,637,1,371.92,371.92,2024-04-04,2024-04-04,1,4,5,At Risk,1
C008154,Direct,East,25,2,371.84,185.92,2025-01-07,2025-12-07,5,5,5,Champions,0
C007407,Affiliate,North,95,1,371.82,371.82,2025-09-28,2025-09-28,3,4,5,Loyal Customers,1
C001451,Email,West,70,1,371.81,371.81,2025-10-23,2025-10-23,4,4,5,Champions,0
C002115,Paid Search,West,319,1,371.43,371.43,2025-02-16,2025-02-16,1,4,5,At Risk,1
C002116,Affiliate,East,30,4,371.17,92.79,2024-12-19,2025-12-02,5,5,5,Champions,0
C005859,Organic Search,North,54,2,371.1,185.55,2025-03-18,2025-11-08,4,5,5,Champions,0
C007590,Paid Search,South,218,1,370.73,370.73,2025-05-28,2025-05-28,2,4,5,At Risk,1
C006832,Direct,Central,254,1,370.22,370.22,2025-04-22,2025-04-22,2,4,5,At Risk,1
C004996,Affiliate,South,117,2,369.21,184.61,2024-12-06,2025-09-06,3,5,5,Loyal Customers,1
C007456,Affiliate,North,40,2,369.17,184.58,2025-05-31,2025-11-22,4,5,5,Champions,0
C004950,Direct,East,105,2,368.67,184.34,2025-03-06,2025-09-18,3,5,5,Loyal Customers,1
C007117,Paid Search,South,174,2,368.46,184.23,2025-04-16,2025-07-11,2,5,5,At Risk,1
C005638,Organic Search,East,375,3,368.46,122.82,2024-09-08,2024-12-22,1,5,5,At Risk,1
C009485,Paid Search,East,9,3,368.19,122.73,2025-10-28,2025-12-23,5,5,5,Champions,0
C005559,Email,Central,216,1,367.99,367.99,2025-05-30,2025-05-30,2,4,5,At Risk,1
C006014,Organic Search,Central,231,2,367.92,183.96,2025-02-26,2025-05-15,2,5,5,At Risk,1
C005914,Affiliate,South,475,1,367.02,367.02,2024-09-13,2024-09-13,1,4,5,At Risk,1
C007846,Email,South,79,3,366.43,122.14,2025-02-27,2025-10-14,4,5,5,Champions,0
C009035,Social,South,135,2,365.86,182.93,2024-11-02,2025-08-19,3,5,5,Loyal Customers,1
C009425,Paid Search,North,87,2,365.8,182.9,2024-10-03,2025-10-06,3,5,5,Loyal Customers,0
C006834,Organic Search,North,103,1,365.74,365.74,2025-09-20,2025-09-20,3,4,5,Loyal Customers,1
C000556,Social,South,24,3,365.65,121.88,2025-03-12,2025-12-08,5,5,5,Champions,0
C000659,Email,North,533,2,365.61,182.8,2024-07-14,2024-07-17,1,5,5,At Risk,1
C000107,Paid Search,South,36,1,365.34,365.34,2025-11-26,2025-11-26,4,4,5,Champions,0
C008025,Paid Search,South,77,3,364.93,121.64,2025-07-06,2025-10-16,4,5,5,Champions,0
C000412,Email,Central,20,4,364.63,91.16,2025-04-10,2025-12-12,5,5,5,Champions,0
C009434,Organic Search,South,24,1,364.48,364.48,2025-12-08,2025-12-08,5,4,5,Champions,0
C006711,Affiliate,West,391,1,364.44,364.44,2024-12-06,2024-12-06,1,4,5,At Risk,1
C002664,Email,South,1,2,364.3,182.15,2025-11-30,2025-12-31,5,5,5,Champions,0
C002265,Email,North,3,2,363.94,181.97,2025-07-01,2025-12-29,5,5,5,Champions,0
C003288,Affiliate,South,79,2,363.86,181.93,2025-08-01,2025-10-14,4,5,5,Champions,0
C006884,Affiliate,West,183,2,363.72,181.86,2024-11-13,2025-07-02,2,5,5,At Risk,1
C007996,Paid Search,South,118,2,362.96,181.48,2024-12-13,2025-09-05,3,5,5,Loyal Customers,1
C003278,Email,North,23,2,362.54,181.27,2025-10-31,2025-12-09,5,5,5,Champions,0
C009959,Social,South,52,2,362.03,181.01,2025-09-17,2025-11-10,4,5,5,Champions,0
C008340,Affiliate,East,67,3,362.01,120.67,2025-07-10,2025-10-26,4,5,5,Champions,0
C002985,Social,West,56,2,361.64,180.82,2025-10-03,2025-11-06,4,5,5,Champions,0
C000950,Email,South,210,1,361.2,361.2,2025-06-05,2025-06-05,2,4,5,At Risk,1
C005403,Organic Search,South,326,2,361.2,180.6,2025-01-11,2025-02-09,1,5,5,At Risk,1
C009658,Affiliate,West,45,2,361.04,180.52,2025-06-18,2025-11-17,4,5,5,Champions,0
C000366,Direct,South,56,3,360.98,120.33,2024-11-06,2025-11-06,4,5,5,Champions,0
C001109,Direct,North,71,3,360.8,120.27,2024-05-19,2025-10-22,4,5,5,Champions,0
C001764,Organic Search,West,6,3,360.14,120.05,2025-10-24,2025-12-26,5,5,5,Champions,0
C001488,Direct,South,22,2,359.98,179.99,2025-10-30,2025-12-10,5,5,5,Champions,0
C009165,Social,South,333,2,359.9,179.95,2024-10-06,2025-02-02,1,5,5,At Risk,1
C009622,Organic Search,East,65,1,359.71,359.71,2025-10-28,2025-10-28,4,4,5,Champions,0
C006084,Direct,West,330,1,359.56,359.56,2025-02-05,2025-02-05,1,4,5,At Risk,1
C004233,Social,East,345,3,359.55,119.85,2024-05-27,2025-01-21,1,5,5,At Risk,1
C007058,Affiliate,West,33,2,359.5,179.75,2025-06-24,2025-11-29,5,5,5,Champions,0
C006019,Paid Search,East,135,1,358.94,358.94,2025-08-19,2025-08-19,3,4,5,Loyal Customers,1
C003396,Affiliate,East,47,1,358.87,358.87,2025-11-15,2025-11-15,4,4,5,Champions,0
C000414,Email,East,116,2,358.84,179.42,2025-07-16,2025-09-07,3,5,5,Loyal Customers,1
C007417,Direct,West,47,1,358.7,358.7,2025-11-15,2025-11-15,4,4,5,Champions,0
C000851,Paid Search,West,181,2,357.53,178.76,2025-07-01,2025-07-04,2,5,5,At Risk,1
C000047,Organic Search,South,441,1,357.28,357.28,2024-10-17,2024-10-17,1,4,5,At Risk,1
C005585,Email,East,297,2,356.99,178.5,2024-09-16,2025-03-10,1,5,5,At Risk,1
C000626,Social,South,167,1,356.72,356.72,2025-07-18,2025-07-18,2,4,5,At Risk,1
C000926,Direct,South,654,1,356.58,356.58,2024-03-18,2024-03-18,1,4,5,At Risk,1
C000422,Organic Search,West,711,1,356.47,356.47,2024-01-21,2024-01-21,1,4,5,At Risk,1
C006573,Email,Central,138,4,356.37,89.09,2024-10-03,2025-08-16,3,5,5,Loyal Customers,1
C002916,Paid Search,West,188,3,356.36,118.79,2024-03-01,2025-06-27,2,5,5,At Risk,1
C001221,Organic Search,West,269,1,356.29,356.29,2025-04-07,2025-04-07,2,4,5,At Risk,1
C007326,Direct,South,66,1,356.25,356.25,2025-10-27,2025-10-27,4,4,5,Champions,0
C000163,Email,South,33,2,356.15,178.08,2025-11-21,2025-11-29,5,5,5,Champions,0
C003828,Paid Search,South,99,2,355.97,177.99,2024-08-06,2025-09-24,3,5,5,Loyal Customers,1
C001913,Paid Search,East,122,1,355.88,355.88,2025-09-01,2025-09-01,3,4,5,Loyal Customers,1
C006623,Organic Search,West,199,2,355.47,177.74,2025-05-03,2025-06-16,2,5,5,At Risk,1
C005183,Direct,West,14,2,355.43,177.72,2025-10-06,2025-12-18,5,5,5,Champions,0
C005761,Organic Search,West,129,2,355.35,177.67,2025-04-08,2025-08-25,3,5,5,Loyal Customers,1
C001156,Affiliate,West,352,1,355.21,355.21,2025-01-14,2025-01-14,1,4,5,At Risk,1
C006530,Social,West,268,1,354.97,354.97,2025-04-08,2025-04-08,2,4,5,At Risk,1
C009201,Direct,West,11,2,354.89,177.44,2025-12-10,2025-12-21,5,5,5,Champions,0
C002980,Organic Search,East,58,2,354.82,177.41,2025-08-21,2025-11-04,4,5,5,Champions,0
C002795,Email,North,206,1,354.79,354.79,2025-06-09,2025-06-09,2,4,5,At Risk,1
C001017,Organic Search,Central,170,2,354.41,177.2,2024-12-17,2025-07-15,2,5,5,At Risk,1
C003712,Paid Search,East,13,3,354.4,118.13,2024-09-26,2025-12-19,5,5,5,Champions,0
C006298,Organic Search,Central,146,2,354.27,177.14,2025-01-15,2025-08-08,3,5,5,Loyal Customers,1
C000545,Affiliate,West,107,1,353.96,353.96,2025-09-16,2025-09-16,3,4,5,Loyal Customers,1
C003072,Direct,North,31,2,353.84,176.92,2025-10-07,2025-12-01,5,5,5,Champions,0
C004251,Paid Search,South,213,1,353.54,353.54,2025-06-02,2025-06-02,2,4,5,At Risk,1
C002530,Paid Search,Central,653,1,353.51,353.51,2024-03-19,2024-03-19,1,4,5,At Risk,1
C006704,Social,West,26,1,352.58,352.58,2025-12-06,2025-12-06,5,4,5,Champions,0
C009000,Paid Search,Central,9,3,352.39,117.46,2025-09-30,2025-12-23,5,5,5,Champions,0
C003148,Affiliate,East,73,1,352.12,352.12,2025-10-20,2025-10-20,4,4,5,Champions,0
C003668,Direct,West,98,3,351.93,117.31,2025-07-01,2025-09-25,3,5,5,Loyal Customers,1
C006765,Affiliate,South,282,1,351.37,351.37,2025-03-25,2025-03-25,2,4,5,At Risk,1
C002020,Paid Search,South,62,2,351.27,175.64,2025-10-17,2025-10-31,4,5,5,Champions,0
C006178,Affiliate,South,34,1,351.25,351.25,2025-11-28,2025-11-28,5,4,5,Champions,0
C000242,Affiliate,West,38,2,351.13,175.56,2025-10-21,2025-11-24,4,5,5,Champions,0
C006033,Organic Search,West,78,1,350.5,350.5,2025-10-15,2025-10-15,4,4,5,Champions,0
C001659,Social,South,29,2,349.95,174.97,2025-11-15,2025-12-03,5,5,5,Champions,0
C002436,Affiliate,North,128,2,349.7,174.85,2025-03-25,2025-08-26,3,5,5,Loyal Customers,1
C005208,Social,East,176,2,349.28,174.64,2024-06-12,2025-07-09,2,5,5,At Risk,1
C006676,Direct,West,27,4,348.9,87.23,2025-09-08,2025-12-05,5,5,5,Champions,0
C004695,Affiliate,South,110,3,348.61,116.2,2024-12-19,2025-09-13,3,5,5,Loyal Customers,1
C003161,Affiliate,West,58,2,348.5,174.25,2024-10-02,2025-11-04,4,5,5,Champions,0
C002823,Paid Search,West,149,2,348.42,174.21,2024-12-08,2025-08-05,3,5,5,Loyal Customers,1
C009092,Direct,North,136,2,348.37,174.19,2025-05-21,2025-08-18,3,5,5,Loyal Customers,1
C006418,Affiliate,West,117,2,348.36,174.18,2025-08-29,2025-09-06,3,5,5,Loyal Customers,1
C008061,Paid Search,Central,483,2,348.33,174.16,2024-06-28,2024-09-05,1,5,5,At Risk,1
C005671,Email,Central,46,2,348.02,174.01,2025-10-08,2025-11-16,4,5,5,Champions,0
C000599,Email,West,39,3,347.98,115.99,2025-11-14,2025-11-23,4,5,5,Champions,0
C000747,Social,South,146,2,347.63,173.81,2024-03-19,2025-08-08,3,5,5,Loyal Customers,1
C005970,Organic Search,West,408,2,347.21,173.61,2024-10-05,2024-11-19,1,5,5,At Risk,1
C001494,Email,West,2,2,346.82,173.41,2025-12-06,2025-12-30,5,5,5,Champions,0
C002913,Organic Search,North,78,2,346.55,173.28,2025-09-12,2025-10-15,4,5,5,Champions,0
C005448,Organic Search,South,5,2,346.09,173.04,2025-11-19,2025-12-27,5,5,5,Champions,0
C000620,Paid Search,West,59,2,346.07,173.03,2025-03-25,2025-11-03,4,5,5,Champions,0
C001070,Organic Search,South,28,3,345.83,115.28,2024-06-02,2025-12-04,5,5,5,Champions,0
C000502,Direct,East,92,1,345.75,345.75,2025-10-01,2025-10-01,3,4,5,Loyal Customers,1
C001357,Email,North,30,2,345.66,172.83,2025-06-04,2025-12-02,5,5,5,Champions,0
C009615,Direct,West,224,2,345.41,172.7,2024-08-05,2025-05-22,2,5,5,At Risk,1
C009817,Paid Search,West,74,2,345.35,172.68,2025-10-08,2025-10-19,4,5,5,Champions,0
C001433,Affiliate,West,438,1,344.7,344.7,2024-10-20,2024-10-20,1,4,5,At Risk,1
C007620,Social,North,40,1,344.6,344.6,2025-11-22,2025-11-22,4,4,5,Champions,0
C001473,Organic Search,West,182,2,344.59,172.29,2025-04-12,2025-07-03,2,5,5,At Risk,1
C002563,Direct,East,9,2,344.1,172.05,2025-06-26,2025-12-23,5,5,5,Champions,0
C004171,Affiliate,North,42,2,344.05,172.02,2024-12-02,2025-11-20,4,5,5,Champions,0
C001797,Social,North,355,1,343.91,343.91,2025-01-11,2025-01-11,1,4,5,At Risk,1
C002670,Email,South,316,2,343.9,171.95,2024-04-25,2025-02-19,1,5,5,At Risk,1
C001944,Direct,West,1,1,343.53,343.53,2025-12-31,2025-12-31,5,4,5,Champions,0
C007493,Affiliate,East,68,2,343.45,171.72,2025-09-14,2025-10-25,4,5,5,Champions,0
C007329,Email,South,5,2,343.28,171.64,2025-11-24,2025-12-27,5,5,5,Champions,0
C001240,Direct,West,28,2,343.25,171.63,2025-07-01,2025-12-04,5,5,5,Champions,0
C006844,Email,South,107,3,343.0,114.33,2025-08-02,2025-09-16,3,5,5,Loyal Customers,1
C007981,Direct,South,524,1,343.0,343.0,2024-07-26,2024-07-26,1,4,5,At Risk,1
C005013,Paid Search,West,172,2,342.89,171.44,2025-05-16,2025-07-13,2,5,5,At Risk,1
C008536,Affiliate,South,73,1,342.26,342.26,2025-10-20,2025-10-20,4,4,5,Champions,0
C005583,Organic Search,South,115,1,342.23,342.23,2025-09-08,2025-09-08,3,4,5,Loyal Customers,1
C002288,Email,East,161,2,342.2,171.1,2025-02-05,2025-07-24,2,5,5,At Risk,1
C009705,Direct,South,48,4,342.12,85.53,2025-09-26,2025-11-14,4,5,5,Champions,0
C008020,Paid Search,Central,189,1,342.0,342.0,2025-06-26,2025-06-26,2,4,5,At Risk,1
C005397,Organic Search,South,11,1,341.66,341.66,2025-12-21,2025-12-21,5,4,5,Champions,0
C007646,Direct,South,347,2,341.63,170.81,2024-12-27,2025-01-19,1,5,5,At Risk,1
C006661,Paid Search,South,116,1,341.61,341.61,2025-09-07,2025-09-07,3,4,5,Loyal Customers,1
C007240,Organic Search,North,201,2,341.48,170.74,2025-05-23,2025-06-14,2,5,5,At Risk,1
C000777,Organic Search,Central,51,1,341.03,341.03,2025-11-11,2025-11-11,4,4,5,Champions,0
C002618,Organic Search,East,363,1,340.95,340.95,2025-01-03,2025-01-03,1,4,5,At Risk,1
C007363,Organic Search,East,317,1,340.81,340.81,2025-02-18,2025-02-18,1,4,5,At Risk,1
C003583,Organic Search,South,18,1,340.79,340.79,2025-12-14,2025-12-14,5,4,5,Champions,0
C005653,Direct,North,163,1,340.58,340.58,2025-07-22,2025-07-22,2,4,5,At Risk,1
C001920,Organic Search,North,9,2,340.38,170.19,2025-11-26,2025-12-23,5,5,5,Champions,0
C004919,Organic Search,East,94,1,340.29,340.29,2025-09-29,2025-09-29,3,4,5,Loyal Customers,1
C004405,Social,South,176,2,340.07,170.03,2024-12-25,2025-07-09,2,5,5,At Risk,1
C000504,Direct,South,26,1,339.68,339.68,2025-12-06,2025-12-06,5,4,5,Champions,0
C008134,Email,North,10,2,339.39,169.69,2025-12-10,2025-12-22,5,5,5,Champions,0
C003069,Direct,East,291,2,338.96,169.48,2024-08-29,2025-03-16,1,5,5,At Risk,1
C009885,Direct,South,310,2,338.9,169.45,2024-07-02,2025-02-25,1,5,5,At Risk,1
C003786,Organic Search,East,102,1,338.43,338.43,2025-09-21,2025-09-21,3,4,5,Loyal Customers,1
C009975,Paid Search,Central,207,1,337.9,337.9,2025-06-08,2025-06-08,2,4,5,At Risk,1
C001191,Paid Search,South,18,3,337.44,112.48,2024-02-27,2025-12-14,5,5,5,Champions,0
C003628,Organic Search,Central,5,3,337.38,112.46,2025-12-12,2025-12-27,5,5,5,Champions,0
C002593,Organic Search,Central,30,1,336.91,336.91,2025-12-02,2025-12-02,5,4,5,Champions,0
C000644,Organic Search,South,215,1,336.74,336.74,2025-05-31,2025-05-31,2,4,5,At Risk,1
C008313,Organic Search,West,307,1,336.52,336.52,2025-02-28,2025-02-28,1,4,5,At Risk,1
C008165,Paid Search,South,83,3,336.51,112.17,2025-07-18,2025-10-10,3,5,5,Loyal Customers,0
C004486,Direct,South,4,2,335.91,167.95,2025-09-05,2025-12-28,5,5,5,Champions,0
C005837,Affiliate,East,12,2,335.51,167.75,2025-11-08,2025-12-20,5,5,5,Champions,0
C005122,Paid Search,South,540,1,335.28,335.28,2024-07-10,2024-07-10,1,4,5,At Risk,1
C008855,Organic Search,North,276,2,334.8,167.4,2025-01-23,2025-03-31,2,5,5,At Risk,1
C004924,Social,East,128,1,334.25,334.25,2025-08-26,2025-08-26,3,4,5,Loyal Customers,1
C006449,Affiliate,East,65,2,334.23,167.12,2025-08-16,2025-10-28,4,5,5,Champions,0
C003902,Organic Search,West,29,3,334.17,111.39,2025-10-26,2025-12-03,5,5,5,Champions,0
C002744,Direct,East,279,2,334.09,167.04,2024-11-06,2025-03-28,2,5,5,At Risk,1
C007714,Paid Search,South,1,2,333.88,166.94,2025-12-20,2025-12-31,5,5,5,Champions,0
C004905,Social,East,324,1,333.46,333.46,2025-02-11,2025-02-11,1,4,5,At Risk,1
C007278,Affiliate,Central,67,2,333.1,166.55,2025-08-29,2025-10-26,4,5,5,Champions,0
C006081,Paid Search,West,47,2,332.52,166.26,2024-10-06,2025-11-15,4,5,5,Champions,0
C009765,Paid Search,South,311,1,332.29,332.29,2025-02-24,2025-02-24,1,4,5,At Risk,1
C006715,Affiliate,Central,275,3,332.19,110.73,2024-11-04,2025-04-01,2,5,5,At Risk,1
C003551,Email,East,62,4,331.66,82.92,2025-03-26,2025-10-31,4,5,5,Champions,0
C007993,Affiliate,West,137,2,331.4,165.7,2025-04-22,2025-08-17,3,5,5,Loyal Customers,1
C004835,Affiliate,South,1,3,331.15,110.38,2025-10-28,2025-12-31,5,5,4,Champions,0
C000635,Email,West,344,2,330.58,165.29,2024-11-16,2025-01-22,1,5,4,At Risk,1
C007804,Direct,South,133,2,330.27,165.13,2025-06-25,2025-08-21,3,5,4,Loyal Customers,1
C005640,Social,North,214,2,330.17,165.09,2025-01-08,2025-06-01,2,5,4,At Risk,1
C003567,Social,East,151,1,329.99,329.99,2025-08-03,2025-08-03,3,4,4,Loyal Customers,1
C001244,Organic Search,West,325,2,329.76,164.88,2024-11-06,2025-02-10,1,5,4,At Risk,1
C006336,Direct,South,63,2,329.73,164.87,2024-09-10,2025-10-30,4,5,4,Champions,0
C007498,Email,South,303,3,329.68,109.89,2024-12-28,2025-03-04,1,5,4,At Risk,1
C009631,Email,West,96,2,329.4,164.7,2025-09-08,2025-09-27,3,5,4,Loyal Customers,1
C001028,Direct,South,320,1,328.57,328.57,2025-02-15,2025-02-15,1,4,4,At Risk,1
C000298,Organic Search,West,137,2,328.3,164.15,2024-12-12,2025-08-17,3,5,4,Loyal Customers,1
C003277,Paid Search,South,11,2,328.21,164.1,2025-07-08,2025-12-21,5,5,4,Champions,0
C004678,Social,West,133,1,327.96,327.96,2025-08-21,2025-08-21,3,4,4,Loyal Customers,1
C003955,Email,West,14,3,327.93,109.31,2025-11-20,2025-12-18,5,5,4,Champions,0
C004668,Paid Search,South,18,2,327.88,163.94,2024-08-13,2025-12-14,5,5,4,Champions,0
C006339,Affiliate,West,56,3,327.8,109.27,2025-06-14,2025-11-06,4,5,4,Champions,0
C004012,Email,West,388,1,327.49,327.49,2024-12-09,2024-12-09,1,3,4,At Risk,1
C007669,Paid Search,Central,26,3,327.4,109.13,2025-06-17,2025-12-06,5,5,4,Champions,0
C003959,Email,West,94,3,327.29,109.1,2025-06-08,2025-09-29,3,5,4,Loyal Customers,1
C002089,Social,East,15,2,327.27,163.63,2025-10-29,2025-12-17,5,5,4,Champions,0
C006098,Paid Search,North,5,2,327.0,163.5,2025-12-07,2025-12-27,5,5,4,Champions,0
C002862,Affiliate,North,112,2,326.85,163.43,2024-12-03,2025-09-11,3,5,4,Loyal Customers,1
C003571,Email,East,416,1,326.82,326.82,2024-11-11,2024-11-11,1,3,4,At Risk,1
C001909,Paid Search,West,513,1,326.56,326.56,2024-08-06,2024-08-06,1,3,4,At Risk,1
C007982,Email,East,60,2,326.3,163.15,2025-06-14,2025-11-02,4,5,4,Champions,0
C000628,Social,West,1,1,326.0,326.0,2025-12-31,2025-12-31,5,3,4,Potential Loyalists,0
C006524,Direct,South,168,2,325.91,162.95,2025-02-22,2025-07-17,2,5,4,At Risk,1
C002170,Organic Search,South,79,2,325.82,162.91,2025-01-10,2025-10-14,4,5,4,Champions,0
C008563,Paid Search,East,54,3,325.5,108.5,2025-03-02,2025-11-08,4,5,4,Champions,0
C007922,Organic Search,South,14,3,325.26,108.42,2025-11-02,2025-12-18,5,5,4,Champions,0
C009822,Organic Search,East,237,2,324.98,162.49,2024-11-02,2025-05-09,2,5,4,At Risk,1
C004472,Affiliate,South,87,1,324.78,324.78,2025-10-06,2025-10-06,3,3,4,Need Attention,0
C001760,Affiliate,East,146,1,324.69,324.69,2025-08-08,2025-08-08,3,3,4,Need Attention,1
C005433,Social,Central,453,2,324.41,162.2,2024-07-14,2024-10-05,1,5,4,At Risk,1
C001698,Organic Search,West,5,4,324.37,81.09,2025-07-21,2025-12-27,5,5,4,Champions,0
C003548,Affiliate,North,172,2,324.36,162.18,2025-07-09,2025-07-13,2,5,4,At Risk,1
C003199,Affiliate,West,128,1,324.19,324.19,2025-08-26,2025-08-26,3,3,4,Need Attention,1
C009106,Social,East,56,1,324.15,324.15,2025-11-06,2025-11-06,4,3,4,Potential Loyalists,0
C008067,Paid Search,West,72,3,324.02,108.01,2025-10-07,2025-10-21,4,5,4,Champions,0
C001470,Paid Search,West,213,3,323.82,107.94,2024-12-23,2025-06-02,2,5,4,At Risk,1
C006923,Affiliate,South,155,2,323.3,161.65,2025-03-20,2025-07-30,3,5,4,Loyal Customers,1
C009274,Paid Search,Central,155,1,323.21,323.21,2025-07-30,2025-07-30,3,3,4,Need Attention,1
C009963,Email,West,17,2,323.13,161.56,2025-08-25,2025-12-15,5,5,4,Champions,0
C009360,Organic Search,West,244,1,323.01,323.01,2025-05-02,2025-05-02,2,3,4,At Risk,1
C000156,Affiliate,Central,228,2,322.74,161.37,2024-10-30,2025-05-18,2,5,4,At Risk,1
C001533,Affiliate,North,307,1,322.73,322.73,2025-02-28,2025-02-28,1,3,4,At Risk,1
C006697,Organic Search,South,394,2,322.43,161.21,2024-11-07,2024-12-03,1,5,4,At Risk,1
C009536,Organic Search,South,309,1,322.27,322.27,2025-02-26,2025-02-26,1,3,4,At Risk,1
C005965,Email,East,124,2,322.15,161.08,2025-06-25,2025-08-30,3,5,4,Loyal Customers,1
C007802,Email,West,254,2,321.73,160.87,2024-08-22,2025-04-22,2,5,4,At Risk,1
C002531,Email,Central,422,1,321.71,321.71,2024-11-05,2024-11-05,1,3,4,At Risk,1
C003410,Social,West,236,1,321.53,321.53,2025-05-10,2025-05-10,2,3,4,At Risk,1
C006145,Affiliate,Central,84,3,321.44,107.15,2025-08-10,2025-10-09,3,5,4,Loyal Customers,0
C004576,Organic Search,West,65,2,321.26,160.63,2025-07-29,2025-10-28,4,5,4,Champions,0
C004419,Paid Search,West,204,2,321.03,160.52,2024-11-01,2025-06-11,2,5,4,At Risk,1
C009306,Paid Search,South,418,1,321.03,321.03,2024-11-09,2024-11-09,1,3,4,At Risk,1
C007023,Direct,South,8,3,320.81,106.94,2025-07-18,2025-12-24,5,5,4,Champions,0
C000840,Email,North,132,1,320.5,320.5,2025-08-22,2025-08-22,3,3,4,Need Attention,1
C004101,Organic Search,South,100,3,320.3,106.77,2025-01-13,2025-09-23,3,5,4,Loyal Customers,1
C008048,Paid Search,North,84,2,319.95,159.97,2024-09-28,2025-10-09,3,5,4,Loyal Customers,0
C006125,Direct,West,126,2,319.9,159.95,2024-07-14,2025-08-28,3,5,4,Loyal Customers,1
C008714,Direct,East,307,3,319.72,106.57,2024-07-21,2025-02-28,1,5,4,At Risk,1
C008403,Organic Search,North,12,1,319.4,319.4,2025-12-20,2025-12-20,5,3,4,Potential Loyalists,0
C002727,Organic Search,West,86,1,319.3,319.3,2025-10-07,2025-10-07,3,3,4,Need Attention,0
C006366,Affiliate,South,243,2,319.08,159.54,2024-12-14,2025-05-03,2,5,4,At Risk,1
C003121,Email,West,129,2,318.72,159.36,2024-12-01,2025-08-25,3,5,4,Loyal Customers,1
C001460,Paid Search,South,70,2,318.67,159.34,2025-10-09,2025-10-23,4,5,4,Champions,0
C004092,Social,East,17,2,318.66,159.33,2025-05-23,2025-12-15,5,5,4,Champions,0
C007910,Paid Search,South,1,3,318.59,106.2,2025-12-13,2025-12-31,5,5,4,Champions,0
C002699,Email,South,104,3,318.56,106.19,2025-05-04,2025-09-19,3,5,4,Loyal Customers,1
C009900,Email,East,123,2,318.23,159.12,2025-08-16,2025-08-31,3,5,4,Loyal Customers,1
C005645,Affiliate,Central,207,2,318.04,159.02,2025-05-31,2025-06-08,2,5,4,At Risk,1
C001171,Affiliate,South,316,1,317.97,317.97,2025-02-19,2025-02-19,1,3,4,At Risk,1
C007858,Affiliate,South,99,2,317.52,158.76,2025-08-13,2025-09-24,3,5,4,Loyal Customers,1
C006057,Affiliate,West,6,2,317.41,158.71,2024-12-01,2025-12-26,5,5,4,Champions,0
C002768,Social,Central,292,1,316.9,316.9,2025-03-15,2025-03-15,1,3,4,At Risk,1
C001514,Email,East,17,1,316.8,316.8,2025-12-15,2025-12-15,5,3,4,Potential Loyalists,0
C005180,Email,North,94,2,316.72,158.36,2025-09-10,2025-09-29,3,5,4,Loyal Customers,1
C004669,Email,East,109,2,316.4,158.2,2024-12-27,2025-09-14,3,5,4,Loyal Customers,1
C009258,Affiliate,East,99,1,316.26,316.26,2025-09-24,2025-09-24,3,3,4,Need Attention,1
C008030,Paid Search,North,12,2,315.91,157.95,2025-12-14,2025-12-20,5,5,4,Champions,0
C001899,Direct,West,12,1,315.69,315.69,2025-12-20,2025-12-20,5,3,4,Potential Loyalists,0
C006457,Email,South,22,3,315.6,105.2,2024-02-24,2025-12-10,5,5,4,Champions,0
C000527,Paid Search,North,270,3,315.5,105.17,2024-10-04,2025-04-06,2,5,4,At Risk,1
C006479,Direct,South,345,1,315.33,315.33,2025-01-21,2025-01-21,1,3,4,At Risk,1
C002179,Direct,South,124,3,315.26,105.09,2025-06-10,2025-08-30,3,5,4,Loyal Customers,1
C009531,Social,North,3,2,314.65,157.32,2025-11-12,2025-12-29,5,5,4,Champions,0
C008827,Social,East,65,1,314.51,314.51,2025-10-28,2025-10-28,4,3,4,Potential Loyalists,0
C002406,Social,South,68,1,313.98,313.98,2025-10-25,2025-10-25,4,3,4,Potential Loyalists,0
C003002,Affiliate,North,5,2,313.46,156.73,2025-03-21,2025-12-27,5,5,4,Champions,0
C005092,Email,East,15,2,313.37,156.69,2025-12-02,2025-12-17,5,5,4,Champions,0
C008752,Organic Search,South,315,1,312.57,312.57,2025-02-20,2025-02-20,1,3,4,At Risk,1
C002387,Email,West,73,2,312.43,156.21,2025-09-10,2025-10-20,4,5,4,Champions,0
C004770,Organic Search,East,36,2,312.19,156.09,2025-07-20,2025-11-26,4,5,4,Champions,0
C001272,Direct,South,409,3,312.09,104.03,2024-03-19,2024-11-18,1,5,4,At Risk,1
C006928,Organic Search,East,74,1,311.79,311.79,2025-10-19,2025-10-19,4,3,4,Potential Loyalists,0
C004443,Paid Search,East,382,2,311.71,155.86,2024-09-21,2024-12-15,1,5,4,At Risk,1
C008606,Organic Search,South,12,3,311.65,103.88,2025-06-12,2025-12-20,5,5,4,Champions,0
C005768,Organic Search,Central,87,2,311.55,155.78,2025-09-14,2025-10-06,3,5,4,Loyal Customers,0
C003715,Social,North,180,1,311.5,311.5,2025-07-05,2025-07-05,2,3,4,At Risk,1
C001475,Social,North,7,3,311.35,103.78,2025-09-10,2025-12-25,5,5,4,Champions,0
C007304,Paid Search,South,147,2,311.32,155.66,2025-08-01,2025-08-07,3,5,4,Loyal Customers,1
C000796,Email,South,6,3,310.72,103.57,2025-06-09,2025-12-26,5,5,4,Champions,0
C007786,Social,North,28,2,310.65,155.32,2025-11-21,2025-12-04,5,5,4,Champions,0
C002644,Direct,East,167,3,310.6,103.53,2024-10-31,2025-07-18,2,5,4,At Risk,1
C009590,Paid Search,West,142,1,310.35,310.35,2025-08-12,2025-08-12,3,3,4,Need Attention,1
C007959,Paid Search,West,170,1,309.67,309.67,2025-07-15,2025-07-15,2,3,4,At Risk,1
C001580,Organic Search,East,286,1,309.63,309.63,2025-03-21,2025-03-21,1,3,4,At Risk,1
C003428,Direct,East,309,2,309.58,154.79,2024-11-13,2025-02-26,1,5,4,At Risk,1
C002910,Direct,North,56,3,309.57,103.19,2025-07-05,2025-11-06,4,5,4,Champions,0
C004318,Organic Search,West,465,1,309.51,309.51,2024-09-23,2024-09-23,1,3,4,At Risk,1
C000321,Email,East,172,1,309.48,309.48,2025-07-13,2025-07-13,2,3,4,At Risk,1
C003156,Paid Search,South,67,4,309.39,77.35,2024-07-14,2025-10-26,4,5,4,Champions,0
C008458,Email,East,54,2,309.12,154.56,2025-08-28,2025-11-08,4,5,4,Champions,0
C006503,Email,North,158,1,309.07,309.07,2025-07-27,2025-07-27,3,3,4,Need Attention,1
C006472,Social,Central,175,3,308.96,102.99,2024-07-20,2025-07-10,2,5,4,At Risk,1
C008683,Social,West,125,1,308.9,308.9,2025-08-29,2025-08-29,3,3,4,Need Attention,1
C001953,Direct,East,99,2,308.87,154.44,2025-09-20,2025-09-24,3,5,4,Loyal Customers,1
C002017,Email,South,81,2,308.51,154.25,2025-09-07,2025-10-12,4,5,4,Champions,0
C007294,Paid Search,West,153,2,307.62,153.81,2025-03-24,2025-08-01,3,5,4,Loyal Customers,1
C002092,Direct,North,63,3,307.57,102.52,2025-09-07,2025-10-30,4,5,4,Champions,0
C000984,Organic Search,South,271,1,307.42,307.42,2025-04-05,2025-04-05,2,3,4,At Risk,1
C009336,Affiliate,North,66,2,307.22,153.61,2025-09-16,2025-10-27,4,5,4,Champions,0
C008296,Email,South,59,1,307.03,307.03,2025-11-03,2025-11-03,4,3,4,Potential Loyalists,0
C002871,Direct,Central,6,3,306.88,102.29,2025-04-23,2025-12-26,5,5,4,Champions,0
C001776,Direct,North,28,3,306.54,102.18,2025-10-29,2025-12-04,5,5,4,Champions,0
C001646,Paid Search,South,436,3,305.86,101.95,2024-06-13,2024-10-22,1,5,4,At Risk,1
C002605,Organic Search,West,47,3,305.71,101.9,2025-03-19,2025-11-15,4,5,4,Champions,0
C009526,Paid Search,North,225,2,305.59,152.8,2025-05-20,2025-05-21,2,5,4,At Risk,1
C006606,Affiliate,West,17,1,305.52,305.52,2025-12-15,2025-12-15,5,3,4,Potential Loyalists,0
C001727,Direct,South,65,2,305.41,152.7,2025-08-07,2025-10-28,4,5,4,Champions,0
C007488,Social,West,137,1,305.35,305.35,2025-08-17,2025-08-17,3,3,4,Need Attention,1
C001045,Affiliate,West,259,2,304.98,152.49,2025-01-04,2025-04-17,2,5,4,At Risk,1
C009516,Paid Search,East,18,3,304.07,101.36,2025-10-14,2025-12-14,5,5,4,Champions,0
C003854,Email,South,336,2,304.0,152.0,2024-12-13,2025-01-30,1,5,4,At Risk,1
C005475,Affiliate,East,64,1,303.69,303.69,2025-10-29,2025-10-29,4,3,4,Potential Loyalists,0
C006091,Direct,West,235,1,303.45,303.45,2025-05-11,2025-05-11,2,3,4,At Risk,1
C008573,Email,West,97,2,303.2,151.6,2025-09-13,2025-09-26,3,5,4,Loyal Customers,1
C001595,Social,North,109,2,302.94,151.47,2025-08-22,2025-09-14,3,5,4,Loyal Customers,1
C007292,Email,South,125,1,302.34,302.34,2025-08-29,2025-08-29,3,3,4,Need Attention,1
C004717,Affiliate,South,75,1,302.13,302.13,2025-10-18,2025-10-18,4,3,4,Potential Loyalists,0
C008505,Direct,East,6,1,301.83,301.83,2025-12-26,2025-12-26,5,3,4,Potential Loyalists,0
C006246,Email,West,349,2,301.77,150.88,2024-12-19,2025-01-17,1,5,4,At Risk,1
C009329,Paid Search,West,109,1,301.24,301.24,2025-09-14,2025-09-14,3,3,4,Need Attention,1
C004456,Direct,South,4,1,300.89,300.89,2025-12-28,2025-12-28,5,3,4,Potential Loyalists,0
C000331,Affiliate,East,38,2,300.84,150.42,2025-09-27,2025-11-24,4,5,4,Champions,0
C009420,Affiliate,North,117,2,300.68,150.34,2025-07-02,2025-09-06,3,5,4,Loyal Customers,1
C006501,Organic Search,East,462,1,300.67,300.67,2024-09-26,2024-09-26,1,3,4,At Risk,1
C008320,Paid Search,South,9,1,300.63,300.63,2025-12-23,2025-12-23,5,3,4,Potential Loyalists,0
C004062,Affiliate,East,291,1,300.6,300.6,2025-03-16,2025-03-16,1,3,4,At Risk,1
C009032,Paid Search,East,253,1,300.54,300.54,2025-04-23,2025-04-23,2,3,4,At Risk,1
C004957,Organic Search,East,182,1,299.83,299.83,2025-07-03,2025-07-03,2,3,4,At Risk,1
C007759,Social,South,223,2,299.59,149.79,2024-05-07,2025-05-23,2,5,4,At Risk,1
C006201,Organic Search,South,22,1,299.48,299.48,2025-12-10,2025-12-10,5,3,4,Potential Loyalists,0
C006722,Paid Search,South,424,2,299.25,149.63,2024-10-11,2024-11-03,1,5,4,At Risk,1
C006540,Organic Search,East,139,1,298.62,298.62,2025-08-15,2025-08-15,3,3,4,Need Attention,1
C008453,Organic Search,West,156,2,298.51,149.25,2025-07-15,2025-07-29,3,5,4,Loyal Customers,1
C002027,Direct,West,15,2,298.44,149.22,2025-07-21,2025-12-17,5,5,4,Champions,0
C008242,Paid Search,North,323,1,298.27,298.27,2025-02-12,2025-02-12,1,3,4,At Risk,1
C006887,Direct,South,545,1,298.19,298.19,2024-07-05,2024-07-05,1,3,4,At Risk,1
C003379,Direct,South,147,2,298.18,149.09,2024-10-16,2025-08-07,3,5,4,Loyal Customers,1
C004414,Social,West,170,1,298.01,298.01,2025-07-15,2025-07-15,2,3,4,At Risk,1
C004593,Paid Search,East,182,1,297.86,297.86,2025-07-03,2025-07-03,2,3,4,At Risk,1
C001562,Paid Search,Central,139,2,297.77,148.88,2025-07-21,2025-08-15,3,5,4,Loyal Customers,1
C009399,Email,West,6,1,297.75,297.75,2025-12-26,2025-12-26,5,3,4,Potential Loyalists,0
C000208,Affiliate,Central,149,1,297.59,297.59,2025-08-05,2025-08-05,3,3,4,Need Attention,1
C007473,Paid Search,South,30,3,297.3,99.1,2025-08-30,2025-12-02,5,5,4,Champions,0
C002816,Social,North,328,1,296.92,296.92,2025-02-07,2025-02-07,1,3,4,At Risk,1
C006114,Social,North,253,2,296.43,148.22,2024-03-09,2025-04-23,2,5,4,At Risk,1
C008655,Social,South,185,1,296.39,296.39,2025-06-30,2025-06-30,2,3,4,At Risk,1
C004068,Email,East,617,1,296.27,296.27,2024-04-24,2024-04-24,1,3,4,At Risk,1
C007568,Organic Search,Central,31,1,296.2,296.2,2025-12-01,2025-12-01,5,3,4,Potential Loyalists,0
C008836,Paid Search,West,39,1,296.08,296.08,2025-11-23,2025-11-23,4,3,4,Potential Loyalists,0
C008389,Paid Search,South,5,2,295.93,147.97,2025-02-24,2025-12-27,5,5,4,Champions,0
C000612,Paid Search,Central,102,3,295.9,98.63,2025-05-02,2025-09-21,3,5,4,Loyal Customers,1
C007749,Paid Search,South,171,3,295.84,98.61,2025-03-28,2025-07-14,2,5,4,At Risk,1
C000236,Direct,West,11,2,295.08,147.54,2025-03-15,2025-12-21,5,5,4,Champions,0
C009938,Affiliate,South,61,1,294.54,294.54,2025-11-01,2025-11-01,4,3,4,Potential Loyalists,0
C003713,Organic Search,West,3,2,294.1,147.05,2025-10-23,2025-12-29,5,5,4,Champions,0
C000067,Affiliate,North,49,1,293.74,293.74,2025-11-13,2025-11-13,4,3,4,Potential Loyalists,0
C002129,Paid Search,West,19,2,293.62,146.81,2025-03-23,2025-12-13,5,5,4,Champions,0
C006513,Direct,West,322,1,293.6,293.6,2025-02-13,2025-02-13,1,3,4,At Risk,1
C000686,Paid Search,South,34,2,293.06,146.53,2024-12-18,2025-11-28,5,5,4,Champions,0
C006941,Social,East,1,2,292.96,146.48,2025-11-26,2025-12-31,5,5,4,Champions,0
C001949,Organic Search,West,146,1,292.76,292.76,2025-08-08,2025-08-08,3,3,4,Need Attention,1
C005960,Direct,South,16,3,292.65,97.55,2025-07-22,2025-12-16,5,5,4,Champions,0
C005121,Affiliate,Central,200,2,292.64,146.32,2025-02-22,2025-06-15,2,5,4,At Risk,1
C004411,Affiliate,South,252,3,292.59,97.53,2024-05-04,2025-04-24,2,5,4,At Risk,1
C002892,Paid Search,West,206,2,292.32,146.16,2025-02-13,2025-06-09,2,5,4,At Risk,1
C008125,Email,North,269,1,292.29,292.29,2025-04-07,2025-04-07,2,3,4,At Risk,1
C006203,Affiliate,North,19,2,292.08,146.04,2025-11-07,2025-12-13,5,5,4,Champions,0
C000320,Organic Search,North,175,1,291.88,291.88,2025-07-10,2025-07-10,2,3,4,At Risk,1
C004951,Affiliate,South,2,2,291.82,145.91,2025-09-01,2025-12-30,5,5,4,Champions,0
C001579,Paid Search,North,85,1,291.76,291.76,2025-10-08,2025-10-08,3,3,4,Need Attention,0
C004546,Direct,South,40,1,291.33,291.33,2025-11-22,2025-11-22,4,3,4,Potential Loyalists,0
C006331,Email,South,528,1,290.92,290.92,2024-07-22,2024-07-22,1,3,4,At Risk,1
C001269,Affiliate,South,371,1,290.75,290.75,2024-12-26,2024-12-26,1,3,4,At Risk,1
C000172,Email,North,58,2,290.41,145.21,2025-10-20,2025-11-04,4,5,4,Champions,0
C006082,Email,West,31,3,289.87,96.62,2025-11-15,2025-12-01,5,5,4,Champions,0
C005931,Affiliate,West,151,1,289.64,289.64,2025-08-03,2025-08-03,3,3,4,Need Attention,1
C009726,Organic Search,West,32,1,289.54,289.54,2025-11-30,2025-11-30,5,3,4,Potential Loyalists,0
C005052,Social,South,238,3,289.38,96.46,2025-01-17,2025-05-08,2,5,4,At Risk,1
C007481,Direct,South,4,2,288.93,144.47,2025-12-11,2025-12-28,5,5,4,Champions,0
C000786,Organic Search,South,10,3,288.92,96.31,2025-05-20,2025-12-22,5,5,4,Champions,0
C000352,Social,West,201,1,288.75,288.75,2025-06-14,2025-06-14,2,3,4,At Risk,1
C005655,Social,South,39,2,288.54,144.27,2025-11-15,2025-11-23,4,5,4,Champions,0
C008831,Organic Search,West,16,1,288.27,288.27,2025-12-16,2025-12-16,5,3,4,Potential Loyalists,0
C006132,Paid Search,Central,264,2,288.23,144.12,2025-03-19,2025-04-12,2,5,4,At Risk,1
C001013,Email,South,96,1,288.05,288.05,2025-09-27,2025-09-27,3,3,4,Need Attention,1
C001010,Email,South,12,2,288.04,144.02,2025-07-22,2025-12-20,5,4,4,Champions,0
C008135,Social,South,104,1,287.65,287.65,2025-09-19,2025-09-19,3,3,4,Need Attention,1
C002495,Social,East,30,1,287.54,287.54,2025-12-02,2025-12-02,5,3,4,Potential Loyalists,0
C003094,Paid Search,North,11,2,287.43,143.72,2025-04-15,2025-12-21,5,4,4,Champions,0
C001126,Affiliate,North,153,1,286.52,286.52,2025-08-01,2025-08-01,3,3,4,Need Attention,1
C005042,Organic Search,West,389,1,286.29,286.29,2024-12-08,2024-12-08,1,3,4,At Risk,1
C002940,Email,West,166,1,286.18,286.18,2025-07-19,2025-07-19,2,3,4,At Risk,1
C006150,Organic Search,East,610,2,286.08,143.04,2024-02-22,2024-05-01,1,4,4,At Risk,1
C001044,Paid Search,Central,155,2,285.96,142.98,2025-07-29,2025-07-30,3,4,4,Loyal Customers,1
C002931,Paid Search,North,677,2,285.61,142.81,2024-02-12,2024-02-24,1,4,4,At Risk,1
C003259,Paid Search,North,2,1,285.38,285.38,2025-12-30,2025-12-30,5,3,4,Potential Loyalists,0
C004744,Organic Search,South,97,2,285.36,142.68,2025-08-31,2025-09-26,3,4,4,Loyal Customers,1
C003695,Paid Search,East,77,1,285.35,285.35,2025-10-16,2025-10-16,4,3,4,Potential Loyalists,0
C002761,Social,Central,111,2,285.34,142.67,2024-09-30,2025-09-12,3,4,4,Loyal Customers,1
C005409,Email,South,183,1,285.32,285.32,2025-07-02,2025-07-02,2,3,4,At Risk,1
C008384,Organic Search,South,32,2,285.31,142.66,2025-09-10,2025-11-30,5,4,4,Champions,0
C000184,Social,South,26,2,285.22,142.61,2025-04-22,2025-12-06,5,4,4,Champions,0
C003853,Social,South,102,1,285.05,285.05,2025-09-21,2025-09-21,3,3,4,Need Attention,1
C003066,Email,South,8,1,284.76,284.76,2025-12-24,2025-12-24,5,3,4,Potential Loyalists,0
C008972,Paid Search,South,78,2,284.73,142.37,2025-08-14,2025-10-15,4,4,4,Champions,0
C003020,Social,South,136,1,284.62,284.62,2025-08-18,2025-08-18,3,3,4,Need Attention,1
C001381,Direct,South,98,1,284.26,284.26,2025-09-25,2025-09-25,3,3,4,Need Attention,1
C003445,Affiliate,East,215,1,284.12,284.12,2025-05-31,2025-05-31,2,3,4,At Risk,1
C007350,Email,West,5,2,283.75,141.88,2025-05-09,2025-12-27,5,4,4,Champions,0
C004492,Affiliate,North,253,1,283.68,283.68,2025-04-23,2025-04-23,2,3,4,At Risk,1
C000875,Direct,East,264,2,283.36,141.68,2025-02-01,2025-04-12,2,4,4,At Risk,1
C006266,Paid Search,North,271,1,283.28,283.28,2025-04-05,2025-04-05,2,3,4,At Risk,1
C003608,Email,South,23,1,282.38,282.38,2025-12-09,2025-12-09,5,3,4,Potential Loyalists,0
C004209,Paid Search,South,160,3,282.36,94.12,2024-08-29,2025-07-25,2,5,4,At Risk,1
C006317,Paid Search,North,139,1,282.32,282.32,2025-08-15,2025-08-15,3,3,4,Need Attention,1
C000203,Social,South,167,2,282.22,141.11,2025-06-22,2025-07-18,2,4,4,At Risk,1
C009065,Email,West,119,2,282.17,141.09,2025-07-19,2025-09-04,3,4,4,Loyal Customers,1
C009124,Direct,South,30,3,282.06,94.02,2025-10-14,2025-12-02,5,5,4,Champions,0
C001668,Social,South,71,2,281.98,140.99,2025-08-05,2025-10-22,4,4,4,Champions,0
C008058,Paid Search,South,11,2,281.97,140.98,2025-06-18,2025-12-21,5,4,4,Champions,0
C003914,Affiliate,South,190,1,281.9,281.9,2025-06-25,2025-06-25,2,3,4,At Risk,1
C006520,Direct,South,10,2,281.75,140.88,2025-09-30,2025-12-22,5,4,4,Champions,0
C003538,Affiliate,North,546,1,281.42,281.42,2024-07-04,2024-07-04,1,3,4,At Risk,1
C001263,Direct,South,6,2,281.14,140.57,2025-12-12,2025-12-26,5,4,4,Champions,0
C007936,Paid Search,South,13,1,280.77,280.77,2025-12-19,2025-12-19,5,3,4,Potential Loyalists,0
C002330,Organic Search,South,10,1,280.42,280.42,2025-12-22,2025-12-22,5,3,4,Potential Loyalists,0
C006413,Affiliate,South,23,2,280.4,140.2,2025-11-17,2025-12-09,5,4,4,Champions,0
C005934,Direct,South,85,2,280.36,140.18,2025-03-02,2025-10-08,3,4,4,Loyal Customers,0
C007020,Paid Search,North,54,3,280.02,93.34,2025-10-03,2025-11-08,4,5,4,Champions,0
C001260,Affiliate,North,83,2,279.96,139.98,2025-05-24,2025-10-10,3,4,4,Loyal Customers,0
C002642,Direct,East,104,1,279.7,279.7,2025-09-19,2025-09-19,3,3,4,Need Attention,1
C006416,Social,West,45,2,279.5,139.75,2025-10-03,2025-11-17,4,4,4,Champions,0
C009612,Email,East,113,2,279.33,139.66,2025-09-03,2025-09-10,3,4,4,Loyal Customers,1
C007385,Direct,West,104,2,279.29,139.65,2025-09-04,2025-09-19,3,4,4,Loyal Customers,1
C009878,Paid Search,East,28,3,279.28,93.09,2025-08-23,2025-12-04,5,5,4,Champions,0
C009315,Social,West,12,3,278.91,92.97,2025-12-03,2025-12-20,5,5,4,Champions,0
C007790,Social,South,204,2,278.86,139.43,2025-03-29,2025-06-11,2,4,4,At Risk,1
C008045,Email,East,96,1,278.77,278.77,2025-09-27,2025-09-27,3,3,4,Need Attention,1
C002168,Organic Search,South,79,1,278.44,278.44,2025-10-14,2025-10-14,4,3,4,Potential Loyalists,0
C002109,Paid Search,South,102,2,278.26,139.13,2025-02-26,2025-09-21,3,4,4,Loyal Customers,1
C005298,Direct,South,571,2,277.84,138.92,2024-05-20,2024-06-09,1,4,4,At Risk,1
C009444,Social,South,400,1,277.61,277.61,2024-11-27,2024-11-27,1,3,4,At Risk,1
C003739,Paid Search,West,41,1,277.6,277.6,2025-11-21,2025-11-21,4,3,4,Potential Loyalists,0
C002511,Affiliate,South,14,2,277.48,138.74,2025-11-08,2025-12-18,5,4,4,Champions,0
C001118,Direct,West,10,1,277.25,277.25,2025-12-22,2025-12-22,5,3,4,Potential Loyalists,0
C005805,Organic Search,North,272,1,277.25,277.25,2025-04-04,2025-04-04,2,3,4,At Risk,1
C002011,Organic Search,West,116,2,277.07,138.53,2025-04-14,2025-09-07,3,4,4,Loyal Customers,1
C000517,Social,South,300,1,276.99,276.99,2025-03-07,2025-03-07,1,3,4,At Risk,1
C007532,Email,West,41,2,276.67,138.33,2025-11-16,2025-11-21,4,4,4,Champions,0
C008754,Paid Search,North,152,2,276.56,138.28,2024-10-16,2025-08-02,3,4,4,Loyal Customers,1
C008309,Direct,South,65,1,276.45,276.45,2025-10-28,2025-10-28,4,3,4,Potential Loyalists,0
C001817,Direct,East,63,3,276.15,92.05,2025-08-07,2025-10-30,4,5,4,Champions,0
C007734,Paid Search,South,263,1,275.89,275.89,2025-04-13,2025-04-13,2,3,4,At Risk,1
C003584,Direct,East,188,2,275.86,137.93,2025-04-11,2025-06-27,2,4,4,At Risk,1
C003021,Direct,South,39,2,275.7,137.85,2025-10-09,2025-11-23,4,4,4,Champions,0
C000941,Paid Search,South,14,1,275.67,275.67,2025-12-18,2025-12-18,5,3,4,Potential Loyalists,0
C005607,Paid Search,West,271,1,275.62,275.62,2025-04-05,2025-04-05,2,3,4,At Risk,1
C002384,Affiliate,West,59,2,275.61,137.81,2024-11-17,2025-11-03,4,4,4,Champions,0
C001141,Social,South,104,2,275.36,137.68,2024-12-15,2025-09-19,3,4,4,Loyal Customers,1
C005286,Paid Search,West,46,2,275.3,137.65,2025-10-26,2025-11-16,4,4,4,Champions,0
C003657,Affiliate,West,11,4,274.94,68.73,2025-10-23,2025-12-21,5,5,4,Champions,0
C000052,Affiliate,West,90,1,274.74,274.74,2025-10-03,2025-10-03,3,3,4,Need Attention,0
C003946,Affiliate,East,24,2,273.84,136.92,2025-10-26,2025-12-08,5,4,4,Champions,0
C009226,Social,North,44,1,273.79,273.79,2025-11-18,2025-11-18,4,3,4,Potential Loyalists,0
C008975,Affiliate,South,22,1,273.74,273.74,2025-12-10,2025-12-10,5,3,4,Potential Loyalists,0
C001603,Organic Search,Central,129,1,273.7,273.7,2025-08-25,2025-08-25,3,3,4,Need Attention,1
C008550,Paid Search,Central,133,1,273.39,273.39,2025-08-21,2025-08-21,3,3,4,Need Attention,1
C007405,Paid Search,North,145,2,273.28,136.64,2025-03-29,2025-08-09,3,4,4,Loyal Customers,1
C003011,Email,South,182,2,273.17,136.58,2025-05-31,2025-07-03,2,4,4,At Risk,1
C006848,Organic Search,South,235,1,273.01,273.01,2025-05-11,2025-05-11,2,3,4,At Risk,1
C000308,Affiliate,Central,34,2,272.95,136.47,2024-09-26,2025-11-28,5,4,4,Champions,0
C004536,Affiliate,West,122,2,272.82,136.41,2025-03-18,2025-09-01,3,4,4,Loyal Customers,1
C006167,Organic Search,North,194,1,272.56,272.56,2025-06-21,2025-06-21,2,3,4,At Risk,1
C004458,Direct,North,37,1,272.51,272.51,2025-11-25,2025-11-25,4,3,4,Potential Loyalists,0
C006031,Direct,South,68,1,272.46,272.46,2025-10-25,2025-10-25,4,3,4,Potential Loyalists,0
C001343,Paid Search,South,181,1,272.43,272.43,2025-07-04,2025-07-04,2,3,4,At Risk,1
C008145,Affiliate,Central,63,1,272.18,272.18,2025-10-30,2025-10-30,4,3,4,Potential Loyalists,0
C000326,Paid Search,Central,101,2,272.13,136.06,2025-02-12,2025-09-22,3,4,4,Loyal Customers,1
C005031,Organic Search,West,71,1,272.1,272.1,2025-10-22,2025-10-22,4,3,4,Potential Loyalists,0
C005008,Social,Central,85,1,272.07,272.07,2025-10-08,2025-10-08,3,3,4,Need Attention,0
C000405,Social,North,332,2,272.05,136.03,2024-06-20,2025-02-03,1,4,4,At Risk,1
C008473,Direct,South,280,1,271.96,271.96,2025-03-27,2025-03-27,2,3,4,At Risk,1
C003308,Paid Search,West,122,1,271.91,271.91,2025-09-01,2025-09-01,3,3,4,Need Attention,1
C002298,Paid Search,West,270,2,271.76,135.88,2024-07-07,2025-04-06,2,4,4,At Risk,1
C007422,Paid Search,West,309,1,271.76,271.76,2025-02-26,2025-02-26,1,3,4,At Risk,1
C003693,Email,West,41,2,271.64,135.82,2025-10-17,2025-11-21,4,4,4,Champions,0
C002145,Email,South,390,1,271.61,271.61,2024-12-07,2024-12-07,1,3,4,At Risk,1
C001616,Affiliate,West,312,1,271.6,271.6,2025-02-23,2025-02-23,1,3,4,At Risk,1
C000306,Email,South,34,1,271.24,271.24,2025-11-28,2025-11-28,5,3,4,Potential Loyalists,0
C000108,Organic Search,South,204,1,271.24,271.24,2025-06-11,2025-06-11,2,3,4,At Risk,1
C000109,Paid Search,West,67,3,271.12,90.37,2025-07-31,2025-10-26,4,5,4,Champions,0
C003211,Organic Search,South,24,3,271.1,90.37,2025-07-07,2025-12-08,5,5,4,Champions,0
C000066,Social,North,167,1,270.78,270.78,2025-07-18,2025-07-18,2,3,4,At Risk,1
C005598,Paid Search,South,151,1,270.69,270.69,2025-08-03,2025-08-03,3,3,4,Need Attention,1
C002202,Organic Search,East,29,2,270.47,135.23,2025-11-04,2025-12-03,5,4,4,Champions,0
C001178,Email,South,461,2,270.09,135.05,2024-06-05,2024-09-27,1,4,4,At Risk,1
C001202,Social,North,94,1,269.76,269.76,2025-09-29,2025-09-29,3,3,4,Need Attention,1
C005413,Paid Search,South,203,1,269.62,269.62,2025-06-12,2025-06-12,2,3,4,At Risk,1
C005153,Direct,South,119,1,269.37,269.37,2025-09-04,2025-09-04,3,3,4,Need Attention,1
C001449,Organic Search,Central,182,2,269.28,134.64,2025-04-06,2025-07-03,2,4,4,At Risk,1
C007318,Email,North,238,1,269.15,269.15,2025-05-08,2025-05-08,2,3,4,At Risk,1
C008088,Email,West,13,2,269.1,134.55,2025-09-12,2025-12-19,5,4,4,Champions,0
C003345,Email,South,103,2,269.01,134.5,2024-11-04,2025-09-20,3,4,4,Loyal Customers,1
C007043,Paid Search,West,95,2,268.89,134.44,2025-09-17,2025-09-28,3,4,4,Loyal Customers,1
C006595,Paid Search,North,248,1,268.84,268.84,2025-04-28,2025-04-28,2,3,4,At Risk,1
C008141,Email,South,113,1,268.58,268.58,2025-09-10,2025-09-10,3,3,4,Need Attention,1
C009377,Organic Search,North,471,1,268.15,268.15,2024-09-17,2024-09-17,1,3,4,At Risk,1
C007499,Social,Central,15,1,268.01,268.01,2025-12-17,2025-12-17,5,3,4,Potential Loyalists,0
C002433,Organic Search,North,428,1,267.96,267.96,2024-10-30,2024-10-30,1,3,4,At Risk,1
C002911,Email,East,138,2,267.23,133.61,2025-06-14,2025-08-16,3,4,4,Loyal Customers,1
C003322,Social,South,68,1,267.09,267.09,2025-10-25,2025-10-25,4,3,4,Potential Loyalists,0
C001128,Paid Search,East,182,1,267.02,267.02,2025-07-03,2025-07-03,2,3,4,At Risk,1
C004128,Paid Search,South,25,1,267.01,267.01,2025-12-07,2025-12-07,5,3,4,Potential Loyalists,0
C004697,Email,South,260,1,266.9,266.9,2025-04-16,2025-04-16,2,3,4,At Risk,1
C004855,Organic Search,West,123,2,266.84,133.42,2025-07-18,2025-08-31,3,4,4,Loyal Customers,1
C005750,Email,North,53,3,266.69,88.9,2024-09-12,2025-11-09,4,5,4,Champions,0
C001886,Organic Search,South,233,2,266.49,133.25,2024-11-30,2025-05-13,2,4,4,At Risk,1
C009460,Email,North,268,2,266.48,133.24,2025-02-15,2025-04-08,2,4,4,At Risk,1
C004834,Paid Search,East,27,2,266.32,133.16,2025-10-18,2025-12-05,5,4,4,Champions,0
C004046,Affiliate,South,212,1,266.16,266.16,2025-06-03,2025-06-03,2,3,4,At Risk,1
C009757,Direct,East,3,1,266.11,266.11,2025-12-29,2025-12-29,5,3,4,Potential Loyalists,0
C007396,Organic Search,East,16,3,265.85,88.62,2025-04-29,2025-12-16,5,5,4,Champions,0
C004453,Email,Central,56,2,265.27,132.63,2024-12-10,2025-11-06,4,4,4,Champions,0
C005398,Direct,South,84,2,265.26,132.63,2025-07-19,2025-10-09,3,4,4,Loyal Customers,0
C008899,Paid Search,South,360,1,265.15,265.15,2025-01-06,2025-01-06,1,3,4,At Risk,1
C000437,Paid Search,West,289,1,265.13,265.13,2025-03-18,2025-03-18,1,3,4,At Risk,1
C007252,Affiliate,North,85,1,265.12,265.12,2025-10-08,2025-10-08,3,3,4,Need Attention,0
C008509,Paid Search,North,54,2,265.04,132.52,2025-05-03,2025-11-08,4,4,4,Champions,0
C000574,Email,East,21,2,264.92,132.46,2025-10-03,2025-12-11,5,4,4,Champions,0
C007886,Social,South,215,2,264.86,132.43,2025-05-22,2025-05-31,2,4,4,At Risk,1
C007092,Direct,North,18,2,264.69,132.34,2025-10-23,2025-12-14,5,4,4,Champions,0
C003281,Organic Search,Central,312,1,264.32,264.32,2025-02-23,2025-02-23,1,3,4,At Risk,1
C009175,Organic Search,East,130,2,264.19,132.09,2025-06-20,2025-08-24,3,4,4,Loyal Customers,1
C001739,Affiliate,North,83,4,263.71,65.93,2025-07-14,2025-10-10,3,5,4,Loyal Customers,0
C000130,Paid Search,North,181,1,263.56,263.56,2025-07-04,2025-07-04,2,3,4,At Risk,1
C005556,Social,East,212,1,263.54,263.54,2025-06-03,2025-06-03,2,3,4,At Risk,1
C007096,Social,South,147,1,263.4,263.4,2025-08-07,2025-08-07,3,3,4,Need Attention,1
C009191,Email,South,373,3,263.09,87.7,2024-04-04,2024-12-24,1,5,4,At Risk,1
C002023,Organic Search,West,105,1,262.95,262.95,2025-09-18,2025-09-18,3,3,4,Need Attention,1
C007055,Direct,West,35,2,262.84,131.42,2025-02-08,2025-11-27,4,4,4,Champions,0
C009321,Organic Search,East,226,1,262.82,262.82,2025-05-20,2025-05-20,2,3,4,At Risk,1
C000365,Email,Central,89,2,262.7,131.35,2025-09-07,2025-10-04,3,4,4,Loyal Customers,0
C005964,Organic Search,South,194,2,262.4,131.2,2025-03-22,2025-06-21,2,4,4,At Risk,1
C003418,Email,West,30,1,262.39,262.39,2025-12-02,2025-12-02,5,3,4,Potential Loyalists,0
C006115,Social,South,37,2,262.07,131.03,2024-09-08,2025-11-25,4,4,4,Champions,0
C000350,Paid Search,West,179,2,261.99,131.0,2025-02-25,2025-07-06,2,4,4,At Risk,1
C001917,Organic Search,Central,141,2,261.73,130.87,2024-08-24,2025-08-13,3,4,4,Loyal Customers,1
C003050,Social,South,85,2,261.7,130.85,2025-09-29,2025-10-08,3,4,4,Loyal Customers,0
C003936,Email,South,186,3,261.47,87.16,2024-07-30,2025-06-29,2,5,4,At Risk,1
C001930,Organic Search,South,72,2,261.43,130.72,2025-06-23,2025-10-21,4,4,4,Champions,0
C007870,Email,East,3,4,261.29,65.32,2025-06-21,2025-12-29,5,5,4,Champions,0
C004363,Social,Central,129,1,260.96,260.96,2025-08-25,2025-08-25,3,3,4,Need Attention,1
C007184,Organic Search,South,75,3,260.9,86.97,2025-06-28,2025-10-18,4,5,4,Champions,0
C001708,Paid Search,South,204,1,260.83,260.83,2025-06-11,2025-06-11,2,3,4,At Risk,1
C008835,Social,South,382,2,260.76,130.38,2024-11-08,2024-12-15,1,4,4,At Risk,1
C006343,Direct,East,332,1,260.61,260.61,2025-02-03,2025-02-03,1,3,4,At Risk,1
C002582,Direct,North,93,1,260.42,260.42,2025-09-30,2025-09-30,3,3,4,Need Attention,1
C008908,Affiliate,West,124,1,260.42,260.42,2025-08-30,2025-08-30,3,3,4,Need Attention,1
C001848,Organic Search,Central,113,1,260.37,260.37,2025-09-10,2025-09-10,3,3,4,Need Attention,1
C000551,Email,South,216,1,260.15,260.15,2025-05-30,2025-05-30,2,3,4,At Risk,1
C005941,Affiliate,East,30,3,260.13,86.71,2025-08-22,2025-12-02,5,5,4,Champions,0
C007471,Organic Search,West,108,2,260.01,130.0,2024-04-01,2025-09-15,3,4,4,Loyal Customers,1
C001786,Social,North,72,1,259.92,259.92,2025-10-21,2025-10-21,4,3,4,Potential Loyalists,0
C002260,Email,South,35,1,259.9,259.9,2025-11-27,2025-11-27,4,3,4,Potential Loyalists,0
C007115,Email,West,118,2,259.63,129.81,2024-11-22,2025-09-05,3,4,4,Loyal Customers,1
C002696,Direct,West,119,1,259.57,259.57,2025-09-04,2025-09-04,3,3,4,Need Attention,1
C000748,Email,South,192,1,259.42,259.42,2025-06-23,2025-06-23,2,3,4,At Risk,1
C004555,Organic Search,South,89,2,259.41,129.7,2025-07-24,2025-10-04,3,4,4,Loyal Customers,0
C009024,Paid Search,South,4,2,259.3,129.65,2025-11-16,2025-12-28,5,4,4,Champions,0
C009579,Paid Search,West,17,3,259.28,86.43,2025-02-07,2025-12-15,5,5,4,Champions,0
C008107,Organic Search,South,54,3,259.17,86.39,2025-07-17,2025-11-08,4,5,4,Champions,0
C003907,Organic Search,West,88,1,259.17,259.17,2025-10-05,2025-10-05,3,3,4,Need Attention,0
C002802,Affiliate,South,41,1,259.15,259.15,2025-11-21,2025-11-21,4,3,4,Potential Loyalists,0
C001108,Email,South,516,2,259.14,129.57,2024-05-11,2024-08-03,1,4,4,At Risk,1
C001653,Affiliate,South,117,2,258.97,129.49,2025-05-29,2025-09-06,3,4,4,Loyal Customers,1
C001474,Direct,South,225,1,258.75,258.75,2025-05-21,2025-05-21,2,3,4,At Risk,1
C008942,Affiliate,West,433,1,258.56,258.56,2024-10-25,2024-10-25,1,3,4,At Risk,1
C006359,Organic Search,South,22,2,258.53,129.26,2025-12-05,2025-12-10,5,4,4,Champions,0
C009742,Organic Search,South,106,2,258.4,129.2,2025-03-27,2025-09-17,3,4,4,Loyal Customers,1
C008144,Paid Search,South,10,1,258.16,258.16,2025-12-22,2025-12-22,5,3,4,Potential Loyalists,0
C008238,Email,North,16,1,258.09,258.09,2025-12-16,2025-12-16,5,3,4,Potential Loyalists,0
C005134,Organic Search,South,173,1,257.94,257.94,2025-07-12,2025-07-12,2,3,4,At Risk,1
C000672,Organic Search,North,55,1,257.83,257.83,2025-11-07,2025-11-07,4,3,4,Potential Loyalists,0
C001016,Organic Search,West,417,1,257.62,257.62,2024-11-10,2024-11-10,1,3,4,At Risk,1
C000463,Affiliate,North,93,1,257.51,257.51,2025-09-30,2025-09-30,3,3,4,Need Attention,1
C004685,Paid Search,North,149,1,257.47,257.47,2025-08-05,2025-08-05,3,3,4,Need Attention,1
C002962,Direct,North,59,1,257.42,257.42,2025-11-03,2025-11-03,4,3,4,Potential Loyalists,0
C003675,Direct,West,31,3,257.25,85.75,2025-11-19,2025-12-01,5,5,4,Champions,0
C001998,Email,South,115,2,257.18,128.59,2025-03-28,2025-09-08,3,4,4,Loyal Customers,1
C004702,Email,South,109,1,257.16,257.16,2025-09-14,2025-09-14,3,3,4,Need Attention,1
C006287,Email,South,178,1,257.08,257.08,2025-07-07,2025-07-07,2,3,4,At Risk,1
C005360,Affiliate,West,88,2,257.07,128.53,2025-03-25,2025-10-05,3,4,4,Loyal Customers,0
C001675,Social,West,440,2,256.79,128.39,2024-04-05,2024-10-18,1,4,4,At Risk,1
C001075,Email,North,139,5,256.75,51.35,2024-06-05,2025-08-15,3,5,4,Loyal Customers,1
C007395,Email,North,157,2,256.73,128.37,2025-05-09,2025-07-28,3,4,4,Loyal Customers,1
C001829,Email,East,6,2,256.56,128.28,2025-11-01,2025-12-26,5,4,4,Champions,0
C005132,Email,West,118,2,256.45,128.22,2025-06-29,2025-09-05,3,4,4,Loyal Customers,1
C003723,Affiliate,North,1,1,256.26,256.26,2025-12-31,2025-12-31,5,3,4,Potential Loyalists,0
C009880,Organic Search,South,14,2,256.06,128.03,2025-08-31,2025-12-18,5,4,4,Champions,0
C007362,Direct,East,216,1,255.9,255.9,2025-05-30,2025-05-30,2,3,4,At Risk,1
C008742,Affiliate,Central,93,2,255.88,127.94,2025-09-10,2025-09-30,3,4,4,Loyal Customers,1
C000464,Organic Search,South,86,2,255.86,127.93,2025-06-18,2025-10-07,3,4,4,Loyal Customers,0
C005154,Affiliate,South,207,2,255.82,127.91,2025-04-08,2025-06-08,2,4,4,At Risk,1
C001095,Direct,North,152,3,255.81,85.27,2024-02-24,2025-08-02,3,5,4,Loyal Customers,1
C000762,Direct,West,24,1,255.8,255.8,2025-12-08,2025-12-08,5,3,4,Potential Loyalists,0
C005108,Email,South,210,2,255.42,127.71,2025-02-09,2025-06-05,2,4,4,At Risk,1
C007514,Affiliate,East,36,2,255.21,127.61,2025-11-01,2025-11-26,4,4,4,Champions,0
C004689,Organic Search,North,207,1,255.05,255.05,2025-06-08,2025-06-08,2,3,4,At Risk,1
C006750,Social,East,19,1,254.99,254.99,2025-12-13,2025-12-13,5,3,4,Potential Loyalists,0
C003963,Email,East,192,1,254.81,254.81,2025-06-23,2025-06-23,2,3,4,At Risk,1
C009200,Organic Search,South,174,2,254.57,127.28,2025-07-09,2025-07-11,2,4,4,At Risk,1
C005722,Paid Search,West,318,1,254.54,254.54,2025-02-17,2025-02-17,1,3,4,At Risk,1
C007296,Paid Search,West,150,1,254.46,254.46,2025-08-04,2025-08-04,3,3,4,Need Attention,1
C002863,Organic Search,South,593,1,254.4,254.4,2024-05-18,2024-05-18,1,3,4,At Risk,1
C009293,Organic Search,East,343,1,254.37,254.37,2025-01-23,2025-01-23,1,3,4,At Risk,1
C006227,Social,South,25,1,254.08,254.08,2025-12-07,2025-12-07,5,3,4,Potential Loyalists,0
C009544,Paid Search,North,108,2,253.77,126.89,2025-08-15,2025-09-15,3,4,4,Loyal Customers,1
C002734,Organic Search,South,519,1,253.74,253.74,2024-07-31,2024-07-31,1,3,4,At Risk,1
C003149,Affiliate,East,253,2,253.71,126.85,2025-01-31,2025-04-23,2,4,4,At Risk,1
C006772,Paid Search,North,152,2,253.65,126.83,2025-06-04,2025-08-02,3,4,4,Loyal Customers,1
C001671,Direct,South,386,2,253.65,126.83,2024-05-26,2024-12-11,1,4,4,At Risk,1
C001321,Affiliate,South,53,1,253.5,253.5,2025-11-09,2025-11-09,4,3,4,Potential Loyalists,0
C006328,Affiliate,North,514,1,253.45,253.45,2024-08-05,2024-08-05,1,3,4,At Risk,1
C009090,Organic Search,South,128,1,253.42,253.42,2025-08-26,2025-08-26,3,3,4,Need Attention,1
C003822,Social,Central,37,1,253.39,253.39,2025-11-25,2025-11-25,4,3,4,Potential Loyalists,0
C006818,Affiliate,West,103,1,253.34,253.34,2025-09-20,2025-09-20,3,3,4,Need Attention,1
C003807,Affiliate,Central,94,1,253.25,253.25,2025-09-29,2025-09-29,3,3,4,Need Attention,1
C006243,Organic Search,West,45,2,253.15,126.57,2025-07-06,2025-11-17,4,4,4,Champions,0
C006997,Paid Search,East,45,1,252.99,252.99,2025-11-17,2025-11-17,4,3,4,Potential Loyalists,0
C001673,Organic Search,East,2,2,252.97,126.48,2025-11-03,2025-12-30,5,4,4,Champions,0
C008053,Affiliate,East,149,1,252.86,252.86,2025-08-05,2025-08-05,3,3,4,Need Attention,1
C006655,Organic Search,North,302,1,252.71,252.71,2025-03-05,2025-03-05,1,3,4,At Risk,1
C006284,Organic Search,West,101,2,252.62,126.31,2024-10-08,2025-09-22,3,4,4,Loyal Customers,1
C001796,Social,South,104,1,252.43,252.43,2025-09-19,2025-09-19,3,3,4,Need Attention,1
C005541,Organic Search,North,249,1,252.37,252.37,2025-04-27,2025-04-27,2,3,4,At Risk,1
C007320,Social,South,79,2,252.35,126.18,2024-12-14,2025-10-14,4,4,4,Champions,0
C008569,Organic Search,East,28,1,252.13,252.13,2025-12-04,2025-12-04,5,3,4,Potential Loyalists,0
C009373,Paid Search,East,79,3,252.11,84.04,2025-09-28,2025-10-14,4,5,4,Champions,0
C001600,Email,South,69,2,251.96,125.98,2025-09-07,2025-10-24,4,4,4,Champions,0
C002447,Paid Search,West,98,3,251.84,83.95,2025-07-14,2025-09-25,3,5,4,Loyal Customers,1
C007752,Email,South,344,2,251.77,125.89,2024-10-15,2025-01-22,1,4,4,At Risk,1
C002590,Organic Search,South,39,2,251.72,125.86,2025-07-04,2025-11-23,4,4,4,Champions,0
C003872,Organic Search,West,34,1,251.64,251.64,2025-11-28,2025-11-28,5,3,4,Potential Loyalists,0
C006138,Direct,West,208,1,251.46,251.46,2025-06-07,2025-06-07,2,3,4,At Risk,1
C007588,Social,North,93,2,251.45,125.72,2025-05-07,2025-09-30,3,4,4,Loyal Customers,1
C002357,Social,South,89,3,251.32,83.77,2025-08-02,2025-10-04,3,5,4,Loyal Customers,0
C006311,Direct,West,269,1,251.32,251.32,2025-04-07,2025-04-07,2,3,4,At Risk,1
C008213,Social,Central,87,2,251.19,125.59,2024-10-19,2025-10-06,3,4,4,Loyal Customers,0
C002086,Paid Search,South,172,2,251.15,125.58,2025-07-02,2025-07-13,2,4,4,At Risk,1
C007832,Email,East,92,2,251.12,125.56,2025-08-06,2025-10-01,3,4,4,Loyal Customers,1
C003782,Direct,North,339,2,250.83,125.41,2025-01-14,2025-01-27,1,4,4,At Risk,1
C003247,Email,South,7,2,250.59,125.3,2025-12-20,2025-12-25,5,4,4,Champions,0
C003810,Social,West,305,2,250.33,125.17,2024-08-30,2025-03-02,1,4,4,At Risk,1
C007113,Organic Search,Central,312,1,250.05,250.05,2025-02-23,2025-02-23,1,3,4,At Risk,1
C007890,Paid Search,Central,188,1,249.83,249.83,2025-06-27,2025-06-27,2,3,4,At Risk,1
C006553,Direct,North,245,1,249.64,249.64,2025-05-01,2025-05-01,2,3,4,At Risk,1
C008285,Organic Search,West,35,2,249.35,124.67,2025-11-07,2025-11-27,4,4,4,Champions,0
C002194,Paid Search,West,266,2,249.27,124.63,2024-06-08,2025-04-10,2,4,4,At Risk,1
C002445,Affiliate,South,7,1,249.21,249.21,2025-12-25,2025-12-25,5,3,4,Potential Loyalists,0
C003310,Organic Search,West,97,2,249.17,124.59,2024-09-05,2025-09-26,3,4,4,Loyal Customers,1
C009022,Organic Search,West,29,3,249.13,83.04,2025-11-13,2025-12-03,5,5,4,Champions,0
C006481,Email,East,22,1,248.9,248.9,2025-12-10,2025-12-10,5,3,4,Potential Loyalists,0
C003633,Email,North,152,2,248.85,124.42,2025-05-28,2025-08-02,3,4,4,Loyal Customers,1
C004237,Email,South,170,2,248.79,124.39,2025-05-27,2025-07-15,2,4,4,At Risk,1
C005973,Paid Search,North,474,1,248.54,248.54,2024-09-14,2024-09-14,1,3,4,At Risk,1
C004538,Paid Search,East,158,1,248.48,248.48,2025-07-27,2025-07-27,3,3,4,Need Attention,1
C005936,Social,North,531,1,248.29,248.29,2024-07-19,2024-07-19,1,3,4,At Risk,1
C003099,Affiliate,South,106,2,247.86,123.93,2024-07-11,2025-09-17,3,4,4,Loyal Customers,1
C001295,Paid Search,South,96,2,247.76,123.88,2025-03-27,2025-09-27,3,4,4,Loyal Customers,1
C003537,Paid Search,South,24,1,247.36,247.36,2025-12-08,2025-12-08,5,3,4,Potential Loyalists,0
C006083,Paid Search,North,133,2,247.18,123.59,2025-04-18,2025-08-21,3,4,4,Loyal Customers,1
C004928,Social,South,110,2,247.02,123.51,2024-12-16,2025-09-13,3,4,4,Loyal Customers,1
C006496,Organic Search,West,468,2,247.01,123.51,2024-07-08,2024-09-20,1,4,4,At Risk,1
C002072,Organic Search,South,59,2,246.62,123.31,2025-10-31,2025-11-03,4,4,4,Champions,0
C000171,Paid Search,South,21,2,246.49,123.25,2025-04-29,2025-12-11,5,4,4,Champions,0
C007209,Organic Search,West,208,1,246.28,246.28,2025-06-07,2025-06-07,2,3,4,At Risk,1
C005068,Email,South,175,3,246.21,82.07,2024-12-27,2025-07-10,2,5,4,At Risk,1
C002988,Paid Search,North,160,3,246.01,82.0,2024-06-14,2025-07-25,3,5,4,Loyal Customers,1
C007260,Organic Search,West,324,1,245.99,245.99,2025-02-11,2025-02-11,1,3,4,At Risk,1
C005439,Paid Search,North,89,1,245.95,245.95,2025-10-04,2025-10-04,3,3,4,Need Attention,0
C006532,Organic Search,West,137,2,245.92,122.96,2025-07-18,2025-08-17,3,4,4,Loyal Customers,1
C005685,Organic Search,South,208,3,245.66,81.89,2025-05-13,2025-06-07,2,5,4,At Risk,1
C007505,Paid Search,North,171,1,245.63,245.63,2025-07-14,2025-07-14,2,3,4,At Risk,1
C006792,Paid Search,South,60,2,245.61,122.81,2025-10-22,2025-11-02,4,4,4,Champions,0
C003748,Paid Search,East,257,1,245.41,245.41,2025-04-19,2025-04-19,2,3,4,At Risk,1
C009886,Organic Search,East,241,1,245.13,245.13,2025-05-05,2025-05-05,2,3,4,At Risk,1
C006993,Email,East,478,1,245.07,245.07,2024-09-10,2024-09-10,1,3,4,At Risk,1
C008229,Direct,North,249,2,245.05,122.53,2025-01-09,2025-04-27,2,4,4,At Risk,1
C004696,Paid Search,Central,367,3,244.96,81.65,2024-07-26,2024-12-30,1,5,4,At Risk,1
C007538,Paid Search,West,353,1,244.93,244.93,2025-01-13,2025-01-13,1,3,4,At Risk,1
C009924,Organic Search,West,403,3,244.88,81.63,2024-05-04,2024-11-24,1,5,4,At Risk,1
C004687,Paid Search,South,45,2,244.87,122.44,2025-04-25,2025-11-17,4,4,4,Champions,0
C002061,Direct,North,355,1,244.81,244.81,2025-01-11,2025-01-11,1,3,4,At Risk,1
C004517,Organic Search,South,71,1,244.77,244.77,2025-10-22,2025-10-22,4,3,4,Potential Loyalists,0
C004614,Paid Search,South,328,1,244.75,244.75,2025-02-07,2025-02-07,1,3,4,At Risk,1
C007238,Organic Search,Central,284,1,244.71,244.71,2025-03-23,2025-03-23,1,3,4,At Risk,1
C002958,Direct,West,66,2,244.58,122.29,2025-08-16,2025-10-27,4,4,4,Champions,0
C005610,Direct,East,284,1,244.57,244.57,2025-03-23,2025-03-23,1,3,4,At Risk,1
C001945,Direct,North,184,1,244.09,244.09,2025-07-01,2025-07-01,2,3,4,At Risk,1
C002520,Affiliate,West,534,1,243.84,243.84,2024-07-16,2024-07-16,1,3,4,At Risk,1
C002256,Paid Search,North,259,1,243.78,243.78,2025-04-17,2025-04-17,2,3,4,At Risk,1
C002177,Social,South,189,1,243.69,243.69,2025-06-26,2025-06-26,2,3,4,At Risk,1
C008933,Social,West,250,2,243.61,121.81,2025-02-28,2025-04-26,2,4,4,At Risk,1
C002443,Social,West,26,3,243.57,81.19,2024-12-22,2025-12-06,5,5,4,Champions,0
C009698,Direct,South,23,2,243.29,121.64,2025-01-27,2025-12-09,5,4,4,Champions,0
C009861,Social,West,217,1,243.17,243.17,2025-05-29,2025-05-29,2,3,4,At Risk,1
C003985,Affiliate,South,21,2,242.93,121.46,2025-07-17,2025-12-11,5,4,4,Champions,0
C009718,Paid Search,West,197,2,242.93,121.47,2024-12-22,2025-06-18,2,4,4,At Risk,1
C003040,Social,Central,3,2,242.66,121.33,2025-09-13,2025-12-29,5,4,4,Champions,0
C009512,Email,South,11,1,242.38,242.38,2025-12-21,2025-12-21,5,3,4,Potential Loyalists,0
C002120,Affiliate,South,146,2,242.19,121.09,2024-06-30,2025-08-08,3,4,4,Loyal Customers,1
C000014,Affiliate,West,178,1,242.18,242.18,2025-07-07,2025-07-07,2,3,4,At Risk,1
C009927,Organic Search,Central,286,1,242.11,242.11,2025-03-21,2025-03-21,1,3,4,At Risk,1
C004408,Organic Search,South,49,1,242.09,242.09,2025-11-13,2025-11-13,4,3,4,Potential Loyalists,0
C003489,Social,West,73,1,242.09,242.09,2025-10-20,2025-10-20,4,3,4,Potential Loyalists,0
C005145,Organic Search,South,2,2,241.91,120.96,2025-11-13,2025-12-30,5,4,4,Champions,0
C001679,Direct,East,50,1,241.86,241.86,2025-11-12,2025-11-12,4,3,4,Potential Loyalists,0
C008561,Paid Search,South,35,2,241.84,120.92,2025-10-29,2025-11-27,4,4,4,Champions,0
C001611,Paid Search,South,137,2,241.75,120.88,2025-04-12,2025-08-17,3,4,4,Loyal Customers,1
C006491,Organic Search,South,73,2,241.52,120.76,2025-04-26,2025-10-20,4,4,4,Champions,0
C007095,Affiliate,Central,37,1,241.5,241.5,2025-11-25,2025-11-25,4,3,4,Potential Loyalists,0
C007342,Direct,South,21,1,241.49,241.49,2025-12-11,2025-12-11,5,3,4,Potential Loyalists,0
C003643,Email,West,376,1,241.34,241.34,2024-12-21,2024-12-21,1,3,4,At Risk,1
C003819,Social,East,34,3,241.2,80.4,2025-01-13,2025-11-28,5,5,4,Champions,0
C005430,Organic Search,North,405,1,241.06,241.06,2024-11-22,2024-11-22,1,3,4,At Risk,1
C008148,Email,West,315,1,241.04,241.04,2025-02-20,2025-02-20,1,3,4,At Risk,1
C000286,Organic Search,South,470,1,240.98,240.98,2024-09-18,2024-09-18,1,3,4,At Risk,1
C000160,Organic Search,East,18,2,240.86,120.43,2025-05-29,2025-12-14,5,4,4,Champions,0
C009609,Paid Search,West,41,1,240.8,240.8,2025-11-21,2025-11-21,4,3,4,Potential Loyalists,0
C004249,Email,West,11,4,240.77,60.19,2025-03-02,2025-12-21,5,5,4,Champions,0
C007747,Paid Search,North,206,1,240.49,240.49,2025-06-09,2025-06-09,2,3,4,At Risk,1
C001054,Email,West,13,1,240.37,240.37,2025-12-19,2025-12-19,5,3,4,Potential Loyalists,0
C004293,Social,West,137,1,240.13,240.13,2025-08-17,2025-08-17,3,3,4,Need Attention,1
C003579,Direct,East,224,1,239.71,239.71,2025-05-22,2025-05-22,2,3,4,At Risk,1
C008961,Organic Search,South,87,1,239.7,239.7,2025-10-06,2025-10-06,3,3,4,Need Attention,0
C005781,Email,North,44,4,239.68,59.92,2025-07-21,2025-11-18,4,5,4,Champions,0
C004912,Paid Search,South,53,1,239.45,239.45,2025-11-09,2025-11-09,4,3,4,Potential Loyalists,0
C007578,Affiliate,West,31,1,239.44,239.44,2025-12-01,2025-12-01,5,3,4,Potential Loyalists,0
C009554,Organic Search,West,1,2,239.3,119.65,2025-08-10,2025-12-31,5,4,4,Champions,0
C008204,Social,North,466,1,239.2,239.2,2024-09-22,2024-09-22,1,3,4,At Risk,1
C002104,Direct,East,30,1,239.03,239.03,2025-12-02,2025-12-02,5,3,4,Potential Loyalists,0
C000753,Paid Search,South,59,3,238.93,79.64,2025-08-06,2025-11-03,4,5,4,Champions,0
C007097,Paid Search,South,356,1,238.79,238.79,2025-01-10,2025-01-10,1,3,4,At Risk,1
C002928,Direct,North,303,3,238.75,79.58,2024-07-27,2025-03-04,1,5,4,At Risk,1
C008097,Affiliate,West,70,1,238.55,238.55,2025-10-23,2025-10-23,4,3,4,Potential Loyalists,0
C000532,Direct,East,113,1,238.47,238.47,2025-09-10,2025-09-10,3,3,4,Need Attention,1
C000276,Direct,South,122,1,238.28,238.28,2025-09-01,2025-09-01,3,3,4,Need Attention,1
C007448,Affiliate,South,174,1,238.21,238.21,2025-07-11,2025-07-11,2,3,4,At Risk,1
C008764,Organic Search,Central,220,1,238.15,238.15,2025-05-26,2025-05-26,2,3,4,At Risk,1
C006589,Direct,East,28,2,238.08,119.04,2025-05-28,2025-12-04,5,4,4,Champions,0
C006978,Organic Search,West,154,3,238.02,79.34,2025-04-29,2025-07-31,3,5,4,Loyal Customers,1
C004398,Organic Search,East,68,3,237.99,79.33,2025-04-27,2025-10-25,4,5,4,Champions,0
C000514,Paid Search,South,28,1,237.78,237.78,2025-12-04,2025-12-04,5,3,4,Potential Loyalists,0
C006420,Direct,East,14,3,237.76,79.25,2025-10-29,2025-12-18,5,5,4,Champions,0
C003112,Direct,South,335,1,237.64,237.64,2025-01-31,2025-01-31,1,3,4,At Risk,1
C004665,Organic Search,North,342,2,237.48,118.74,2024-11-16,2025-01-24,1,4,4,At Risk,1
C007460,Direct,Central,14,2,237.42,118.71,2025-12-14,2025-12-18,5,4,4,Champions,0
C005749,Email,North,269,2,237.38,118.69,2024-10-29,2025-04-07,2,4,4,At Risk,1
C008797,Social,South,6,3,237.25,79.08,2025-10-27,2025-12-26,5,5,4,Champions,0
C003389,Affiliate,South,57,2,237.22,118.61,2024-05-19,2025-11-05,4,4,4,Champions,0
C002428,Organic Search,East,3,3,237.18,79.06,2024-10-30,2025-12-29,5,5,4,Champions,0
C002008,Paid Search,West,46,1,237.08,237.08,2025-11-16,2025-11-16,4,3,4,Potential Loyalists,0
C003857,Social,West,121,1,236.75,236.75,2025-09-02,2025-09-02,3,3,4,Need Attention,1
C005266,Direct,West,9,2,236.36,118.18,2025-11-05,2025-12-23,5,4,4,Champions,0
C005872,Organic Search,South,200,2,236.35,118.18,2024-09-14,2025-06-15,2,4,4,At Risk,1
C006020,Paid Search,North,164,2,236.29,118.15,2024-12-17,2025-07-21,2,4,4,At Risk,1
C000272,Email,West,259,2,236.26,118.13,2024-09-25,2025-04-17,2,4,4,At Risk,1
C008430,Organic Search,North,480,2,236.24,118.12,2024-08-28,2024-09-08,1,4,4,At Risk,1
C000252,Organic Search,East,36,2,236.14,118.07,2024-11-15,2025-11-26,4,4,4,Champions,0
C002336,Affiliate,East,5,1,236.13,236.13,2025-12-27,2025-12-27,5,3,4,Potential Loyalists,0
C005815,Social,North,169,1,235.98,235.98,2025-07-16,2025-07-16,2,3,4,At Risk,1
C007393,Social,South,73,2,235.82,117.91,2024-10-31,2025-10-20,4,4,4,Champions,0
C003347,Social,West,78,2,235.67,117.83,2024-12-26,2025-10-15,4,4,4,Champions,0
C009305,Organic Search,West,54,2,235.43,117.72,2025-08-25,2025-11-08,4,4,4,Champions,0
C009969,Affiliate,West,82,1,235.4,235.4,2025-10-11,2025-10-11,3,3,4,Need Attention,0
C003792,Direct,South,192,3,235.12,78.37,2024-08-07,2025-06-23,2,5,4,At Risk,1
C001392,Direct,North,643,1,234.89,234.89,2024-03-29,2024-03-29,1,3,4,At Risk,1
C005405,Paid Search,North,166,3,234.6,78.2,2025-01-11,2025-07-19,2,5,4,At Risk,1
C000533,Organic Search,South,583,1,234.37,234.37,2024-05-28,2024-05-28,1,3,4,At Risk,1
C001430,Organic Search,South,105,1,234.22,234.22,2025-09-18,2025-09-18,3,3,4,Need Attention,1
C006286,Organic Search,North,433,2,234.12,117.06,2024-05-11,2024-10-25,1,4,4,At Risk,1
C003222,Affiliate,West,24,1,234.01,234.01,2025-12-08,2025-12-08,5,3,4,Potential Loyalists,0
C006789,Affiliate,East,430,2,234.0,117.0,2024-04-20,2024-10-28,1,4,4,At Risk,1
C002218,Affiliate,East,26,1,233.97,233.97,2025-12-06,2025-12-06,5,3,4,Potential Loyalists,0
C005110,Organic Search,North,73,1,233.95,233.95,2025-10-20,2025-10-20,4,3,4,Potential Loyalists,0
C000909,Paid Search,South,598,1,233.65,233.65,2024-05-13,2024-05-13,1,3,4,At Risk,1
C002169,Email,South,229,2,233.61,116.81,2025-05-12,2025-05-17,2,4,4,At Risk,1
C002371,Paid Search,South,258,1,233.6,233.6,2025-04-18,2025-04-18,2,3,4,At Risk,1
C005006,Paid Search,South,190,1,233.25,233.25,2025-06-25,2025-06-25,2,3,4,At Risk,1
C002903,Direct,West,50,2,232.85,116.42,2025-04-20,2025-11-12,4,4,4,Champions,0
C008388,Paid Search,North,11,1,232.77,232.77,2025-12-21,2025-12-21,5,3,4,Potential Loyalists,0
C006490,Direct,West,75,2,232.61,116.31,2025-07-15,2025-10-18,4,4,4,Champions,0
C007951,Affiliate,Central,106,1,232.59,232.59,2025-09-17,2025-09-17,3,3,4,Need Attention,1
C005484,Paid Search,South,206,3,232.54,77.51,2025-02-21,2025-06-09,2,5,4,At Risk,1
C000442,Direct,West,146,2,232.53,116.27,2025-08-07,2025-08-08,3,4,4,Loyal Customers,1
C001434,Direct,West,197,3,231.89,77.3,2025-03-03,2025-06-18,2,5,4,At Risk,1
C005261,Affiliate,Central,202,1,231.54,231.54,2025-06-13,2025-06-13,2,3,4,At Risk,1
C008636,Email,South,17,3,231.35,77.12,2025-11-14,2025-12-15,5,5,4,Champions,0
C001448,Organic Search,North,283,1,231.22,231.22,2025-03-24,2025-03-24,2,3,4,At Risk,1
C008426,Organic Search,North,175,3,231.13,77.04,2025-02-12,2025-07-10,2,5,4,At Risk,1
C002097,Paid Search,West,527,1,231.09,231.09,2024-07-23,2024-07-23,1,3,4,At Risk,1
C000991,Organic Search,Central,115,1,230.97,230.97,2025-09-08,2025-09-08,3,3,4,Need Attention,1
C008291,Paid Search,East,94,1,230.89,230.89,2025-09-29,2025-09-29,3,3,4,Need Attention,1
C006597,Social,South,124,1,230.89,230.89,2025-08-30,2025-08-30,3,3,4,Need Attention,1
C007819,Email,North,1,2,230.85,115.42,2025-07-16,2025-12-31,5,4,4,Champions,0
C007677,Paid Search,South,495,1,230.85,230.85,2024-08-24,2024-08-24,1,3,4,At Risk,1
C006807,Organic Search,North,54,2,230.61,115.3,2025-02-21,2025-11-08,4,4,4,Champions,0
C007834,Paid Search,East,161,1,230.56,230.56,2025-07-24,2025-07-24,2,3,4,At Risk,1
C007204,Social,West,10,2,230.48,115.24,2024-11-08,2025-12-22,5,4,4,Champions,0
C001834,Affiliate,West,232,1,230.15,230.15,2025-05-14,2025-05-14,2,3,4,At Risk,1
C003865,Affiliate,North,122,1,230.12,230.12,2025-09-01,2025-09-01,3,3,4,Need Attention,1
C001904,Direct,West,46,2,230.03,115.02,2025-11-02,2025-11-16,4,4,4,Champions,0
C005206,Affiliate,West,18,2,229.93,114.97,2025-10-17,2025-12-14,5,4,4,Champions,0
C003262,Email,East,24,3,229.91,76.64,2025-07-05,2025-12-08,5,5,4,Champions,0
C007648,Organic Search,South,1,1,229.84,229.84,2025-12-31,2025-12-31,5,3,4,Potential Loyalists,0
C009893,Email,West,246,1,229.78,229.78,2025-04-30,2025-04-30,2,3,4,At Risk,1
C009641,Paid Search,East,23,2,229.77,114.88,2025-10-12,2025-12-09,5,4,4,Champions,0
C004871,Paid Search,South,479,1,229.63,229.63,2024-09-09,2024-09-09,1,3,4,At Risk,1
C009511,Email,North,155,3,229.46,76.49,2024-12-27,2025-07-30,3,5,4,Loyal Customers,1
C000305,Organic Search,North,51,2,229.45,114.72,2025-03-28,2025-11-11,4,4,4,Champions,0
C005047,Affiliate,South,221,1,229.3,229.3,2025-05-25,2025-05-25,2,3,4,At Risk,1
C005709,Direct,West,24,2,229.06,114.53,2025-12-02,2025-12-08,5,4,4,Champions,0
C006478,Organic Search,South,98,1,228.77,228.77,2025-09-25,2025-09-25,3,3,4,Need Attention,1
C005780,Affiliate,West,117,3,228.68,76.23,2025-06-29,2025-09-06,3,5,4,Loyal Customers,1
C000413,Affiliate,West,279,1,228.64,228.64,2025-03-28,2025-03-28,2,3,4,At Risk,1
C009660,Organic Search,South,39,1,228.52,228.52,2025-11-23,2025-11-23,4,3,4,Potential Loyalists,0
C005901,Social,North,39,1,228.4,228.4,2025-11-23,2025-11-23,4,3,4,Potential Loyalists,0
C006662,Direct,East,531,1,228.4,228.4,2024-07-19,2024-07-19,1,3,4,At Risk,1
C008150,Paid Search,West,92,2,228.38,114.19,2025-09-15,2025-10-01,3,4,4,Loyal Customers,1
C007619,Organic Search,East,321,4,228.33,57.08,2024-09-17,2025-02-14,1,5,4,At Risk,1
C009019,Organic Search,East,13,2,228.01,114.0,2025-10-13,2025-12-19,5,4,4,Champions,0
C007144,Organic Search,West,176,2,227.93,113.97,2024-11-12,2025-07-09,2,4,4,At Risk,1
C002794,Organic Search,West,17,2,227.88,113.94,2025-09-29,2025-12-15,5,4,4,Champions,0
C006090,Paid Search,East,35,1,227.79,227.79,2025-11-27,2025-11-27,4,3,4,Potential Loyalists,0
C009923,Social,North,166,1,227.76,227.76,2025-07-19,2025-07-19,2,3,4,At Risk,1
C007650,Organic Search,East,141,2,227.75,113.88,2025-04-22,2025-08-13,3,4,4,Loyal Customers,1
C001862,Direct,North,280,1,227.65,227.65,2025-03-27,2025-03-27,2,3,4,At Risk,1
C000639,Paid Search,East,116,1,227.47,227.47,2025-09-07,2025-09-07,3,3,4,Need Attention,1
C006310,Paid Search,East,89,1,227.37,227.37,2025-10-04,2025-10-04,3,3,4,Need Attention,0
C005231,Organic Search,West,20,1,227.34,227.34,2025-12-12,2025-12-12,5,3,4,Potential Loyalists,0
C001360,Direct,West,64,1,227.3,227.3,2025-10-29,2025-10-29,4,3,4,Potential Loyalists,0
C000844,Organic Search,South,267,1,227.26,227.26,2025-04-09,2025-04-09,2,3,4,At Risk,1
C005290,Paid Search,Central,383,1,227.1,227.1,2024-12-14,2024-12-14,1,3,4,At Risk,1
C005986,Social,South,57,2,226.93,113.47,2025-01-03,2025-11-05,4,4,4,Champions,0
C003448,Organic Search,East,251,1,226.91,226.91,2025-04-25,2025-04-25,2,3,4,At Risk,1
C005748,Organic Search,North,161,1,226.9,226.9,2025-07-24,2025-07-24,2,3,4,At Risk,1
C000005,Paid Search,West,305,1,226.82,226.82,2025-03-02,2025-03-02,1,3,4,At Risk,1
C003399,Direct,East,137,2,226.78,113.39,2025-03-04,2025-08-17,3,4,4,Loyal Customers,1
C000135,Social,North,530,1,226.47,226.47,2024-07-20,2024-07-20,1,3,4,At Risk,1
C009863,Affiliate,West,47,3,225.76,75.25,2024-06-05,2025-11-15,4,5,4,Champions,0
C009015,Social,North,184,1,225.6,225.6,2025-07-01,2025-07-01,2,3,4,At Risk,1
C007059,Email,North,116,1,225.55,225.55,2025-09-07,2025-09-07,3,3,4,Need Attention,1
C000562,Direct,South,22,2,225.49,112.75,2025-09-12,2025-12-10,5,4,4,Champions,0
C009026,Paid Search,North,66,3,225.41,75.14,2025-09-04,2025-10-27,4,5,4,Champions,0
C003332,Affiliate,South,35,2,225.35,112.67,2025-10-08,2025-11-27,4,4,4,Champions,0
C008341,Email,West,231,2,225.35,112.67,2024-12-10,2025-05-15,2,4,4,At Risk,1
C006355,Organic Search,South,54,1,225.04,225.04,2025-11-08,2025-11-08,4,3,4,Potential Loyalists,0
C001623,Email,West,213,1,224.82,224.82,2025-06-02,2025-06-02,2,3,4,At Risk,1
C002482,Organic Search,South,135,2,224.58,112.29,2025-07-25,2025-08-19,3,4,4,Loyal Customers,1
C002182,Paid Search,North,97,1,224.41,224.41,2025-09-26,2025-09-26,3,3,4,Need Attention,1
C005546,Paid Search,South,178,2,224.25,112.13,2025-05-08,2025-07-07,2,4,4,At Risk,1
C000118,Direct,East,42,2,224.2,112.1,2025-06-17,2025-11-20,4,4,4,Champions,0
C004039,Social,South,53,1,224.19,224.19,2025-11-09,2025-11-09,4,3,4,Potential Loyalists,0
C000652,Email,East,403,2,223.83,111.92,2024-02-03,2024-11-24,1,4,4,At Risk,1
C001119,Direct,South,515,1,223.76,223.76,2024-08-04,2024-08-04,1,3,4,At Risk,1
C005841,Paid Search,South,7,1,223.72,223.72,2025-12-25,2025-12-25,5,3,4,Potential Loyalists,0
C006547,Direct,West,19,3,223.53,74.51,2025-06-27,2025-12-13,5,5,4,Champions,0
C005843,Organic Search,South,57,3,223.49,74.5,2024-11-13,2025-11-05,4,5,4,Champions,0
C002824,Affiliate,North,144,1,223.47,223.47,2025-08-10,2025-08-10,3,3,4,Need Attention,1
C004327,Direct,West,72,1,223.46,223.46,2025-10-21,2025-10-21,4,3,4,Potential Loyalists,0
C006577,Paid Search,South,13,1,223.27,223.27,2025-12-19,2025-12-19,5,3,4,Potential Loyalists,0
C002773,Social,East,39,3,223.27,74.42,2025-06-18,2025-11-23,4,5,4,Champions,0
C009207,Paid Search,Central,238,1,223.1,223.1,2025-05-08,2025-05-08,2,3,4,At Risk,1
C003031,Paid Search,West,40,1,223.07,223.07,2025-11-22,2025-11-22,4,3,4,Potential Loyalists,0
C001111,Affiliate,West,92,2,222.97,111.48,2025-04-23,2025-10-01,3,4,4,Loyal Customers,1
C008959,Social,West,43,1,222.94,222.94,2025-11-19,2025-11-19,4,3,4,Potential Loyalists,0
C007798,Email,East,226,2,222.88,111.44,2025-01-12,2025-05-20,2,4,4,At Risk,1
C006170,Social,East,142,1,222.83,222.83,2025-08-12,2025-08-12,3,3,4,Need Attention,1
C003305,Email,East,23,3,222.66,74.22,2025-11-07,2025-12-09,5,5,4,Champions,0
C008472,Organic Search,West,229,2,222.66,111.33,2024-11-16,2025-05-17,2,4,4,At Risk,1
C008897,Direct,South,365,1,222.62,222.62,2025-01-01,2025-01-01,1,3,4,At Risk,1
C009041,Paid Search,West,70,1,222.37,222.37,2025-10-23,2025-10-23,4,3,4,Potential Loyalists,0
C009737,Email,West,26,2,222.3,111.15,2025-01-01,2025-12-06,5,4,4,Champions,0
C006605,Paid Search,East,77,1,222.24,222.24,2025-10-16,2025-10-16,4,3,4,Potential Loyalists,0
C007376,Social,West,187,2,222.1,111.05,2024-12-25,2025-06-28,2,4,4,At Risk,1
C000475,Social,South,42,2,222.08,111.04,2025-03-03,2025-11-20,4,4,4,Champions,0
C000789,Paid Search,West,107,1,222.02,222.02,2025-09-16,2025-09-16,3,3,4,Need Attention,1
C009810,Organic Search,East,140,2,221.98,110.99,2025-01-19,2025-08-14,3,4,4,Loyal Customers,1
C008130,Paid Search,South,36,1,221.94,221.94,2025-11-26,2025-11-26,4,3,4,Potential Loyalists,0
C001184,Organic Search,West,57,1,221.9,221.9,2025-11-05,2025-11-05,4,3,4,Potential Loyalists,0
C008581,Organic Search,North,167,2,221.78,110.89,2025-02-24,2025-07-18,2,4,4,At Risk,1
C008244,Email,South,211,3,221.75,73.92,2024-08-28,2025-06-04,2,5,4,At Risk,1
C009570,Email,Central,181,1,221.74,221.74,2025-07-04,2025-07-04,2,3,4,At Risk,1
C008793,Social,South,125,1,221.73,221.73,2025-08-29,2025-08-29,3,3,4,Need Attention,1
C008417,Organic Search,North,83,2,221.64,110.82,2025-04-09,2025-10-10,3,4,4,Loyal Customers,0
C008719,Paid Search,North,133,2,221.58,110.79,2024-11-09,2025-08-21,3,4,4,Loyal Customers,1
C004144,Affiliate,South,350,2,221.5,110.75,2024-06-17,2025-01-16,1,4,4,At Risk,1
C009419,Social,North,55,1,221.39,221.39,2025-11-07,2025-11-07,4,3,4,Potential Loyalists,0
C006892,Affiliate,South,266,2,221.3,110.65,2024-11-19,2025-04-10,2,4,4,At Risk,1
C009680,Direct,South,34,2,220.91,110.45,2024-06-02,2025-11-28,5,4,4,Champions,0
C002507,Social,North,128,1,220.53,220.53,2025-08-26,2025-08-26,3,3,4,Need Attention,1
C009696,Organic Search,South,300,1,220.47,220.47,2025-03-07,2025-03-07,1,3,4,At Risk,1
C001844,Social,North,28,1,220.26,220.26,2025-12-04,2025-12-04,5,3,4,Potential Loyalists,0
C005834,Paid Search,Central,303,1,220.11,220.11,2025-03-04,2025-03-04,1,3,4,At Risk,1
C005262,Organic Search,North,310,2,220.06,110.03,2024-12-15,2025-02-25,1,4,4,At Risk,1
C002690,Paid Search,North,105,1,219.99,219.99,2025-09-18,2025-09-18,3,3,4,Need Attention,1
C000498,Paid Search,Central,274,1,219.93,219.93,2025-04-02,2025-04-02,2,3,4,At Risk,1
C008673,Email,West,418,1,219.92,219.92,2024-11-09,2024-11-09,1,3,4,At Risk,1
C007586,Social,South,502,1,219.84,219.84,2024-08-17,2024-08-17,1,3,4,At Risk,1
C000188,Affiliate,West,213,1,219.74,219.74,2025-06-02,2025-06-02,2,3,4,At Risk,1
C005345,Affiliate,South,54,1,219.72,219.72,2025-11-08,2025-11-08,4,3,4,Potential Loyalists,0
C005194,Social,Central,17,2,219.67,109.84,2025-11-22,2025-12-15,5,4,4,Champions,0
C001186,Organic Search,North,143,1,219.53,219.53,2025-08-11,2025-08-11,3,3,4,Need Attention,1
C001376,Affiliate,West,116,1,219.44,219.44,2025-09-07,2025-09-07,3,3,4,Need Attention,1
C005569,Social,West,28,2,219.38,109.69,2025-11-30,2025-12-04,5,4,4,Champions,0
C007864,Organic Search,South,77,1,219.38,219.38,2025-10-16,2025-10-16,4,3,4,Potential Loyalists,0
C001952,Affiliate,West,285,1,219.12,219.12,2025-03-22,2025-03-22,1,3,4,At Risk,1
C008292,Email,North,6,3,218.97,72.99,2025-11-30,2025-12-26,5,5,4,Champions,0
C002280,Organic Search,Central,577,1,218.78,218.78,2024-06-03,2024-06-03,1,3,4,At Risk,1
C001456,Email,West,41,2,218.76,109.38,2025-07-04,2025-11-21,4,4,4,Champions,0
C000178,Organic Search,West,474,1,218.56,218.56,2024-09-14,2024-09-14,1,3,4,At Risk,1
C004753,Organic Search,South,263,2,218.48,109.24,2025-02-26,2025-04-13,2,4,4,At Risk,1
C005337,Social,East,11,1,218.32,218.32,2025-12-21,2025-12-21,5,3,4,Potential Loyalists,0
C006148,Paid Search,South,229,2,217.92,108.96,2024-12-26,2025-05-17,2,4,4,At Risk,1
C009295,Social,West,231,1,217.45,217.45,2025-05-15,2025-05-15,2,3,4,At Risk,1
C002557,Direct,West,296,1,217.42,217.42,2025-03-11,2025-03-11,1,3,4,At Risk,1
C000647,Social,West,74,1,217.4,217.4,2025-10-19,2025-10-19,4,3,4,Potential Loyalists,0
C007525,Email,West,36,1,217.35,217.35,2025-11-26,2025-11-26,4,3,4,Potential Loyalists,0
C000332,Email,West,24,1,217.23,217.23,2025-12-08,2025-12-08,5,3,4,Potential Loyalists,0
C005029,Email,North,49,2,216.97,108.48,2025-06-15,2025-11-13,4,4,4,Champions,0
C008661,Direct,South,285,3,216.96,72.32,2025-01-10,2025-03-22,1,5,4,At Risk,1
C002365,Affiliate,Central,96,1,216.91,216.91,2025-09-27,2025-09-27,3,3,4,Need Attention,1
C001176,Email,East,23,2,216.71,108.35,2025-11-12,2025-12-09,5,4,4,Champions,0
C008583,Paid Search,North,68,1,216.6,216.6,2025-10-25,2025-10-25,4,3,4,Potential Loyalists,0
C005839,Direct,South,187,1,216.49,216.49,2025-06-28,2025-06-28,2,3,4,At Risk,1
C001936,Social,West,29,2,216.38,108.19,2025-10-29,2025-12-03,5,4,4,Champions,0
C003284,Paid Search,West,174,2,216.3,108.15,2024-03-18,2025-07-11,2,4,4,At Risk,1
C004797,Email,West,47,2,216.25,108.13,2025-09-22,2025-11-15,4,4,4,Champions,0
C002392,Paid Search,East,75,2,216.22,108.11,2025-04-22,2025-10-18,4,4,4,Champions,0
C005185,Organic Search,West,475,2,216.19,108.09,2024-08-21,2024-09-13,1,4,4,At Risk,1
C003204,Organic Search,Central,432,1,215.62,215.62,2024-10-26,2024-10-26,1,3,4,At Risk,1
C002821,Email,South,701,1,215.51,215.51,2024-01-31,2024-01-31,1,3,4,At Risk,1
C000803,Paid Search,East,7,2,215.42,107.71,2025-12-05,2025-12-25,5,4,4,Champions,0
C001756,Paid Search,North,384,1,215.34,215.34,2024-12-13,2024-12-13,1,3,4,At Risk,1
C007684,Organic Search,North,155,1,215.25,215.25,2025-07-30,2025-07-30,3,3,4,Need Attention,1
C002395,Social,North,38,1,215.2,215.2,2025-11-24,2025-11-24,4,3,4,Potential Loyalists,0
C002353,Social,South,171,1,215.19,215.19,2025-07-14,2025-07-14,2,3,4,At Risk,1
C008464,Email,North,19,2,214.46,107.23,2025-09-11,2025-12-13,5,4,4,Champions,0
C000349,Paid Search,North,356,1,214.31,214.31,2025-01-10,2025-01-10,1,3,4,At Risk,1
C004543,Email,West,71,3,214.26,71.42,2025-05-23,2025-10-22,4,5,4,Champions,0
C000580,Paid Search,South,303,1,214.21,214.21,2025-03-04,2025-03-04,1,3,4,At Risk,1
C003325,Paid Search,North,329,2,214.21,107.11,2024-10-27,2025-02-06,1,4,4,At Risk,1
C009017,Affiliate,Central,108,1,214.06,214.06,2025-09-15,2025-09-15,3,3,4,Need Attention,1
C007592,Paid Search,East,82,3,213.9,71.3,2025-05-04,2025-10-11,3,5,4,Loyal Customers,0
C002318,Organic Search,East,482,1,213.7,213.7,2024-09-06,2024-09-06,1,3,4,At Risk,1
C000563,Social,North,543,1,213.67,213.67,2024-07-07,2024-07-07,1,3,4,At Risk,1
C002716,Email,South,71,1,213.56,213.56,2025-10-22,2025-10-22,4,3,4,Potential Loyalists,0
C005303,Paid Search,East,121,2,213.36,106.68,2025-07-10,2025-09-02,3,4,4,Loyal Customers,1
C003547,Organic Search,South,54,1,213.23,213.23,2025-11-08,2025-11-08,4,3,4,Potential Loyalists,0
C005030,Paid Search,West,177,1,213.2,213.2,2025-07-08,2025-07-08,2,3,4,At Risk,1
C000537,Social,North,8,2,213.11,106.55,2025-02-07,2025-12-24,5,4,4,Champions,0
C005767,Affiliate,South,237,2,213.01,106.5,2025-02-21,2025-05-09,2,4,4,At Risk,1
C004690,Paid Search,East,43,1,212.99,212.99,2025-11-19,2025-11-19,4,3,4,Potential Loyalists,0
C003948,Organic Search,West,172,1,212.72,212.72,2025-07-13,2025-07-13,2,3,4,At Risk,1
C004165,Email,Central,243,3,212.62,70.87,2024-07-26,2025-05-03,2,5,4,At Risk,1
C006393,Organic Search,South,33,1,212.51,212.51,2025-11-29,2025-11-29,5,3,4,Potential Loyalists,0
C000508,Email,North,230,1,212.31,212.31,2025-05-16,2025-05-16,2,3,4,At Risk,1
C000018,Direct,West,33,2,212.21,106.1,2024-10-20,2025-11-29,5,4,4,Champions,0
C006258,Direct,West,167,1,212.17,212.17,2025-07-18,2025-07-18,2,3,4,At Risk,1
C003848,Direct,East,194,1,212.0,212.0,2025-06-21,2025-06-21,2,3,4,At Risk,1
C002635,Direct,North,44,1,211.99,211.99,2025-11-18,2025-11-18,4,3,4,Potential Loyalists,0
C006786,Affiliate,South,124,2,211.8,105.9,2025-07-14,2025-08-30,3,4,4,Loyal Customers,1
C004635,Email,Central,142,2,211.76,105.88,2025-07-04,2025-08-12,3,4,4,Loyal Customers,1
C005683,Social,West,233,1,211.65,211.65,2025-05-13,2025-05-13,2,3,4,At Risk,1
C007379,Paid Search,South,368,2,211.62,105.81,2024-05-02,2024-12-29,1,4,4,At Risk,1
C009706,Organic Search,West,186,1,211.46,211.46,2025-06-29,2025-06-29,2,3,4,At Risk,1
C002899,Email,Central,303,1,211.46,211.46,2025-03-04,2025-03-04,1,3,4,At Risk,1
C005146,Email,North,107,2,211.35,105.68,2025-08-28,2025-09-16,3,4,4,Loyal Customers,1
C007024,Direct,South,55,1,211.34,211.34,2025-11-07,2025-11-07,4,3,4,Potential Loyalists,0
C000102,Paid Search,East,60,2,211.15,105.57,2024-10-25,2025-11-02,4,4,4,Champions,0
C002901,Paid Search,South,348,1,211.07,211.07,2025-01-18,2025-01-18,1,3,4,At Risk,1
C002306,Direct,South,34,3,211.01,70.34,2025-09-12,2025-11-28,5,5,4,Champions,0
C009111,Paid Search,West,159,1,210.83,210.83,2025-07-26,2025-07-26,3,3,4,Need Attention,1
C003838,Social,West,18,1,210.82,210.82,2025-12-14,2025-12-14,5,3,4,Potential Loyalists,0
C008954,Direct,North,171,1,210.77,210.77,2025-07-14,2025-07-14,2,3,4,At Risk,1
C000397,Affiliate,North,1,1,210.76,210.76,2025-12-31,2025-12-31,5,3,4,Potential Loyalists,0
C004630,Affiliate,South,80,3,210.76,70.25,2025-07-17,2025-10-13,4,5,4,Champions,0
C004623,Affiliate,Central,41,2,210.73,105.36,2025-09-12,2025-11-21,4,4,4,Champions,0
C008286,Organic Search,West,166,2,210.66,105.33,2025-05-18,2025-07-19,2,4,4,At Risk,1
C003409,Organic Search,South,112,2,210.13,105.06,2024-11-22,2025-09-11,3,4,4,Loyal Customers,1
C000034,Organic Search,South,208,1,210.07,210.07,2025-06-07,2025-06-07,2,3,4,At Risk,1
C007507,Paid Search,North,139,1,209.78,209.78,2025-08-15,2025-08-15,3,3,4,Need Attention,1
C009372,Organic Search,West,8,1,209.73,209.73,2025-12-24,2025-12-24,5,3,4,Potential Loyalists,0
C005778,Affiliate,North,74,1,209.72,209.72,2025-10-19,2025-10-19,4,3,4,Potential Loyalists,0
C004882,Paid Search,North,120,1,209.6,209.6,2025-09-03,2025-09-03,3,3,4,Need Attention,1
C005054,Organic Search,West,198,2,209.58,104.79,2025-06-16,2025-06-17,2,4,4,At Risk,1
C009803,Email,East,21,2,209.54,104.77,2025-11-30,2025-12-11,5,4,4,Champions,0
C004713,Social,Central,253,1,209.42,209.42,2025-04-23,2025-04-23,2,3,4,At Risk,1
C008545,Affiliate,South,124,1,209.3,209.3,2025-08-30,2025-08-30,3,3,4,Need Attention,1
C009760,Email,South,61,1,209.21,209.21,2025-11-01,2025-11-01,4,3,4,Potential Loyalists,0
C006337,Social,South,60,1,209.08,209.08,2025-11-02,2025-11-02,4,3,4,Potential Loyalists,0
C007522,Direct,South,75,1,208.95,208.95,2025-10-18,2025-10-18,4,3,4,Potential Loyalists,0
C002627,Paid Search,North,250,2,208.63,104.31,2025-01-17,2025-04-26,2,4,4,At Risk,1
C004134,Social,North,458,2,208.43,104.22,2024-05-08,2024-09-30,1,4,4,At Risk,1
C004438,Social,South,4,1,208.33,208.33,2025-12-28,2025-12-28,5,3,4,Potential Loyalists,0
C003443,Organic Search,West,158,1,208.33,208.33,2025-07-27,2025-07-27,3,3,4,Need Attention,1
C007033,Direct,West,213,1,208.33,208.33,2025-06-02,2025-06-02,2,3,4,At Risk,1
C006188,Affiliate,South,60,2,208.19,104.09,2025-10-09,2025-11-02,4,4,4,Champions,0
C005268,Affiliate,East,119,2,207.98,103.99,2025-07-18,2025-09-04,3,4,4,Loyal Customers,1
C007779,Organic Search,West,99,1,207.97,207.97,2025-09-24,2025-09-24,3,3,4,Need Attention,1
C003769,Email,Central,153,2,207.69,103.84,2025-07-19,2025-08-01,3,4,4,Loyal Customers,1
C003992,Social,South,57,1,207.44,207.44,2025-11-05,2025-11-05,4,3,4,Potential Loyalists,0
C009401,Direct,Central,19,1,207.18,207.18,2025-12-13,2025-12-13,5,3,4,Potential Loyalists,0
C001151,Organic Search,West,107,1,207.18,207.18,2025-09-16,2025-09-16,3,3,4,Need Attention,1
C005689,Social,East,184,1,207.17,207.17,2025-07-01,2025-07-01,2,3,4,At Risk,1
C007165,Paid Search,East,29,2,207.15,103.58,2025-11-11,2025-12-03,5,4,4,Champions,0
C002070,Organic Search,South,84,2,207.05,103.53,2025-09-04,2025-10-09,3,4,4,Loyal Customers,0
C001183,Paid Search,West,479,2,206.98,103.49,2024-06-18,2024-09-09,1,4,4,At Risk,1
C000653,Affiliate,Central,166,1,206.93,206.93,2025-07-19,2025-07-19,2,3,4,At Risk,1
C006277,Organic Search,West,231,1,206.62,206.62,2025-05-15,2025-05-15,2,3,4,At Risk,1
C001766,Direct,West,185,1,206.26,206.26,2025-06-30,2025-06-30,2,3,4,At Risk,1
C004746,Social,West,480,1,206.12,206.12,2024-09-08,2024-09-08,1,3,4,At Risk,1
C000541,Paid Search,West,220,2,206.05,103.02,2025-05-23,2025-05-26,2,4,4,At Risk,1
C009463,Paid Search,South,158,1,205.79,205.79,2025-07-27,2025-07-27,3,3,4,Need Attention,1
C003056,Organic Search,South,7,2,205.72,102.86,2025-11-23,2025-12-25,5,4,4,Champions,0
C002656,Email,East,207,1,205.38,205.38,2025-06-08,2025-06-08,2,3,4,At Risk,1
C005329,Affiliate,South,232,1,205.08,205.08,2025-05-14,2025-05-14,2,3,4,At Risk,1
C008609,Email,South,228,1,205.03,205.03,2025-05-18,2025-05-18,2,3,4,At Risk,1
C009729,Social,Central,41,2,204.69,102.34,2025-04-12,2025-11-21,4,4,4,Champions,0
C000922,Email,North,48,1,204.68,204.68,2025-11-14,2025-11-14,4,3,4,Potential Loyalists,0
C005737,Email,Central,164,2,204.67,102.34,2025-06-07,2025-07-21,2,4,4,At Risk,1
C008398,Social,East,11,1,204.64,204.64,2025-12-21,2025-12-21,5,3,4,Potential Loyalists,0
C002062,Organic Search,South,28,2,204.59,102.3,2024-09-24,2025-12-04,5,4,4,Champions,0
C008918,Paid Search,South,316,1,204.48,204.48,2025-02-19,2025-02-19,1,3,4,At Risk,1
C007688,Direct,Central,261,1,204.2,204.2,2025-04-15,2025-04-15,2,3,4,At Risk,1
C001213,Organic Search,North,316,2,203.99,102.0,2025-01-09,2025-02-19,1,4,4,At Risk,1
C005787,Organic Search,East,579,1,203.81,203.81,2024-06-01,2024-06-01,1,3,4,At Risk,1
C005855,Email,West,137,2,203.78,101.89,2025-05-23,2025-08-17,3,4,4,Loyal Customers,1
C003440,Organic Search,North,34,1,203.76,203.76,2025-11-28,2025-11-28,5,3,4,Potential Loyalists,0
C001755,Social,South,30,1,203.7,203.7,2025-12-02,2025-12-02,5,3,4,Potential Loyalists,0
C004334,Paid Search,South,23,2,203.62,101.81,2025-03-06,2025-12-09,5,4,4,Champions,0
C006563,Organic Search,West,693,1,203.48,203.48,2024-02-08,2024-02-08,1,3,4,At Risk,1
C006410,Paid Search,West,277,1,203.22,203.22,2025-03-30,2025-03-30,2,3,4,At Risk,1
C008723,Paid Search,East,44,1,203.21,203.21,2025-11-18,2025-11-18,4,3,4,Potential Loyalists,0
C002554,Paid Search,North,322,1,203.06,203.06,2025-02-13,2025-02-13,1,3,4,At Risk,1
C002292,Organic Search,East,92,1,202.39,202.39,2025-10-01,2025-10-01,3,3,4,Need Attention,1
C009179,Direct,East,15,1,202.31,202.31,2025-12-17,2025-12-17,5,3,4,Potential Loyalists,0
C005908,Direct,Central,55,3,202.27,67.42,2025-02-27,2025-11-07,4,5,4,Champions,0
C008993,Affiliate,West,77,1,202.1,202.1,2025-10-16,2025-10-16,4,3,4,Potential Loyalists,0
C000196,Email,West,40,1,202.06,202.06,2025-11-22,2025-11-22,4,3,4,Potential Loyalists,0
C007651,Affiliate,West,57,2,202.0,101.0,2025-08-06,2025-11-05,4,4,4,Champions,0
C003091,Email,East,116,1,201.96,201.96,2025-09-07,2025-09-07,3,3,4,Need Attention,1
C007036,Paid Search,Central,476,1,201.95,201.95,2024-09-12,2024-09-12,1,3,4,At Risk,1
C008333,Email,West,73,1,201.89,201.89,2025-10-20,2025-10-20,4,3,4,Potential Loyalists,0
C003944,Social,Central,181,2,201.75,100.88,2025-05-10,2025-07-04,2,4,4,At Risk,1
C006217,Organic Search,North,28,1,201.51,201.51,2025-12-04,2025-12-04,5,3,4,Potential Loyalists,0
C001581,Affiliate,East,422,1,201.51,201.51,2024-11-05,2024-11-05,1,3,4,At Risk,1
C003382,Organic Search,East,151,2,201.38,100.69,2024-09-24,2025-08-03,3,4,4,Loyal Customers,1
C004766,Direct,South,183,1,201.31,201.31,2025-07-02,2025-07-02,2,3,4,At Risk,1
C004698,Organic Search,South,55,1,201.19,201.19,2025-11-07,2025-11-07,4,3,4,Potential Loyalists,0
C006171,Paid Search,North,163,2,200.95,100.47,2024-08-11,2025-07-22,2,4,4,At Risk,1
C002631,Social,West,74,1,200.91,200.91,2025-10-19,2025-10-19,4,3,4,Potential Loyalists,0
C002009,Social,West,36,2,200.85,100.43,2025-09-19,2025-11-26,4,4,4,Champions,0
C002438,Paid Search,Central,363,1,200.77,200.77,2025-01-03,2025-01-03,1,3,4,At Risk,1
C003655,Direct,South,143,2,200.74,100.37,2025-06-07,2025-08-11,3,4,4,Loyal Customers,1
C002641,Email,East,78,2,200.7,100.35,2025-07-17,2025-10-15,4,4,4,Champions,0
C008527,Direct,West,8,2,200.62,100.31,2025-11-03,2025-12-24,5,4,4,Champions,0
C004428,Social,West,120,1,200.6,200.6,2025-09-03,2025-09-03,3,3,4,Need Attention,1
C001852,Social,East,231,1,200.53,200.53,2025-05-15,2025-05-15,2,3,4,At Risk,1
C004362,Direct,North,75,2,200.46,100.23,2024-08-14,2025-10-18,4,4,4,Champions,0
C001386,Paid Search,West,430,1,200.34,200.34,2024-10-28,2024-10-28,1,3,4,At Risk,1
C004460,Paid Search,North,27,1,200.32,200.32,2025-12-05,2025-12-05,5,3,4,Potential Loyalists,0
C004848,Social,Central,192,1,200.32,200.32,2025-06-23,2025-06-23,2,3,4,At Risk,1
C007141,Social,South,297,2,199.99,99.99,2024-05-22,2025-03-10,1,4,4,At Risk,1
C001724,Organic Search,North,79,1,199.88,199.88,2025-10-14,2025-10-14,4,3,4,Potential Loyalists,0
C003039,Direct,West,279,2,199.86,99.93,2025-02-21,2025-03-28,2,4,4,At Risk,1
C003049,Social,East,259,1,199.83,199.83,2025-04-17,2025-04-17,2,3,4,At Risk,1
C006131,Affiliate,South,127,2,199.77,99.89,2024-09-02,2025-08-27,3,4,4,Loyal Customers,1
C008439,Social,East,28,1,199.6,199.6,2025-12-04,2025-12-04,5,3,4,Potential Loyalists,0
C006382,Social,East,42,1,199.54,199.54,2025-11-20,2025-11-20,4,3,4,Potential Loyalists,0
C005135,Email,East,182,1,199.49,199.49,2025-07-03,2025-07-03,2,3,4,At Risk,1
C008674,Direct,West,282,2,199.02,99.51,2024-12-31,2025-03-25,2,4,4,At Risk,1
C007403,Email,South,18,2,199.0,99.5,2024-08-13,2025-12-14,5,4,4,Champions,0
C001243,Direct,South,16,2,198.76,99.38,2025-11-27,2025-12-16,5,4,4,Champions,0
C004421,Direct,South,41,2,198.72,99.36,2025-05-29,2025-11-21,4,4,4,Champions,0
C005619,Direct,Central,43,2,198.71,99.35,2025-09-29,2025-11-19,4,4,4,Champions,0
C005127,Organic Search,South,342,1,198.65,198.65,2025-01-24,2025-01-24,1,3,4,At Risk,1
C005568,Social,West,351,2,198.36,99.18,2024-12-26,2025-01-15,1,4,4,At Risk,1
C007778,Social,East,140,1,198.26,198.26,2025-08-14,2025-08-14,3,3,4,Need Attention,1
C003306,Email,West,26,1,198.03,198.03,2025-12-06,2025-12-06,5,3,4,Potential Loyalists,0
C009261,Email,West,65,2,197.92,98.96,2025-06-28,2025-10-28,4,4,3,Champions,0
C006077,Paid Search,Central,50,1,197.61,197.61,2025-11-12,2025-11-12,4,3,3,Potential Loyalists,0
C009562,Organic Search,West,162,1,197.55,197.55,2025-07-23,2025-07-23,2,3,3,At Risk,1
C000948,Paid Search,North,143,1,197.46,197.46,2025-08-11,2025-08-11,3,3,3,Need Attention,1
C004476,Direct,Central,338,1,197.4,197.4,2025-01-28,2025-01-28,1,3,3,At Risk,1
C009518,Email,South,211,1,197.37,197.37,2025-06-04,2025-06-04,2,3,3,At Risk,1
C001510,Organic Search,East,238,1,197.24,197.24,2025-05-08,2025-05-08,2,3,3,At Risk,1
C009144,Organic Search,Central,307,1,197.15,197.15,2025-02-28,2025-02-28,1,3,3,At Risk,1
C007894,Social,West,97,1,196.83,196.83,2025-09-26,2025-09-26,3,3,3,Need Attention,1
C002894,Organic Search,Central,132,1,196.65,196.65,2025-08-22,2025-08-22,3,3,3,Need Attention,1
C004716,Organic Search,West,372,1,196.65,196.65,2024-12-25,2024-12-25,1,3,3,At Risk,1
C006908,Paid Search,West,219,1,196.62,196.62,2025-05-27,2025-05-27,2,3,3,At Risk,1
C005260,Direct,West,5,3,196.5,65.5,2025-11-17,2025-12-27,5,5,3,Champions,0
C002319,Paid Search,South,485,1,196.42,196.42,2024-09-03,2024-09-03,1,3,3,At Risk,1
C000080,Organic Search,West,237,1,196.41,196.41,2025-05-09,2025-05-09,2,3,3,At Risk,1
C003312,Paid Search,East,49,1,196.12,196.12,2025-11-13,2025-11-13,4,3,3,Potential Loyalists,0
C006596,Paid Search,South,327,1,195.75,195.75,2025-02-08,2025-02-08,1,3,3,At Risk,1
C002981,Direct,Central,55,1,195.45,195.45,2025-11-07,2025-11-07,4,3,3,Potential Loyalists,0
C004000,Social,West,186,1,195.28,195.28,2025-06-29,2025-06-29,2,3,3,At Risk,1
C006790,Direct,North,436,1,195.21,195.21,2024-10-22,2024-10-22,1,3,3,At Risk,1
C008548,Email,North,7,1,195.09,195.09,2025-12-25,2025-12-25,5,3,3,Potential Loyalists,0
C007931,Organic Search,South,263,1,195.06,195.06,2025-04-13,2025-04-13,2,3,3,At Risk,1
C000558,Organic Search,South,167,2,195.04,97.52,2024-06-18,2025-07-18,2,4,3,At Risk,1
C008860,Direct,West,19,2,194.84,97.42,2025-05-27,2025-12-13,5,4,3,Champions,0
C007052,Paid Search,South,55,1,194.51,194.51,2025-11-07,2025-11-07,4,3,3,Potential Loyalists,0
C002400,Organic Search,North,286,2,194.51,97.26,2025-03-02,2025-03-21,1,4,3,At Risk,1
C004197,Organic Search,West,377,1,194.27,194.27,2024-12-20,2024-12-20,1,3,3,At Risk,1
C006514,Organic Search,East,30,1,194.18,194.18,2025-12-02,2025-12-02,5,3,3,Potential Loyalists,0
C002505,Paid Search,South,338,2,193.96,96.98,2024-09-07,2025-01-28,1,4,3,At Risk,1
C008028,Email,East,3,2,193.78,96.89,2025-12-02,2025-12-29,5,4,3,Champions,0
C009001,Affiliate,East,482,1,193.61,193.61,2024-09-06,2024-09-06,1,3,3,At Risk,1
C006236,Social,West,40,1,193.48,193.48,2025-11-22,2025-11-22,4,3,3,Potential Loyalists,0
C002689,Affiliate,South,223,1,193.42,193.42,2025-05-23,2025-05-23,2,3,3,At Risk,1
C008375,Social,Central,160,1,193.35,193.35,2025-07-25,2025-07-25,3,3,3,Need Attention,1
C000068,Affiliate,South,212,1,193.31,193.31,2025-06-03,2025-06-03,2,3,3,At Risk,1
C007940,Organic Search,Central,18,3,192.93,64.31,2025-10-28,2025-12-14,5,5,3,Champions,0
C007006,Social,South,185,1,192.83,192.83,2025-06-30,2025-06-30,2,3,3,At Risk,1
C004995,Direct,North,230,1,192.75,192.75,2025-05-16,2025-05-16,2,3,3,At Risk,1
C001927,Direct,South,122,1,192.53,192.53,2025-09-01,2025-09-01,3,3,3,Need Attention,1
C002166,Email,South,497,2,192.35,96.17,2024-06-28,2024-08-22,1,4,3,At Risk,1
C007263,Email,North,315,1,192.34,192.34,2025-02-20,2025-02-20,1,3,3,At Risk,1
C002323,Direct,South,354,2,192.2,96.1,2024-05-10,2025-01-12,1,4,3,At Risk,1
C001172,Organic Search,East,61,1,192.19,192.19,2025-11-01,2025-11-01,4,3,3,Potential Loyalists,0
C002354,Organic Search,North,148,1,192.17,192.17,2025-08-06,2025-08-06,3,3,3,Need Attention,1
C001159,Direct,South,129,1,192.08,192.08,2025-08-25,2025-08-25,3,3,3,Need Attention,1
C007746,Social,North,21,1,192.05,192.05,2025-12-11,2025-12-11,5,3,3,Potential Loyalists,0
C003008,Paid Search,West,240,1,190.88,190.88,2025-05-06,2025-05-06,2,3,3,At Risk,1
C003446,Organic Search,South,86,2,190.85,95.42,2025-05-17,2025-10-07,3,4,3,Loyal Customers,0
C000462,Social,West,210,1,190.84,190.84,2025-06-05,2025-06-05,2,3,3,At Risk,1
C008996,Organic Search,East,138,1,190.8,190.8,2025-08-16,2025-08-16,3,3,3,Need Attention,1
C005050,Social,North,57,3,190.78,63.59,2025-08-05,2025-11-05,4,5,3,Champions,0
C003477,Direct,North,22,1,190.67,190.67,2025-12-10,2025-12-10,5,3,3,Potential Loyalists,0
C008237,Affiliate,East,82,1,190.67,190.67,2025-10-11,2025-10-11,3,3,3,Need Attention,0
C008252,Direct,West,63,1,190.66,190.66,2025-10-30,2025-10-30,4,3,3,Potential Loyalists,0
C002261,Social,East,14,3,190.51,63.5,2025-10-27,2025-12-18,5,5,3,Champions,0
C003390,Affiliate,South,88,1,190.42,190.42,2025-10-05,2025-10-05,3,3,3,Need Attention,0
C007408,Email,North,71,1,190.41,190.41,2025-10-22,2025-10-22,4,3,3,Potential Loyalists,0
C000725,Direct,West,22,1,190.36,190.36,2025-12-10,2025-12-10,5,3,3,Potential Loyalists,0
C005813,Organic Search,Central,281,2,190.3,95.15,2024-08-10,2025-03-26,2,4,3,At Risk,1
C003506,Email,North,125,2,190.24,95.12,2025-08-27,2025-08-29,3,4,3,Loyal Customers,1
C009256,Social,West,249,1,190.22,190.22,2025-04-27,2025-04-27,2,3,3,At Risk,1
C009443,Organic Search,East,87,1,190.04,190.04,2025-10-06,2025-10-06,3,3,3,Need Attention,0
C000990,Paid Search,West,67,1,189.97,189.97,2025-10-26,2025-10-26,4,3,3,Potential Loyalists,0
C003654,Organic Search,West,65,1,189.88,189.88,2025-10-28,2025-10-28,4,3,3,Potential Loyalists,0
C001169,Organic Search,West,311,1,189.8,189.8,2025-02-24,2025-02-24,1,3,3,At Risk,1
C005248,Social,West,86,1,189.78,189.78,2025-10-07,2025-10-07,3,3,3,Need Attention,0
C007624,Organic Search,West,116,2,189.77,94.88,2025-09-03,2025-09-07,3,4,3,Loyal Customers,1
C002975,Direct,South,25,3,189.74,63.25,2025-12-02,2025-12-07,5,5,3,Champions,0
C002007,Affiliate,South,320,3,189.68,63.23,2024-06-09,2025-02-15,1,5,3,At Risk,1
C006946,Affiliate,West,77,2,189.65,94.83,2024-06-13,2025-10-16,4,4,3,Champions,0
C009061,Organic Search,North,617,3,189.65,63.22,2024-04-09,2024-04-24,1,5,3,At Risk,1
C003152,Organic Search,North,107,2,189.35,94.68,2024-03-11,2025-09-16,3,4,3,Loyal Customers,1
C005179,Paid Search,South,61,2,189.23,94.61,2025-09-18,2025-11-01,4,4,3,Champions,0
C002738,Email,North,196,1,189.22,189.22,2025-06-19,2025-06-19,2,3,3,At Risk,1
C005891,Social,North,39,2,189.12,94.56,2025-03-21,2025-11-23,4,4,3,Champions,0
C001988,Paid Search,East,32,2,189.05,94.53,2025-11-29,2025-11-30,5,4,3,Champions,0
C009011,Direct,South,48,1,188.93,188.93,2025-11-14,2025-11-14,4,3,3,Potential Loyalists,0
C001236,Organic Search,West,182,1,188.74,188.74,2025-07-03,2025-07-03,2,3,3,At Risk,1
C006812,Organic Search,South,362,1,188.73,188.73,2025-01-04,2025-01-04,1,3,3,At Risk,1
C006915,Organic Search,East,541,1,188.73,188.73,2024-07-09,2024-07-09,1,3,3,At Risk,1
C003602,Organic Search,West,141,1,188.52,188.52,2025-08-13,2025-08-13,3,3,3,Need Attention,1
C005391,Social,North,428,2,188.47,94.23,2024-10-05,2024-10-30,1,4,3,At Risk,1
C004645,Organic Search,South,502,2,188.41,94.21,2024-01-14,2024-08-17,1,4,3,At Risk,1
C004478,Social,South,17,2,188.27,94.14,2025-12-11,2025-12-15,5,4,3,Champions,0
C009702,Paid Search,West,250,1,188.24,188.24,2025-04-26,2025-04-26,2,3,3,At Risk,1
C002718,Social,West,232,1,188.17,188.17,2025-05-14,2025-05-14,2,3,3,At Risk,1
C000445,Direct,South,155,2,187.98,93.99,2025-03-30,2025-07-30,3,4,3,Loyal Customers,1
C002076,Social,North,190,1,187.82,187.82,2025-06-25,2025-06-25,2,3,3,At Risk,1
C009183,Paid Search,South,373,2,187.81,93.91,2024-11-03,2024-12-24,1,4,3,At Risk,1
C007924,Social,North,49,1,187.53,187.53,2025-11-13,2025-11-13,4,3,3,Potential Loyalists,0
C008326,Paid Search,West,12,1,187.46,187.46,2025-12-20,2025-12-20,5,3,3,Potential Loyalists,0
C001748,Direct,North,46,1,187.42,187.42,2025-11-16,2025-11-16,4,3,3,Potential Loyalists,0
C007145,Direct,North,77,1,187.37,187.37,2025-10-16,2025-10-16,4,3,3,Potential Loyalists,0
C006008,Direct,North,187,2,187.35,93.67,2024-12-29,2025-06-28,2,4,3,At Risk,1
C007032,Paid Search,South,135,1,187.3,187.3,2025-08-19,2025-08-19,3,3,3,Need Attention,1
C006242,Social,West,530,1,187.22,187.22,2024-07-20,2024-07-20,1,3,3,At Risk,1
C008891,Social,West,7,1,186.99,186.99,2025-12-25,2025-12-25,5,3,3,Potential Loyalists,0
C009257,Paid Search,North,244,3,186.94,62.31,2024-06-14,2025-05-02,2,5,3,At Risk,1
C009507,Affiliate,North,92,2,186.8,93.4,2025-07-15,2025-10-01,3,4,3,Loyal Customers,1
C006972,Organic Search,South,81,1,186.75,186.75,2025-10-12,2025-10-12,4,3,3,Potential Loyalists,0
C005895,Paid Search,West,60,1,186.59,186.59,2025-11-02,2025-11-02,4,3,3,Potential Loyalists,0
C002771,Direct,West,68,2,186.52,93.26,2025-09-24,2025-10-25,4,4,3,Champions,0
C004945,Organic Search,North,95,3,186.43,62.14,2025-05-14,2025-09-28,3,5,3,Loyal Customers,1
C002328,Social,West,18,2,186.23,93.11,2025-12-10,2025-12-14,5,4,3,Champions,0
C004279,Social,South,96,1,186.22,186.22,2025-09-27,2025-09-27,3,3,3,Need Attention,1
C003783,Organic Search,East,357,1,186.22,186.22,2025-01-09,2025-01-09,1,3,3,At Risk,1
C001859,Organic Search,South,82,1,186.19,186.19,2025-10-11,2025-10-11,3,3,3,Need Attention,0
C000185,Direct,East,43,2,185.96,92.98,2025-04-19,2025-11-19,4,4,3,Champions,0
C007697,Social,South,8,2,185.9,92.95,2025-09-30,2025-12-24,5,4,3,Champions,0
C007558,Direct,South,90,2,185.77,92.88,2025-08-05,2025-10-03,3,4,3,Loyal Customers,0
C008939,Email,South,35,1,185.68,185.68,2025-11-27,2025-11-27,4,3,3,Potential Loyalists,0
C005793,Direct,West,60,1,185.68,185.68,2025-11-02,2025-11-02,4,3,3,Potential Loyalists,0
C000027,Organic Search,South,494,1,185.68,185.68,2024-08-25,2024-08-25,1,3,3,At Risk,1
C009725,Paid Search,Central,518,1,185.64,185.64,2024-08-01,2024-08-01,1,3,3,At Risk,1
C000199,Organic Search,West,367,1,185.57,185.57,2024-12-30,2024-12-30,1,3,3,At Risk,1
C004684,Organic Search,East,14,1,185.53,185.53,2025-12-18,2025-12-18,5,3,3,Potential Loyalists,0
C006003,Affiliate,North,689,1,185.45,185.45,2024-02-12,2024-02-12,1,3,3,At Risk,1
C002830,Paid Search,East,36,1,185.4,185.4,2025-11-26,2025-11-26,4,3,3,Potential Loyalists,0
C004840,Paid Search,West,570,1,185.29,185.29,2024-06-10,2024-06-10,1,3,3,At Risk,1
C009953,Paid Search,West,60,1,185.28,185.28,2025-11-02,2025-11-02,4,3,3,Potential Loyalists,0
C001910,Email,East,60,1,185.05,185.05,2025-11-02,2025-11-02,4,3,3,Potential Loyalists,0
C008287,Organic Search,South,506,1,184.85,184.85,2024-08-13,2024-08-13,1,3,3,At Risk,1
C004731,Social,South,75,2,184.8,92.4,2024-08-03,2025-10-18,4,4,3,Champions,0
C005196,Email,North,65,2,184.76,92.38,2025-03-17,2025-10-28,4,4,3,Champions,0
C002471,Direct,South,302,2,184.68,92.34,2024-08-09,2025-03-05,1,4,3,At Risk,1
C005811,Email,North,227,3,184.42,61.47,2024-06-10,2025-05-19,2,5,3,At Risk,1
C005910,Email,West,56,1,184.39,184.39,2025-11-06,2025-11-06,4,3,3,Potential Loyalists,0
C006374,Organic Search,East,253,1,184.39,184.39,2025-04-23,2025-04-23,2,3,3,At Risk,1
C006179,Organic Search,South,55,2,184.24,92.12,2025-07-24,2025-11-07,4,4,3,Champions,0
C003749,Organic Search,South,175,1,184.21,184.21,2025-07-10,2025-07-10,2,3,3,At Risk,1
C004734,Direct,South,19,3,184.07,61.36,2025-11-06,2025-12-13,5,5,3,Champions,0
C003815,Social,South,68,1,184.04,184.04,2025-10-25,2025-10-25,4,3,3,Potential Loyalists,0
C002018,Paid Search,West,40,2,183.82,91.91,2025-08-01,2025-11-22,4,4,3,Champions,0
C000552,Paid Search,West,323,1,183.64,183.64,2025-02-12,2025-02-12,1,3,3,At Risk,1
C009662,Email,East,214,2,183.62,91.81,2024-11-04,2025-06-01,2,4,3,At Risk,1
C000860,Direct,North,242,1,183.44,183.44,2025-05-04,2025-05-04,2,3,3,At Risk,1
C009677,Organic Search,North,1,1,183.41,183.41,2025-12-31,2025-12-31,5,3,3,Potential Loyalists,0
C008401,Paid Search,South,140,1,183.29,183.29,2025-08-14,2025-08-14,3,3,3,Need Attention,1
C006330,Paid Search,South,18,1,183.19,183.19,2025-12-14,2025-12-14,5,3,3,Potential Loyalists,0
C001189,Direct,West,195,2,183.08,91.54,2024-12-23,2025-06-20,2,4,3,At Risk,1
C004752,Email,North,234,1,182.87,182.87,2025-05-12,2025-05-12,2,3,3,At Risk,1
C002756,Affiliate,West,168,2,182.66,91.33,2025-05-29,2025-07-17,2,4,3,At Risk,1
C001538,Direct,East,57,1,182.55,182.55,2025-11-05,2025-11-05,4,3,3,Potential Loyalists,0
C004482,Organic Search,Central,113,2,182.31,91.16,2025-05-30,2025-09-10,3,4,3,Loyal Customers,1
C005669,Paid Search,Central,108,1,182.27,182.27,2025-09-15,2025-09-15,3,3,3,Need Attention,1
C003600,Paid Search,South,73,1,182.24,182.24,2025-10-20,2025-10-20,4,3,3,Potential Loyalists,0
C009251,Social,South,179,1,182.21,182.21,2025-07-06,2025-07-06,2,3,3,At Risk,1
C004569,Direct,North,31,1,182.12,182.12,2025-12-01,2025-12-01,5,3,3,Potential Loyalists,0
C000211,Email,East,357,1,182.03,182.03,2025-01-09,2025-01-09,1,3,3,At Risk,1
C002600,Paid Search,North,177,1,181.86,181.86,2025-07-08,2025-07-08,2,3,3,At Risk,1
C006172,Affiliate,South,48,2,181.73,90.87,2025-06-06,2025-11-14,4,4,3,Champions,0
C004480,Paid Search,North,109,2,181.64,90.82,2025-07-21,2025-09-14,3,4,3,Loyal Customers,1
C001437,Paid Search,South,403,1,181.63,181.63,2024-11-24,2024-11-24,1,3,3,At Risk,1
C009080,Social,South,159,1,181.62,181.62,2025-07-26,2025-07-26,3,3,3,Need Attention,1
C003638,Affiliate,South,13,2,181.54,90.77,2025-06-22,2025-12-19,5,4,3,Champions,0
C008927,Affiliate,East,283,1,181.46,181.46,2025-03-24,2025-03-24,2,3,3,At Risk,1
C007351,Organic Search,West,57,1,181.4,181.4,2025-11-05,2025-11-05,4,3,3,Potential Loyalists,0
C008386,Organic Search,South,80,1,181.39,181.39,2025-10-13,2025-10-13,4,3,3,Potential Loyalists,0
C007706,Direct,North,8,1,181.33,181.33,2025-12-24,2025-12-24,5,3,3,Potential Loyalists,0
C006781,Social,South,28,1,181.29,181.29,2025-12-04,2025-12-04,5,3,3,Potential Loyalists,0
C003158,Email,West,174,1,180.99,180.99,2025-07-11,2025-07-11,2,3,3,At Risk,1
C001353,Paid Search,South,348,1,180.98,180.98,2025-01-18,2025-01-18,1,3,3,At Risk,1
C003353,Social,West,220,1,180.95,180.95,2025-05-26,2025-05-26,2,3,3,At Risk,1
C003320,Organic Search,South,32,1,180.92,180.92,2025-11-30,2025-11-30,5,3,3,Potential Loyalists,0
C008057,Paid Search,North,133,2,180.89,90.44,2025-08-10,2025-08-21,3,4,3,Loyal Customers,1
C004111,Organic Search,South,71,1,180.86,180.86,2025-10-22,2025-10-22,4,3,3,Potential Loyalists,0
C007475,Email,South,127,1,180.72,180.72,2025-08-27,2025-08-27,3,3,3,Need Attention,1
C005782,Social,North,12,2,180.63,90.31,2025-09-18,2025-12-20,5,4,3,Champions,0
C006309,Direct,South,347,1,180.58,180.58,2025-01-19,2025-01-19,1,3,3,At Risk,1
C009153,Direct,North,128,3,180.39,60.13,2024-12-03,2025-08-26,3,5,3,Loyal Customers,1
C008729,Organic Search,West,77,1,180.2,180.2,2025-10-16,2025-10-16,4,3,3,Potential Loyalists,0
C004132,Affiliate,Central,246,1,180.18,180.18,2025-04-30,2025-04-30,2,3,3,At Risk,1
C004959,Organic Search,South,136,2,180.11,90.06,2025-06-30,2025-08-18,3,4,3,Loyal Customers,1
C005045,Paid Search,South,325,1,180.02,180.02,2025-02-10,2025-02-10,1,3,3,At Risk,1
C007701,Paid Search,West,20,3,179.65,59.88,2025-08-06,2025-12-12,5,5,3,Champions,0
C006392,Email,Central,276,1,179.37,179.37,2025-03-31,2025-03-31,2,3,3,At Risk,1
C000667,Email,West,105,1,179.31,179.31,2025-09-18,2025-09-18,3,3,3,Need Attention,1
C009850,Organic Search,West,140,2,179.28,89.64,2024-03-21,2025-08-14,3,4,3,Loyal Customers,1
C002037,Direct,North,300,2,179.03,89.52,2024-10-01,2025-03-07,1,4,3,At Risk,1
C000613,Social,North,261,1,179.02,179.02,2025-04-15,2025-04-15,2,3,3,At Risk,1
C002776,Organic Search,South,88,2,179.01,89.5,2025-06-11,2025-10-05,3,4,3,Loyal Customers,0
C001170,Direct,West,229,2,178.92,89.46,2025-02-02,2025-05-17,2,4,3,At Risk,1
C007776,Paid Search,South,30,3,178.91,59.64,2025-11-26,2025-12-02,5,5,3,Champions,0
C001413,Email,North,141,1,178.86,178.86,2025-08-13,2025-08-13,3,3,3,Need Attention,1
C000936,Organic Search,West,18,3,178.77,59.59,2024-05-22,2025-12-14,5,5,3,Champions,0
C004817,Paid Search,South,48,2,178.64,89.32,2025-11-14,2025-11-14,4,4,3,Champions,0
C009356,Organic Search,South,212,1,178.51,178.51,2025-06-03,2025-06-03,2,3,3,At Risk,1
C003626,Paid Search,North,43,1,178.46,178.46,2025-11-19,2025-11-19,4,3,3,Potential Loyalists,0
C005456,Email,North,54,1,178.38,178.38,2025-11-08,2025-11-08,4,3,3,Potential Loyalists,0
C005513,Social,South,551,1,178.36,178.36,2024-06-29,2024-06-29,1,3,3,At Risk,1
C007347,Email,South,192,1,178.22,178.22,2025-06-23,2025-06-23,2,3,3,At Risk,1
C006727,Affiliate,West,369,1,178.12,178.12,2024-12-28,2024-12-28,1,3,3,At Risk,1
C002891,Organic Search,West,59,1,178.06,178.06,2025-11-03,2025-11-03,4,3,3,Potential Loyalists,0
C002449,Social,North,430,1,178.06,178.06,2024-10-28,2024-10-28,1,3,3,At Risk,1
C004605,Organic Search,East,5,2,177.93,88.97,2025-12-12,2025-12-27,5,4,3,Champions,0
C008591,Social,North,197,2,177.9,88.95,2024-03-08,2025-06-18,2,4,3,At Risk,1
C007683,Paid Search,South,14,1,177.87,177.87,2025-12-18,2025-12-18,5,3,3,Potential Loyalists,0
C009722,Organic Search,West,17,3,177.68,59.23,2025-07-16,2025-12-15,5,5,3,Champions,0
C009252,Email,South,265,2,177.54,88.77,2024-12-21,2025-04-11,2,4,3,At Risk,1
C007574,Paid Search,South,6,2,177.38,88.69,2025-07-23,2025-12-26,5,4,3,Champions,0
C003956,Affiliate,North,326,1,177.37,177.37,2025-02-09,2025-02-09,1,3,3,At Risk,1
C009225,Email,West,99,2,177.23,88.62,2025-04-15,2025-09-24,3,4,3,Loyal Customers,1
C004692,Direct,South,222,1,177.18,177.18,2025-05-24,2025-05-24,2,3,3,At Risk,1
C006025,Social,North,8,2,177.16,88.58,2025-12-19,2025-12-24,5,4,3,Champions,0
C006686,Direct,South,50,2,177.02,88.51,2025-05-07,2025-11-12,4,4,3,Champions,0
C002183,Affiliate,North,58,1,176.99,176.99,2025-11-04,2025-11-04,4,3,3,Potential Loyalists,0
C004235,Direct,West,379,1,176.85,176.85,2024-12-18,2024-12-18,1,3,3,At Risk,1
C008856,Paid Search,West,214,2,176.62,88.31,2024-05-04,2025-06-01,2,4,3,At Risk,1
C003427,Direct,West,13,2,176.49,88.25,2025-08-21,2025-12-19,5,4,3,Champions,0
C007279,Organic Search,Central,29,1,176.22,176.22,2025-12-03,2025-12-03,5,3,3,Potential Loyalists,0
C009125,Affiliate,East,122,1,176.06,176.06,2025-09-01,2025-09-01,3,3,3,Need Attention,1
C009645,Paid Search,East,285,1,176.06,176.06,2025-03-22,2025-03-22,1,3,3,At Risk,1
C009290,Organic Search,West,25,1,176.02,176.02,2025-12-07,2025-12-07,5,3,3,Potential Loyalists,0
C000878,Direct,South,9,2,175.96,87.98,2025-11-28,2025-12-23,5,4,3,Champions,0
C006866,Organic Search,South,399,1,175.86,175.86,2024-11-28,2024-11-28,1,3,3,At Risk,1
C001590,Social,West,171,2,175.83,87.91,2024-08-25,2025-07-14,2,4,3,At Risk,1
C006635,Paid Search,West,44,1,175.77,175.77,2025-11-18,2025-11-18,4,3,3,Potential Loyalists,0
C006272,Direct,South,54,1,175.67,175.67,2025-11-08,2025-11-08,4,3,3,Potential Loyalists,0
C007655,Affiliate,West,188,1,175.31,175.31,2025-06-27,2025-06-27,2,3,3,At Risk,1
C001662,Direct,Central,104,1,175.24,175.24,2025-09-19,2025-09-19,3,3,3,Need Attention,1
C002046,Direct,West,3,2,175.19,87.59,2025-12-12,2025-12-29,5,4,3,Champions,0
C007660,Affiliate,North,146,2,175.0,87.5,2025-01-16,2025-08-08,3,4,3,Loyal Customers,1
C000664,Social,West,8,3,174.95,58.32,2025-10-09,2025-12-24,5,5,3,Champions,0
C009101,Paid Search,South,81,1,174.86,174.86,2025-10-12,2025-10-12,4,3,3,Potential Loyalists,0
C004679,Social,West,650,1,174.79,174.79,2024-03-22,2024-03-22,1,3,3,At Risk,1
C008519,Paid Search,North,64,2,174.67,87.34,2025-06-13,2025-10-29,4,4,3,Champions,0
C003081,Direct,South,17,1,174.27,174.27,2025-12-15,2025-12-15,5,3,3,Potential Loyalists,0
C001505,Paid Search,West,1,3,174.23,58.08,2025-12-01,2025-12-31,5,5,3,Champions,0
C003744,Direct,North,9,2,174.14,87.07,2025-07-08,2025-12-23,5,4,3,Champions,0
C009082,Direct,South,33,1,173.99,173.99,2025-11-29,2025-11-29,5,3,3,Potential Loyalists,0
C006602,Paid Search,West,3,1,173.85,173.85,2025-12-29,2025-12-29,5,3,3,Potential Loyalists,0
C002908,Social,West,554,1,173.83,173.83,2024-06-26,2024-06-26,1,3,3,At Risk,1
C009154,Affiliate,North,204,1,173.25,173.25,2025-06-11,2025-06-11,2,3,3,At Risk,1
C002223,Organic Search,South,75,2,173.03,86.52,2025-07-23,2025-10-18,4,4,3,Champions,0
C008196,Organic Search,North,33,2,172.97,86.48,2025-01-31,2025-11-29,5,4,3,Champions,0
C008324,Social,East,160,1,172.96,172.96,2025-07-25,2025-07-25,3,3,3,Need Attention,1
C008119,Paid Search,South,50,1,172.92,172.92,2025-11-12,2025-11-12,4,3,3,Potential Loyalists,0
C007718,Paid Search,North,274,1,172.76,172.76,2025-04-02,2025-04-02,2,3,3,At Risk,1
C000148,Direct,North,152,1,172.73,172.73,2025-08-02,2025-08-02,3,3,3,Need Attention,1
C006271,Paid Search,South,274,2,172.59,86.3,2025-02-22,2025-04-02,2,4,3,At Risk,1
C000237,Email,South,408,1,172.55,172.55,2024-11-19,2024-11-19,1,3,3,At Risk,1
C009902,Organic Search,West,91,1,172.45,172.45,2025-10-02,2025-10-02,3,3,3,Need Attention,1
C003274,Paid Search,East,40,3,172.29,57.43,2025-07-28,2025-11-22,4,5,3,Champions,0
C003683,Organic Search,South,83,1,172.25,172.25,2025-10-10,2025-10-10,3,3,3,Need Attention,0
C006841,Email,East,204,2,172.14,86.07,2025-04-21,2025-06-11,2,4,3,At Risk,1
C000359,Email,South,290,1,171.95,171.95,2025-03-17,2025-03-17,1,3,3,At Risk,1
C000877,Direct,South,23,2,171.6,85.8,2025-12-09,2025-12-09,5,4,3,Champions,0
C007218,Paid Search,East,154,2,171.49,85.75,2025-07-18,2025-07-31,3,4,3,Loyal Customers,1
C004107,Email,East,540,1,171.48,171.48,2024-07-10,2024-07-10,1,3,3,At Risk,1
C002217,Paid Search,West,145,1,171.32,171.32,2025-08-09,2025-08-09,3,3,3,Need Attention,1
C002619,Direct,North,524,1,171.18,171.18,2024-07-26,2024-07-26,1,3,3,At Risk,1
C008019,Social,South,262,1,171.08,171.08,2025-04-14,2025-04-14,2,3,3,At Risk,1
C009633,Social,South,64,2,170.9,85.45,2025-02-07,2025-10-29,4,4,3,Champions,0
C009464,Organic Search,West,196,2,170.87,85.44,2024-12-23,2025-06-19,2,4,3,At Risk,1
C009787,Paid Search,West,61,1,170.83,170.83,2025-11-01,2025-11-01,4,3,3,Potential Loyalists,0
C006250,Affiliate,South,45,3,170.72,56.91,2025-11-03,2025-11-17,4,5,3,Champions,0
C004615,Paid Search,South,79,1,170.46,170.46,2025-10-14,2025-10-14,4,3,3,Potential Loyalists,0
C006855,Organic Search,West,347,1,170.43,170.43,2025-01-19,2025-01-19,1,3,3,At Risk,1
C008118,Organic Search,South,146,1,170.4,170.4,2025-08-08,2025-08-08,3,3,3,Need Attention,1
C006375,Paid Search,South,178,2,170.4,85.2,2025-07-06,2025-07-07,2,4,3,At Risk,1
C005736,Social,North,30,1,170.33,170.33,2025-12-02,2025-12-02,5,3,3,Potential Loyalists,0
C007423,Organic Search,South,57,2,170.25,85.13,2025-11-02,2025-11-05,4,4,3,Champions,0
C001201,Organic Search,North,92,1,170.05,170.05,2025-10-01,2025-10-01,3,3,3,Need Attention,1
C005702,Direct,West,202,1,170.0,170.0,2025-06-13,2025-06-13,2,3,3,At Risk,1
C009115,Organic Search,South,135,3,169.82,56.61,2025-02-21,2025-08-19,3,5,3,Loyal Customers,1
C006383,Organic Search,Central,223,2,169.8,84.9,2025-02-14,2025-05-23,2,4,3,At Risk,1
C005334,Organic Search,West,304,1,169.67,169.67,2025-03-03,2025-03-03,1,3,3,At Risk,1
C004886,Organic Search,North,56,2,169.38,84.69,2025-03-13,2025-11-06,4,4,3,Champions,0
C005480,Email,North,192,1,169.38,169.38,2025-06-23,2025-06-23,2,3,3,At Risk,1
C008896,Social,West,221,1,169.32,169.32,2025-05-25,2025-05-25,2,3,3,At Risk,1
C009976,Direct,West,74,1,169.31,169.31,2025-10-19,2025-10-19,4,3,3,Potential Loyalists,0
C004488,Email,West,28,2,169.1,84.55,2025-08-23,2025-12-04,5,4,3,Champions,0
C002522,Paid Search,North,28,1,169.08,169.08,2025-12-04,2025-12-04,5,3,3,Potential Loyalists,0
C008111,Paid Search,South,49,2,169.03,84.52,2025-04-19,2025-11-13,4,4,3,Champions,0
C003586,Paid Search,West,144,2,168.88,84.44,2025-04-25,2025-08-10,3,4,3,Loyal Customers,1
C001311,Email,South,6,1,168.75,168.75,2025-12-26,2025-12-26,5,3,3,Potential Loyalists,0
C007849,Affiliate,West,165,1,168.73,168.73,2025-07-20,2025-07-20,2,3,3,At Risk,1
C006211,Email,West,376,1,168.5,168.5,2024-12-21,2024-12-21,1,3,3,At Risk,1
C006023,Organic Search,West,37,2,168.4,84.2,2025-11-17,2025-11-25,4,4,3,Champions,0
C000456,Direct,West,127,1,168.38,168.38,2025-08-27,2025-08-27,3,3,3,Need Attention,1
C004323,Social,Central,456,1,168.37,168.37,2024-10-02,2024-10-02,1,3,3,At Risk,1
C003117,Paid Search,West,471,1,168.32,168.32,2024-09-17,2024-09-17,1,3,3,At Risk,1
C007182,Social,South,70,2,168.15,84.08,2024-03-06,2025-10-23,4,4,3,Champions,0
C006721,Direct,South,137,1,168.07,168.07,2025-08-17,2025-08-17,3,3,3,Need Attention,1
C002029,Social,North,104,1,167.91,167.91,2025-09-19,2025-09-19,3,3,3,Need Attention,1
C003841,Email,East,52,2,167.81,83.91,2025-04-25,2025-11-10,4,4,3,Champions,0
C007621,Social,South,92,2,167.66,83.83,2025-08-25,2025-10-01,3,4,3,Loyal Customers,1
C007167,Social,East,345,1,167.64,167.64,2025-01-21,2025-01-21,1,3,3,At Risk,1
C002368,Organic Search,South,45,2,167.6,83.8,2025-10-14,2025-11-17,4,4,3,Champions,0
C004183,Organic Search,East,44,1,167.52,167.52,2025-11-18,2025-11-18,4,3,3,Potential Loyalists,0
C005735,Organic Search,West,123,2,167.5,83.75,2025-08-02,2025-08-31,3,4,3,Loyal Customers,1
C004784,Organic Search,North,166,1,167.47,167.47,2025-07-19,2025-07-19,2,3,3,At Risk,1
C003116,Organic Search,Central,43,1,167.26,167.26,2025-11-19,2025-11-19,4,3,3,Potential Loyalists,0
C000895,Affiliate,East,44,1,167.17,167.17,2025-11-18,2025-11-18,4,3,3,Potential Loyalists,0
C002714,Social,West,236,1,166.96,166.96,2025-05-10,2025-05-10,2,3,3,At Risk,1
C009859,Social,North,93,1,166.92,166.92,2025-09-30,2025-09-30,3,3,3,Need Attention,1
C004793,Direct,South,116,1,166.87,166.87,2025-09-07,2025-09-07,3,3,3,Need Attention,1
C006707,Email,West,4,2,166.53,83.27,2025-11-16,2025-12-28,5,4,3,Champions,0
C000645,Affiliate,Central,21,2,166.5,83.25,2025-11-11,2025-12-11,5,4,3,Champions,0
C007867,Email,West,41,1,166.43,166.43,2025-11-21,2025-11-21,4,3,3,Potential Loyalists,0
C006062,Paid Search,South,701,1,166.38,166.38,2024-01-31,2024-01-31,1,3,3,At Risk,1
C004325,Direct,West,42,1,166.29,166.29,2025-11-20,2025-11-20,4,3,3,Potential Loyalists,0
C008943,Organic Search,West,19,1,166.23,166.23,2025-12-13,2025-12-13,5,3,3,Potential Loyalists,0
C007413,Affiliate,West,293,1,166.16,166.16,2025-03-14,2025-03-14,1,3,3,At Risk,1
C005574,Affiliate,East,135,1,166.02,166.02,2025-08-19,2025-08-19,3,3,3,Need Attention,1
C000127,Affiliate,South,360,1,165.89,165.89,2025-01-06,2025-01-06,1,3,3,At Risk,1
C006973,Paid Search,South,433,1,165.84,165.84,2024-10-25,2024-10-25,1,3,3,At Risk,1
C003968,Social,West,107,2,165.68,82.84,2025-09-10,2025-09-16,3,4,3,Loyal Customers,1
C007430,Affiliate,East,32,2,165.57,82.78,2025-08-21,2025-11-30,5,4,3,Champions,0
C004178,Organic Search,West,255,1,165.5,165.5,2025-04-21,2025-04-21,2,3,3,At Risk,1
C004972,Affiliate,West,245,2,165.33,82.67,2025-04-27,2025-05-01,2,4,3,At Risk,1
C003687,Organic Search,South,211,1,165.22,165.22,2025-06-04,2025-06-04,2,3,3,At Risk,1
C004927,Social,South,35,2,165.0,82.5,2025-11-18,2025-11-27,4,4,3,Champions,0
C009169,Organic Search,West,190,1,164.76,164.76,2025-06-25,2025-06-25,2,3,3,At Risk,1
C002636,Email,South,1,3,164.75,54.92,2025-10-07,2025-12-31,5,5,3,Champions,0
C002677,Affiliate,South,200,2,164.72,82.36,2025-04-12,2025-06-15,2,4,3,At Risk,1
C001408,Paid Search,West,10,3,164.62,54.87,2025-06-30,2025-12-22,5,5,3,Champions,0
C009715,Email,West,460,1,164.59,164.59,2024-09-28,2024-09-28,1,3,3,At Risk,1
C000694,Affiliate,South,326,1,164.36,164.36,2025-02-09,2025-02-09,1,3,3,At Risk,1
C003266,Email,South,18,3,164.19,54.73,2024-10-10,2025-12-14,5,5,3,Champions,0
C007593,Organic Search,West,51,1,164.17,164.17,2025-11-11,2025-11-11,4,3,3,Potential Loyalists,0
C002096,Email,South,263,3,164.15,54.72,2025-02-05,2025-04-13,2,5,3,At Risk,1
C008302,Direct,South,125,1,164.12,164.12,2025-08-29,2025-08-29,3,3,3,Need Attention,1
C004193,Paid Search,North,167,1,163.89,163.89,2025-07-18,2025-07-18,2,3,3,At Risk,1
C000380,Direct,East,450,1,163.85,163.85,2024-10-08,2024-10-08,1,3,3,At Risk,1
C004824,Affiliate,East,153,1,163.6,163.6,2025-08-01,2025-08-01,3,3,3,Need Attention,1
C002180,Organic Search,North,239,1,163.49,163.49,2025-05-07,2025-05-07,2,3,3,At Risk,1
C008820,Affiliate,East,15,2,163.46,81.73,2025-06-01,2025-12-17,5,4,3,Champions,0
C009495,Email,West,76,2,163.22,81.61,2025-01-01,2025-10-17,4,4,3,Champions,0
C000591,Social,East,62,1,163.04,163.04,2025-10-31,2025-10-31,4,3,3,Potential Loyalists,0
C005584,Organic Search,East,82,1,162.97,162.97,2025-10-11,2025-10-11,3,3,3,Need Attention,0
C008179,Direct,North,424,1,162.91,162.91,2024-11-03,2024-11-03,1,3,3,At Risk,1
C000622,Paid Search,South,104,2,162.9,81.45,2024-10-16,2025-09-19,3,4,3,Loyal Customers,1
C001496,Organic Search,Central,63,2,162.73,81.36,2025-08-18,2025-10-30,4,4,3,Champions,0
C005997,Direct,North,392,1,162.51,162.51,2024-12-05,2024-12-05,1,3,3,At Risk,1
C002598,Direct,South,87,1,162.46,162.46,2025-10-06,2025-10-06,3,3,3,Need Attention,0
C004123,Direct,East,409,1,162.45,162.45,2024-11-18,2024-11-18,1,3,3,At Risk,1
C003764,Paid Search,South,31,2,162.39,81.2,2025-08-31,2025-12-01,5,4,3,Champions,0
C009192,Organic Search,South,70,2,162.36,81.18,2025-08-04,2025-10-23,4,4,3,Champions,0
C003404,Organic Search,East,88,2,162.09,81.05,2025-07-26,2025-10-05,3,4,3,Loyal Customers,0
C003401,Email,West,7,2,162.08,81.04,2025-12-01,2025-12-25,5,4,3,Champions,0
C000970,Social,West,108,2,161.99,81.0,2025-02-06,2025-09-15,3,4,3,Loyal Customers,1
C003368,Social,Central,5,2,161.96,80.98,2025-12-08,2025-12-27,5,4,3,Champions,0
C007219,Organic Search,South,122,2,161.96,80.98,2025-03-09,2025-09-01,3,4,3,Loyal Customers,1
C002201,Direct,West,2,2,161.67,80.84,2025-09-18,2025-12-30,5,4,3,Champions,0
C004145,Email,South,270,2,161.53,80.77,2025-04-01,2025-04-06,2,4,3,At Risk,1
C004510,Social,South,313,1,161.5,161.5,2025-02-22,2025-02-22,1,3,3,At Risk,1
C001587,Email,South,5,2,161.49,80.75,2025-11-15,2025-12-27,5,4,3,Champions,0
C000767,Organic Search,West,40,2,161.44,80.72,2025-10-09,2025-11-22,4,4,3,Champions,0
C005596,Social,Central,446,2,161.18,80.59,2024-03-21,2024-10-12,1,4,3,At Risk,1
C004290,Organic Search,Central,50,3,161.11,53.7,2025-01-23,2025-11-12,4,5,3,Champions,0
C005358,Direct,South,36,1,161.02,161.02,2025-11-26,2025-11-26,4,3,3,Potential Loyalists,0
C009503,Affiliate,Central,327,1,160.98,160.98,2025-02-08,2025-02-08,1,3,3,At Risk,1
C004160,Paid Search,West,248,1,160.9,160.9,2025-04-28,2025-04-28,2,3,3,At Risk,1
C005679,Social,East,51,1,160.55,160.55,2025-11-11,2025-11-11,4,3,3,Potential Loyalists,0
C003816,Direct,South,14,2,160.45,80.22,2025-11-08,2025-12-18,5,4,3,Champions,0
C007633,Paid Search,East,172,1,160.44,160.44,2025-07-13,2025-07-13,2,3,3,At Risk,1
C002165,Email,East,29,2,160.43,80.22,2025-06-08,2025-12-03,5,4,3,Champions,0
C003789,Direct,South,1,1,160.36,160.36,2025-12-31,2025-12-31,5,3,3,Potential Loyalists,0
C004903,Direct,West,133,1,160.35,160.35,2025-08-21,2025-08-21,3,3,3,Need Attention,1
C002583,Paid Search,West,2,1,160.32,160.32,2025-12-30,2025-12-30,5,3,3,Potential Loyalists,0
C000852,Organic Search,West,24,1,160.3,160.3,2025-12-08,2025-12-08,5,3,3,Potential Loyalists,0
C007903,Organic Search,North,455,2,160.28,80.14,2024-07-03,2024-10-03,1,4,3,At Risk,1
C003106,Social,Central,56,1,160.02,160.02,2025-11-06,2025-11-06,4,3,3,Potential Loyalists,0
C002906,Organic Search,Central,416,1,159.99,159.99,2024-11-11,2024-11-11,1,3,3,At Risk,1
C007078,Social,North,378,1,159.88,159.88,2024-12-19,2024-12-19,1,3,3,At Risk,1
C008734,Paid Search,South,97,1,159.79,159.79,2025-09-26,2025-09-26,3,3,3,Need Attention,1
C005387,Direct,West,149,1,159.67,159.67,2025-08-05,2025-08-05,3,3,3,Need Attention,1
C009151,Paid Search,South,591,1,159.53,159.53,2024-05-20,2024-05-20,1,3,3,At Risk,1
C009834,Organic Search,East,88,1,159.39,159.39,2025-10-05,2025-10-05,3,3,3,Need Attention,0
C001860,Affiliate,South,39,1,159.31,159.31,2025-11-23,2025-11-23,4,3,3,Potential Loyalists,0
C005724,Organic Search,East,10,1,159.29,159.29,2025-12-22,2025-12-22,5,3,3,Potential Loyalists,0
C000634,Direct,South,17,2,158.97,79.48,2025-04-02,2025-12-15,5,4,3,Champions,0
C001209,Social,South,48,1,158.88,158.88,2025-11-14,2025-11-14,4,3,3,Potential Loyalists,0
C000723,Affiliate,West,45,2,158.85,79.43,2025-07-11,2025-11-17,4,4,3,Champions,0
C005505,Affiliate,East,83,1,158.69,158.69,2025-10-10,2025-10-10,3,3,3,Need Attention,0
C005524,Organic Search,Central,52,1,158.54,158.54,2025-11-10,2025-11-10,4,3,3,Potential Loyalists,0
C006507,Paid Search,North,45,2,158.51,79.25,2024-04-06,2025-11-17,4,4,3,Champions,0
C000958,Social,North,83,2,158.43,79.22,2025-01-20,2025-10-10,3,4,3,Loyal Customers,0
C009504,Direct,West,535,1,158.12,158.12,2024-07-15,2024-07-15,1,3,3,At Risk,1
C003408,Paid Search,South,226,2,158.1,79.05,2025-01-19,2025-05-20,2,4,3,At Risk,1
C001127,Direct,South,74,1,158.09,158.09,2025-10-19,2025-10-19,4,3,3,Potential Loyalists,0
C000140,Paid Search,West,176,1,158.06,158.06,2025-07-09,2025-07-09,2,3,3,At Risk,1
C005835,Organic Search,North,25,2,157.92,78.96,2025-08-21,2025-12-07,5,4,3,Champions,0
C009404,Email,South,106,3,157.68,52.56,2025-04-16,2025-09-17,3,5,3,Loyal Customers,1
C001251,Organic Search,West,186,1,157.6,157.6,2025-06-29,2025-06-29,2,3,3,At Risk,1
C003208,Direct,West,11,1,157.11,157.11,2025-12-21,2025-12-21,5,3,3,Potential Loyalists,0
C004226,Social,East,194,1,157.07,157.07,2025-06-21,2025-06-21,2,3,3,At Risk,1
C001602,Organic Search,West,502,1,156.97,156.97,2024-08-17,2024-08-17,1,3,3,At Risk,1
C001180,Direct,West,165,3,156.91,52.3,2025-03-07,2025-07-20,2,5,3,At Risk,1
C002079,Affiliate,South,114,1,156.65,156.65,2025-09-09,2025-09-09,3,3,3,Need Attention,1
C001333,Direct,North,47,1,156.63,156.63,2025-11-15,2025-11-15,4,3,3,Potential Loyalists,0
C001304,Paid Search,South,26,2,156.53,78.27,2025-07-02,2025-12-06,5,4,3,Champions,0
C001650,Direct,West,289,1,156.46,156.46,2025-03-18,2025-03-18,1,3,3,At Risk,1
C008353,Organic Search,West,84,1,156.23,156.23,2025-10-09,2025-10-09,3,3,3,Need Attention,0
C008086,Paid Search,West,142,2,156.19,78.09,2025-06-18,2025-08-12,3,4,3,Loyal Customers,1
C002325,Paid Search,South,285,1,156.19,156.19,2025-03-22,2025-03-22,1,3,3,At Risk,1
C004199,Email,West,108,2,155.91,77.95,2025-03-11,2025-09-15,3,4,3,Loyal Customers,1
C004030,Affiliate,East,32,1,155.89,155.89,2025-11-30,2025-11-30,5,3,3,Potential Loyalists,0
C006819,Organic Search,West,28,1,155.85,155.85,2025-12-04,2025-12-04,5,3,3,Potential Loyalists,0
C004977,Email,South,109,1,155.73,155.73,2025-09-14,2025-09-14,3,3,3,Need Attention,1
C003806,Social,West,314,1,155.63,155.63,2025-02-21,2025-02-21,1,3,3,At Risk,1
C006717,Organic Search,East,317,1,155.6,155.6,2025-02-18,2025-02-18,1,3,3,At Risk,1
C000182,Affiliate,East,152,1,155.59,155.59,2025-08-02,2025-08-02,3,3,3,Need Attention,1
C002698,Affiliate,West,412,1,155.46,155.46,2024-11-15,2024-11-15,1,3,3,At Risk,1
C009707,Paid Search,East,138,2,155.44,77.72,2025-07-26,2025-08-16,3,4,3,Loyal Customers,1
C004918,Direct,Central,39,1,155.37,155.37,2025-11-23,2025-11-23,4,3,3,Potential Loyalists,0
C007049,Email,North,11,1,155.04,155.04,2025-12-21,2025-12-21,5,3,3,Potential Loyalists,0
C008525,Direct,West,364,1,154.9,154.9,2025-01-02,2025-01-02,1,3,3,At Risk,1
C009120,Affiliate,North,301,1,154.84,154.84,2025-03-06,2025-03-06,1,3,3,At Risk,1
C008672,Organic Search,South,556,1,154.51,154.51,2024-06-24,2024-06-24,1,3,3,At Risk,1
C005602,Direct,West,20,2,154.5,77.25,2025-10-25,2025-12-12,5,4,3,Champions,0
C006422,Social,North,140,1,154.4,154.4,2025-08-14,2025-08-14,3,3,3,Need Attention,1
C008810,Direct,East,5,1,153.75,153.75,2025-12-27,2025-12-27,5,3,3,Potential Loyalists,0
C007063,Paid Search,South,42,3,153.73,51.24,2024-12-06,2025-11-20,4,5,3,Champions,0
C001570,Organic Search,South,6,1,153.67,153.67,2025-12-26,2025-12-26,5,3,3,Potential Loyalists,0
C008907,Email,South,233,1,153.65,153.65,2025-05-13,2025-05-13,2,3,3,At Risk,1
C008034,Organic Search,South,395,1,153.6,153.6,2024-12-02,2024-12-02,1,3,3,At Risk,1
C004265,Organic Search,East,74,1,153.53,153.53,2025-10-19,2025-10-19,4,3,3,Potential Loyalists,0
C000174,Affiliate,East,82,1,153.36,153.36,2025-10-11,2025-10-11,3,3,3,Need Attention,0
C003275,Organic Search,East,2,1,153.2,153.2,2025-12-30,2025-12-30,5,3,3,Potential Loyalists,0
C001093,Organic Search,South,74,1,152.95,152.95,2025-10-19,2025-10-19,4,3,3,Potential Loyalists,0
C003623,Organic Search,South,88,1,152.86,152.86,2025-10-05,2025-10-05,3,3,3,Need Attention,0
C008627,Organic Search,South,68,2,152.83,76.41,2025-07-01,2025-10-25,4,4,3,Champions,0
C006878,Organic Search,South,216,1,152.77,152.77,2025-05-30,2025-05-30,2,3,3,At Risk,1
C005567,Social,Central,360,1,152.61,152.61,2025-01-06,2025-01-06,1,3,3,At Risk,1
C005034,Organic Search,North,67,1,152.5,152.5,2025-10-26,2025-10-26,4,3,3,Potential Loyalists,0
C008087,Direct,North,126,2,152.46,76.23,2025-08-04,2025-08-28,3,4,3,Loyal Customers,1
C003717,Social,East,355,1,152.43,152.43,2025-01-11,2025-01-11,1,3,3,At Risk,1
C001233,Organic Search,West,388,1,152.18,152.18,2024-12-09,2024-12-09,1,3,3,At Risk,1
C000885,Email,West,638,1,152.03,152.03,2024-04-03,2024-04-03,1,3,3,At Risk,1
C001204,Email,East,175,1,152.02,152.02,2025-07-10,2025-07-10,2,3,3,At Risk,1
C008974,Social,West,593,1,151.89,151.89,2024-05-18,2024-05-18,1,3,3,At Risk,1
C004352,Organic Search,West,82,2,151.75,75.88,2024-09-11,2025-10-11,3,4,3,Loyal Customers,0
C007923,Affiliate,West,277,1,151.73,151.73,2025-03-30,2025-03-30,2,3,3,At Risk,1
C001038,Paid Search,South,47,2,151.44,75.72,2025-06-30,2025-11-15,4,4,3,Champions,0
C005999,Affiliate,East,197,1,151.3,151.3,2025-06-18,2025-06-18,2,3,3,At Risk,1
C006608,Direct,South,68,1,151.04,151.04,2025-10-25,2025-10-25,4,3,3,Potential Loyalists,0
C006112,Social,South,415,1,151.0,151.0,2024-11-12,2024-11-12,1,3,3,At Risk,1
C006280,Affiliate,West,3,2,150.64,75.32,2025-08-13,2025-12-29,5,4,3,Champions,0
C005651,Organic Search,East,17,2,150.63,75.31,2025-12-14,2025-12-15,5,4,3,Champions,0
C008023,Email,North,213,1,150.6,150.6,2025-06-02,2025-06-02,2,3,3,At Risk,1
C005158,Email,North,514,1,150.48,150.48,2024-08-05,2024-08-05,1,3,3,At Risk,1
C005753,Organic Search,East,129,1,150.33,150.33,2025-08-25,2025-08-25,3,3,3,Need Attention,1
C007696,Paid Search,North,512,1,150.25,150.25,2024-08-07,2024-08-07,1,3,3,At Risk,1
C007540,Direct,South,369,1,150.16,150.16,2024-12-28,2024-12-28,1,3,3,At Risk,1
C008093,Organic Search,South,603,1,150.07,150.07,2024-05-08,2024-05-08,1,3,3,At Risk,1
C009142,Direct,North,2,2,149.78,74.89,2025-12-09,2025-12-30,5,4,3,Champions,0
C007435,Paid Search,West,11,2,149.75,74.88,2025-11-25,2025-12-21,5,4,3,Champions,0
C007851,Paid Search,North,479,1,149.73,149.73,2024-09-09,2024-09-09,1,3,3,At Risk,1
C003549,Paid Search,West,258,2,149.61,74.8,2024-12-16,2025-04-18,2,4,3,At Risk,1
C000045,Social,North,36,1,149.57,149.57,2025-11-26,2025-11-26,4,3,3,Potential Loyalists,0
C006560,Social,South,145,1,149.56,149.56,2025-08-09,2025-08-09,3,3,3,Need Attention,1
C009740,Paid Search,Central,321,2,149.49,74.75,2025-02-05,2025-02-14,1,4,3,At Risk,1
C000833,Direct,South,6,1,149.46,149.46,2025-12-26,2025-12-26,5,3,3,Potential Loyalists,0
C002855,Email,East,32,1,149.31,149.31,2025-11-30,2025-11-30,5,3,3,Potential Loyalists,0
C002945,Email,South,7,2,149.27,74.63,2025-10-01,2025-12-25,5,4,3,Champions,0
C005244,Social,South,35,1,149.04,149.04,2025-11-27,2025-11-27,4,3,3,Potential Loyalists,0
C006365,Social,East,171,1,148.67,148.67,2025-07-14,2025-07-14,2,3,3,At Risk,1
C008227,Organic Search,East,325,1,148.67,148.67,2025-02-10,2025-02-10,1,3,3,At Risk,1
C000518,Social,East,246,1,148.58,148.58,2025-04-30,2025-04-30,2,3,3,At Risk,1
C004471,Paid Search,East,32,2,148.49,74.25,2025-07-24,2025-11-30,5,4,3,Champions,0
C001029,Social,East,36,1,148.38,148.38,2025-11-26,2025-11-26,4,3,3,Potential Loyalists,0
C008708,Organic Search,West,127,2,148.18,74.09,2025-08-26,2025-08-27,3,4,3,Loyal Customers,1
C009936,Social,South,143,1,148.07,148.07,2025-08-11,2025-08-11,3,3,3,Need Attention,1
C003127,Paid Search,North,150,1,147.95,147.95,2025-08-04,2025-08-04,3,3,3,Need Attention,1
C000328,Organic Search,North,123,2,147.93,73.97,2025-05-06,2025-08-31,3,4,3,Loyal Customers,1
C008571,Direct,Central,11,2,147.82,73.91,2025-12-17,2025-12-21,5,4,3,Champions,0
C000322,Social,South,53,1,147.76,147.76,2025-11-09,2025-11-09,4,3,3,Potential Loyalists,0
C006575,Email,South,591,1,147.68,147.68,2024-05-20,2024-05-20,1,3,3,At Risk,1
C005501,Direct,West,170,1,147.67,147.67,2025-07-15,2025-07-15,2,3,3,At Risk,1
C005987,Email,West,96,1,147.66,147.66,2025-09-27,2025-09-27,3,3,3,Need Attention,1
C007434,Email,West,11,1,147.61,147.61,2025-12-21,2025-12-21,5,3,3,Potential Loyalists,0
C002922,Direct,West,282,2,147.58,73.79,2025-03-09,2025-03-25,2,4,3,At Risk,1
C008123,Organic Search,East,12,1,147.55,147.55,2025-12-20,2025-12-20,5,3,3,Potential Loyalists,0
C003505,Email,East,105,1,147.51,147.51,2025-09-18,2025-09-18,3,3,3,Need Attention,1
C006804,Organic Search,South,193,1,147.51,147.51,2025-06-22,2025-06-22,2,3,3,At Risk,1
C002349,Organic Search,West,97,1,147.41,147.41,2025-09-26,2025-09-26,3,3,3,Need Attention,1
C008628,Organic Search,East,76,2,147.36,73.68,2025-02-02,2025-10-17,4,4,3,Champions,0
C003694,Paid Search,North,145,1,147.34,147.34,2025-08-09,2025-08-09,3,3,3,Need Attention,1
C006865,Email,North,80,1,147.3,147.3,2025-10-13,2025-10-13,4,3,3,Potential Loyalists,0
C004788,Direct,East,274,1,147.27,147.27,2025-04-02,2025-04-02,2,3,3,At Risk,1
C007654,Social,West,356,1,147.27,147.27,2025-01-10,2025-01-10,1,3,3,At Risk,1
C001573,Email,North,27,1,147.17,147.17,2025-12-05,2025-12-05,5,3,3,Potential Loyalists,0
C003166,Organic Search,East,77,2,146.92,73.46,2024-09-17,2025-10-16,4,4,3,Champions,0
C003839,Organic Search,West,111,1,146.91,146.91,2025-09-12,2025-09-12,3,3,3,Need Attention,1
C005369,Direct,North,23,1,146.77,146.77,2025-12-09,2025-12-09,5,3,3,Potential Loyalists,0
C008147,Paid Search,South,10,1,146.71,146.71,2025-12-22,2025-12-22,5,3,3,Potential Loyalists,0
C002452,Organic Search,East,390,2,146.61,73.31,2024-08-17,2024-12-07,1,4,3,At Risk,1
C006207,Organic Search,South,296,1,146.52,146.52,2025-03-11,2025-03-11,1,3,3,At Risk,1
C006961,Organic Search,South,169,1,146.49,146.49,2025-07-16,2025-07-16,2,3,3,At Risk,1
C005732,Paid Search,East,39,1,146.4,146.4,2025-11-23,2025-11-23,4,3,3,Potential Loyalists,0
C007955,Social,North,397,1,146.28,146.28,2024-11-30,2024-11-30,1,3,3,At Risk,1
C004347,Affiliate,East,452,1,146.04,146.04,2024-10-06,2024-10-06,1,3,3,At Risk,1
C007964,Organic Search,East,70,1,145.95,145.95,2025-10-23,2025-10-23,4,3,3,Potential Loyalists,0
C003843,Paid Search,Central,32,1,145.92,145.92,2025-11-30,2025-11-30,5,3,3,Potential Loyalists,0
C002050,Organic Search,South,36,1,145.85,145.85,2025-11-26,2025-11-26,4,3,3,Potential Loyalists,0
C007806,Paid Search,East,186,1,145.84,145.84,2025-06-29,2025-06-29,2,3,3,At Risk,1
C005251,Paid Search,South,7,2,145.76,72.88,2025-07-20,2025-12-25,5,4,3,Champions,0
C009872,Email,West,277,3,145.74,48.58,2024-08-22,2025-03-30,2,5,3,At Risk,1
C009410,Direct,Central,353,2,145.71,72.86,2024-05-28,2025-01-13,1,4,3,At Risk,1
C008686,Organic Search,West,277,1,145.69,145.69,2025-03-30,2025-03-30,2,3,3,At Risk,1
C002118,Organic Search,West,56,2,145.64,72.82,2025-10-23,2025-11-06,4,4,3,Champions,0
C004870,Social,Central,80,1,145.53,145.53,2025-10-13,2025-10-13,4,3,3,Potential Loyalists,0
C001020,Direct,South,72,1,145.45,145.45,2025-10-21,2025-10-21,4,3,3,Potential Loyalists,0
C000791,Email,South,68,1,145.42,145.42,2025-10-25,2025-10-25,4,3,3,Potential Loyalists,0
C002535,Organic Search,North,24,3,145.4,48.47,2025-08-16,2025-12-08,5,5,3,Champions,0
C002281,Organic Search,South,57,1,145.38,145.38,2025-11-05,2025-11-05,4,3,3,Potential Loyalists,0
C008102,Social,West,285,1,145.35,145.35,2025-03-22,2025-03-22,1,3,3,At Risk,1
C000924,Social,North,121,1,145.11,145.11,2025-09-02,2025-09-02,3,3,3,Need Attention,1
C004100,Paid Search,East,45,2,145.1,72.55,2025-07-02,2025-11-17,4,4,3,Champions,0
C009312,Direct,North,95,2,145.02,72.51,2024-11-02,2025-09-28,3,4,3,Loyal Customers,1
C005906,Organic Search,East,450,1,144.89,144.89,2024-10-08,2024-10-08,1,3,3,At Risk,1
C006890,Direct,Central,38,3,144.8,48.27,2024-10-11,2025-11-24,4,5,3,Champions,0
C008707,Organic Search,West,77,2,144.63,72.31,2025-09-12,2025-10-16,4,4,3,Champions,0
C005558,Email,South,175,1,144.55,144.55,2025-07-10,2025-07-10,2,3,3,At Risk,1
C007274,Organic Search,South,211,2,144.52,72.26,2024-04-17,2025-06-04,2,4,3,At Risk,1
C008434,Social,Central,22,2,144.51,72.25,2025-11-18,2025-12-10,5,4,3,Champions,0
C006703,Social,North,54,2,144.46,72.23,2025-10-02,2025-11-08,4,4,3,Champions,0
C000500,Organic Search,North,57,1,144.43,144.43,2025-11-05,2025-11-05,4,3,3,Potential Loyalists,0
C009054,Organic Search,West,6,1,144.41,144.41,2025-12-26,2025-12-26,5,3,3,Potential Loyalists,0
C005278,Organic Search,East,152,1,144.41,144.41,2025-08-02,2025-08-02,3,3,3,Need Attention,1
C002750,Paid Search,West,335,1,144.39,144.39,2025-01-31,2025-01-31,1,3,3,At Risk,1
C000143,Organic Search,East,121,1,144.37,144.37,2025-09-02,2025-09-02,3,3,3,Need Attention,1
C003560,Email,North,48,2,144.36,72.18,2025-11-13,2025-11-14,4,4,3,Champions,0
C006107,Direct,North,411,2,144.32,72.16,2024-07-01,2024-11-16,1,4,3,At Risk,1
C006592,Paid Search,East,465,1,144.02,144.02,2024-09-23,2024-09-23,1,3,3,At Risk,1
C004821,Direct,East,114,1,143.93,143.93,2025-09-09,2025-09-09,3,3,3,Need Attention,1
C006955,Organic Search,East,20,1,143.84,143.84,2025-12-12,2025-12-12,5,3,3,Potential Loyalists,0
C009694,Organic Search,West,37,2,143.76,71.88,2025-10-21,2025-11-25,4,4,3,Champions,0
C000648,Affiliate,North,255,1,143.63,143.63,2025-04-21,2025-04-21,2,3,3,At Risk,1
C001088,Organic Search,East,3,1,143.51,143.51,2025-12-29,2025-12-29,5,3,3,Potential Loyalists,0
C000476,Social,South,341,1,143.48,143.48,2025-01-25,2025-01-25,1,3,3,At Risk,1
C005058,Direct,North,71,2,143.46,71.73,2025-06-22,2025-10-22,4,4,3,Champions,0
C004308,Organic Search,South,149,1,143.45,143.45,2025-08-05,2025-08-05,3,3,3,Need Attention,1
C000795,Paid Search,West,57,3,143.28,47.76,2024-12-01,2025-11-05,4,5,3,Champions,0
C004074,Direct,West,301,1,143.22,143.22,2025-03-06,2025-03-06,1,3,3,At Risk,1
C006064,Social,South,204,1,143.09,143.09,2025-06-11,2025-06-11,2,3,3,At Risk,1
C003909,Organic Search,North,408,2,143.04,71.52,2024-10-19,2024-11-19,1,4,3,At Risk,1
C008233,Direct,East,136,1,142.95,142.95,2025-08-18,2025-08-18,3,3,3,Need Attention,1
C001855,Affiliate,North,108,1,142.87,142.87,2025-09-15,2025-09-15,3,3,3,Need Attention,1
C008546,Email,South,100,2,142.85,71.42,2025-09-21,2025-09-23,3,4,3,Loyal Customers,1
C004873,Affiliate,East,14,1,142.73,142.73,2025-12-18,2025-12-18,5,3,3,Potential Loyalists,0
C006519,Paid Search,West,247,1,142.63,142.63,2025-04-29,2025-04-29,2,3,3,At Risk,1
C003901,Email,West,184,1,142.58,142.58,2025-07-01,2025-07-01,2,3,3,At Risk,1
C000325,Direct,North,31,3,142.54,47.51,2025-04-24,2025-12-01,5,5,3,Champions,0
C006100,Social,West,140,1,142.54,142.54,2025-08-14,2025-08-14,3,3,3,Need Attention,1
C007917,Direct,East,211,2,142.47,71.23,2024-11-06,2025-06-04,2,4,3,At Risk,1
C007748,Social,Central,41,2,142.38,71.19,2025-10-15,2025-11-21,4,4,3,Champions,0
C002307,Paid Search,North,59,1,142.35,142.35,2025-11-03,2025-11-03,4,3,3,Potential Loyalists,0
C004822,Organic Search,South,218,1,142.35,142.35,2025-05-28,2025-05-28,2,3,3,At Risk,1
C005267,Organic Search,South,122,1,142.26,142.26,2025-09-01,2025-09-01,3,3,3,Need Attention,1
C009761,Organic Search,East,319,1,142.08,142.08,2025-02-16,2025-02-16,1,3,3,At Risk,1
C001030,Paid Search,South,3,1,142.05,142.05,2025-12-29,2025-12-29,5,3,3,Potential Loyalists,0
C000465,Affiliate,North,290,1,142.02,142.02,2025-03-17,2025-03-17,1,3,3,At Risk,1
C008795,Paid Search,North,78,1,141.97,141.97,2025-10-15,2025-10-15,4,3,3,Potential Loyalists,0
C001971,Email,South,16,1,141.59,141.59,2025-12-16,2025-12-16,5,3,3,Potential Loyalists,0
C003554,Email,North,198,2,141.56,70.78,2024-07-18,2025-06-17,2,4,3,At Risk,1
C004167,Affiliate,West,515,1,141.35,141.35,2024-08-04,2024-08-04,1,3,3,At Risk,1
C005423,Affiliate,West,217,2,141.33,70.66,2025-02-24,2025-05-29,2,4,3,At Risk,1
C001845,Affiliate,West,414,1,141.15,141.15,2024-11-13,2024-11-13,1,3,3,At Risk,1
C009588,Organic Search,North,49,1,141.01,141.01,2025-11-13,2025-11-13,4,3,3,Potential Loyalists,0
C000721,Direct,North,251,1,140.86,140.86,2025-04-25,2025-04-25,2,3,3,At Risk,1
C009484,Paid Search,Central,19,1,140.7,140.7,2025-12-13,2025-12-13,5,3,3,Potential Loyalists,0
C005461,Affiliate,East,63,1,140.48,140.48,2025-10-30,2025-10-30,4,3,3,Potential Loyalists,0
C003411,Affiliate,Central,86,1,140.47,140.47,2025-10-07,2025-10-07,3,3,3,Need Attention,0
C003934,Email,West,82,1,140.3,140.3,2025-10-11,2025-10-11,3,3,3,Need Attention,0
C006239,Paid Search,North,85,1,140.18,140.18,2025-10-08,2025-10-08,3,3,3,Need Attention,0
C008212,Social,North,21,1,140.14,140.14,2025-12-11,2025-12-11,5,3,3,Potential Loyalists,0
C008632,Email,North,362,1,140.1,140.1,2025-01-04,2025-01-04,1,3,3,At Risk,1
C004409,Social,East,347,2,140.04,70.02,2024-07-13,2025-01-19,1,4,3,At Risk,1
C008818,Organic Search,West,5,2,140.0,70.0,2024-11-01,2025-12-27,5,4,3,Champions,0
C006193,Paid Search,West,321,1,139.97,139.97,2025-02-14,2025-02-14,1,3,3,At Risk,1
C006774,Organic Search,North,135,1,139.96,139.96,2025-08-19,2025-08-19,3,3,3,Need Attention,1
C003696,Affiliate,South,293,1,139.96,139.96,2025-03-14,2025-03-14,1,3,3,At Risk,1
C001071,Organic Search,East,43,1,139.93,139.93,2025-11-19,2025-11-19,4,3,3,Potential Loyalists,0
C004284,Paid Search,West,19,1,139.85,139.85,2025-12-13,2025-12-13,5,3,3,Potential Loyalists,0
C007980,Organic Search,South,172,1,139.73,139.73,2025-07-13,2025-07-13,2,3,3,At Risk,1
C002134,Organic Search,East,52,2,139.64,69.82,2025-10-05,2025-11-10,4,4,3,Champions,0
C008868,Organic Search,South,8,1,139.57,139.57,2025-12-24,2025-12-24,5,3,3,Potential Loyalists,0
C001576,Paid Search,South,627,1,139.46,139.46,2024-04-14,2024-04-14,1,3,3,At Risk,1
C008958,Social,Central,82,2,139.44,69.72,2025-08-07,2025-10-11,3,4,3,Loyal Customers,0
C008911,Direct,South,256,1,139.42,139.42,2025-04-20,2025-04-20,2,3,3,At Risk,1
C000584,Organic Search,South,91,2,139.41,69.7,2025-07-08,2025-10-02,3,4,3,Loyal Customers,1
C004730,Email,South,38,1,139.1,139.1,2025-11-24,2025-11-24,4,3,3,Potential Loyalists,0
C003536,Organic Search,West,120,1,139.03,139.03,2025-09-03,2025-09-03,3,3,3,Need Attention,1
C005392,Affiliate,South,115,2,138.97,69.48,2025-09-03,2025-09-08,3,4,3,Loyal Customers,1
C005305,Email,West,33,2,138.9,69.45,2025-05-19,2025-11-29,5,4,3,Champions,0
C001004,Organic Search,West,154,2,138.7,69.35,2024-09-29,2025-07-31,3,4,3,Loyal Customers,1
C005690,Social,East,129,1,138.66,138.66,2025-08-25,2025-08-25,3,3,3,Need Attention,1
C003557,Social,South,60,1,138.62,138.62,2025-11-02,2025-11-02,4,3,3,Potential Loyalists,0
C009709,Social,West,344,1,138.57,138.57,2025-01-22,2025-01-22,1,3,3,At Risk,1
C004350,Affiliate,North,48,1,138.51,138.51,2025-11-14,2025-11-14,4,3,3,Potential Loyalists,0
C002199,Paid Search,South,30,1,138.41,138.41,2025-12-02,2025-12-02,5,3,3,Potential Loyalists,0
C001152,Organic Search,East,200,1,138.34,138.34,2025-06-15,2025-06-15,2,3,3,At Risk,1
C007777,Email,West,77,2,137.96,68.98,2025-04-11,2025-10-16,4,4,3,Champions,0
C009578,Paid Search,East,294,1,137.84,137.84,2025-03-13,2025-03-13,1,3,3,At Risk,1
C001283,Paid Search,South,19,1,137.79,137.79,2025-12-13,2025-12-13,5,3,3,Potential Loyalists,0
C001512,Organic Search,West,141,1,137.66,137.66,2025-08-13,2025-08-13,3,3,3,Need Attention,1
C006672,Paid Search,South,342,1,137.66,137.66,2025-01-24,2025-01-24,1,3,3,At Risk,1
C001019,Email,West,285,2,137.54,68.77,2025-03-01,2025-03-22,1,4,3,At Risk,1
C004867,Direct,South,593,1,137.42,137.42,2024-05-18,2024-05-18,1,3,3,At Risk,1
C000862,Direct,East,196,3,137.29,45.76,2024-01-27,2025-06-19,2,5,3,At Risk,1
C006370,Direct,East,238,2,137.11,68.56,2025-03-05,2025-05-08,2,4,3,At Risk,1
C009734,Social,West,222,1,137.04,137.04,2025-05-24,2025-05-24,2,3,3,At Risk,1
C002693,Direct,East,72,2,137.03,68.52,2024-10-31,2025-10-21,4,4,3,Champions,0
C004908,Organic Search,West,228,1,136.96,136.96,2025-05-18,2025-05-18,2,3,3,At Risk,1
C003457,Email,East,219,1,136.9,136.9,2025-05-27,2025-05-27,2,3,3,At Risk,1
C009553,Direct,Central,195,4,136.81,34.2,2024-06-24,2025-06-20,2,5,3,At Risk,1
C002519,Paid Search,North,90,3,136.76,45.59,2024-12-09,2025-10-03,3,5,3,Loyal Customers,0
C005207,Direct,West,37,1,136.7,136.7,2025-11-25,2025-11-25,4,3,3,Potential Loyalists,0
C006769,Direct,West,99,1,136.63,136.63,2025-09-24,2025-09-24,3,3,3,Need Attention,1
C008864,Social,North,117,1,136.59,136.59,2025-09-06,2025-09-06,3,3,3,Need Attention,1
C009672,Affiliate,North,265,2,136.58,68.29,2025-02-26,2025-04-11,2,4,3,At Risk,1
C000150,Direct,West,8,1,136.52,136.52,2025-12-24,2025-12-24,5,3,3,Potential Loyalists,0
C001713,Paid Search,North,278,2,136.42,68.21,2025-01-19,2025-03-29,2,4,3,At Risk,1
C006735,Direct,West,385,1,136.3,136.3,2024-12-12,2024-12-12,1,3,3,At Risk,1
C005700,Email,West,271,1,136.28,136.28,2025-04-05,2025-04-05,2,3,3,At Risk,1
C004701,Organic Search,North,120,1,136.24,136.24,2025-09-03,2025-09-03,3,3,3,Need Attention,1
C007676,Paid Search,North,254,1,136.1,136.1,2025-04-22,2025-04-22,2,3,3,At Risk,1
C002875,Organic Search,West,393,1,135.94,135.94,2024-12-04,2024-12-04,1,3,3,At Risk,1
C000669,Organic Search,South,77,2,135.77,67.88,2025-06-20,2025-10-16,4,4,3,Champions,0
C002315,Social,South,574,1,135.74,135.74,2024-06-06,2024-06-06,1,3,3,At Risk,1
C009268,Social,North,52,1,135.69,135.69,2025-11-10,2025-11-10,4,3,3,Potential Loyalists,0
C002700,Paid Search,East,38,2,135.68,67.84,2025-11-23,2025-11-24,4,4,3,Champions,0
C002691,Organic Search,North,12,2,135.63,67.81,2025-12-11,2025-12-20,5,4,3,Champions,0
C005415,Organic Search,East,275,1,135.62,135.62,2025-04-01,2025-04-01,2,3,3,At Risk,1
C009668,Paid Search,North,188,2,135.59,67.8,2024-10-02,2025-06-27,2,4,3,At Risk,1
C006000,Organic Search,West,124,1,135.57,135.57,2025-08-30,2025-08-30,3,3,3,Need Attention,1
C008638,Email,South,146,1,135.57,135.57,2025-08-08,2025-08-08,3,3,3,Need Attention,1
C007564,Organic Search,South,26,1,135.5,135.5,2025-12-06,2025-12-06,5,3,3,Potential Loyalists,0
C007266,Direct,West,29,1,135.43,135.43,2025-12-03,2025-12-03,5,3,3,Potential Loyalists,0
C004693,Email,East,50,1,135.43,135.43,2025-11-12,2025-11-12,4,3,3,Potential Loyalists,0
C004285,Organic Search,East,14,1,135.29,135.29,2025-12-18,2025-12-18,5,3,3,Potential Loyalists,0
C008192,Paid Search,North,397,1,135.1,135.1,2024-11-30,2024-11-30,1,3,3,At Risk,1
C002770,Social,West,232,1,135.0,135.0,2025-05-14,2025-05-14,2,3,3,At Risk,1
C003092,Social,East,51,1,134.94,134.94,2025-11-11,2025-11-11,4,3,3,Potential Loyalists,0
C003581,Organic Search,East,44,1,134.88,134.88,2025-11-18,2025-11-18,4,3,3,Potential Loyalists,0
C006603,Direct,South,56,1,134.48,134.48,2025-11-06,2025-11-06,4,3,3,Potential Loyalists,0
C000975,Social,South,387,1,134.44,134.44,2024-12-10,2024-12-10,1,3,3,At Risk,1
C002900,Paid Search,South,284,1,134.43,134.43,2025-03-23,2025-03-23,1,3,3,At Risk,1
C005025,Affiliate,Central,282,1,134.41,134.41,2025-03-25,2025-03-25,2,3,3,At Risk,1
C005227,Affiliate,West,153,1,134.4,134.4,2025-08-01,2025-08-01,3,3,3,Need Attention,1
C003530,Organic Search,South,41,1,134.39,134.39,2025-11-21,2025-11-21,4,3,3,Potential Loyalists,0
C003595,Organic Search,West,576,1,134.34,134.34,2024-06-04,2024-06-04,1,3,3,At Risk,1
C006583,Direct,East,233,1,134.33,134.33,2025-05-13,2025-05-13,2,3,3,At Risk,1
C009128,Organic Search,Central,143,1,134.3,134.3,2025-08-11,2025-08-11,3,3,3,Need Attention,1
C006831,Organic Search,South,67,1,134.25,134.25,2025-10-26,2025-10-26,4,3,3,Potential Loyalists,0
C007731,Organic Search,Central,134,1,134.21,134.21,2025-08-20,2025-08-20,3,3,3,Need Attention,1
C003350,Paid Search,South,100,2,134.16,67.08,2025-01-23,2025-09-23,3,4,3,Loyal Customers,1
C000265,Organic Search,East,243,1,134.09,134.09,2025-05-03,2025-05-03,2,3,3,At Risk,1
C006469,Direct,North,169,1,134.07,134.07,2025-07-16,2025-07-16,2,3,3,At Risk,1
C003970,Organic Search,West,269,1,134.04,134.04,2025-04-07,2025-04-07,2,3,3,At Risk,1
C004022,Paid Search,West,23,1,133.94,133.94,2025-12-09,2025-12-09,5,3,3,Potential Loyalists,0
C005745,Organic Search,Central,87,2,133.79,66.9,2025-06-16,2025-10-06,3,4,3,Loyal Customers,0
C009499,Paid Search,North,43,1,133.77,133.77,2025-11-19,2025-11-19,4,3,3,Potential Loyalists,0
C008301,Paid Search,East,264,1,133.69,133.69,2025-04-12,2025-04-12,2,3,3,At Risk,1
C005656,Paid Search,West,592,1,133.66,133.66,2024-05-19,2024-05-19,1,3,3,At Risk,1
C009838,Affiliate,South,117,1,133.39,133.39,2025-09-06,2025-09-06,3,3,3,Need Attention,1
C003490,Organic Search,South,80,1,133.38,133.38,2025-10-13,2025-10-13,4,3,3,Potential Loyalists,0
C007662,Social,West,1,1,133.26,133.26,2025-12-31,2025-12-31,5,3,3,Potential Loyalists,0
C000676,Organic Search,South,53,2,133.25,66.63,2025-10-29,2025-11-09,4,4,3,Champions,0
C005825,Paid Search,South,5,1,133.22,133.22,2025-12-27,2025-12-27,5,3,3,Potential Loyalists,0
C003824,Social,West,106,1,133.22,133.22,2025-09-17,2025-09-17,3,3,3,Need Attention,1
C009973,Direct,West,69,1,133.16,133.16,2025-10-24,2025-10-24,4,3,3,Potential Loyalists,0
C005313,Paid Search,South,591,1,133.15,133.15,2024-05-20,2024-05-20,1,3,3,At Risk,1
C006980,Organic Search,East,19,1,133.14,133.14,2025-12-13,2025-12-13,5,3,3,Potential Loyalists,0
C001861,Affiliate,North,456,2,133.11,66.56,2024-07-07,2024-10-02,1,4,3,At Risk,1
C006724,Direct,West,365,1,133.05,133.05,2025-01-01,2025-01-01,1,3,3,At Risk,1
C000581,Organic Search,South,102,1,133.01,133.01,2025-09-21,2025-09-21,3,3,3,Need Attention,1
C007599,Social,South,164,1,133.0,133.0,2025-07-21,2025-07-21,2,3,3,At Risk,1
C008653,Direct,North,568,1,133.0,133.0,2024-06-12,2024-06-12,1,3,3,At Risk,1
C000415,Organic Search,West,278,1,132.96,132.96,2025-03-29,2025-03-29,2,3,3,At Risk,1
C006815,Social,South,261,1,132.92,132.92,2025-04-15,2025-04-15,2,3,3,At Risk,1
C009967,Organic Search,South,4,1,132.87,132.87,2025-12-28,2025-12-28,5,3,3,Potential Loyalists,0
C008216,Affiliate,West,123,1,132.85,132.85,2025-08-31,2025-08-31,3,2,3,Need Attention,1
C007346,Affiliate,North,373,1,132.8,132.8,2024-12-24,2024-12-24,1,2,3,Hibernating,1
C009735,Paid Search,West,165,1,132.71,132.71,2025-07-20,2025-07-20,2,2,3,Hibernating,1
C009986,Social,North,408,2,132.68,66.34,2024-08-01,2024-11-19,1,4,3,At Risk,1
C000225,Social,South,92,1,132.63,132.63,2025-10-01,2025-10-01,3,2,3,Need Attention,1
C003054,Organic Search,West,563,1,132.62,132.62,2024-06-17,2024-06-17,1,2,3,Hibernating,1
C006644,Paid Search,South,271,2,132.54,66.27,2024-05-28,2025-04-05,2,4,3,At Risk,1
C004552,Organic Search,East,158,2,132.53,66.27,2025-01-04,2025-07-27,3,4,3,Loyal Customers,1
C000706,Organic Search,North,265,1,132.52,132.52,2025-04-11,2025-04-11,2,2,3,Hibernating,1
C007380,Social,South,61,1,132.49,132.49,2025-11-01,2025-11-01,4,2,3,Potential Loyalists,0
C006702,Email,Central,16,1,132.4,132.4,2025-12-16,2025-12-16,5,2,3,Potential Loyalists,0
C001967,Paid Search,East,187,1,132.16,132.16,2025-06-28,2025-06-28,2,2,3,Hibernating,1
C003836,Email,South,213,2,132.16,66.08,2025-04-28,2025-06-02,2,4,3,At Risk,1
C007584,Affiliate,West,100,1,132.07,132.07,2025-09-23,2025-09-23,3,2,3,Need Attention,1
C003062,Organic Search,South,214,1,131.99,131.99,2025-06-01,2025-06-01,2,2,3,Hibernating,1
C002446,Paid Search,North,248,2,131.96,65.98,2024-06-18,2025-04-28,2,4,3,At Risk,1
C008331,Organic Search,West,100,2,131.93,65.97,2025-04-06,2025-09-23,3,4,3,Loyal Customers,1
C004005,Social,North,19,2,131.54,65.77,2025-10-12,2025-12-13,5,4,3,Champions,0
C001697,Organic Search,West,185,1,131.52,131.52,2025-06-30,2025-06-30,2,2,3,Hibernating,1
C008988,Organic Search,North,31,1,131.51,131.51,2025-12-01,2025-12-01,5,2,3,Potential Loyalists,0
C008508,Paid Search,South,284,1,131.49,131.49,2025-03-23,2025-03-23,1,2,3,Hibernating,1
C007317,Affiliate,East,41,1,131.34,131.34,2025-11-21,2025-11-21,4,2,3,Potential Loyalists,0
C007762,Direct,North,102,1,131.3,131.3,2025-09-21,2025-09-21,3,2,3,Need Attention,1
C006303,Social,North,351,1,131.26,131.26,2025-01-15,2025-01-15,1,2,3,Hibernating,1
C007486,Organic Search,West,99,3,131.11,43.7,2025-05-27,2025-09-24,3,5,3,Loyal Customers,1
C000312,Direct,South,322,1,131.11,131.11,2025-02-13,2025-02-13,1,2,3,Hibernating,1
C007231,Email,South,196,1,131.05,131.05,2025-06-19,2025-06-19,2,2,3,Hibernating,1
C007397,Email,South,302,1,131.02,131.02,2025-03-05,2025-03-05,1,2,3,Hibernating,1
C007091,Social,South,25,1,130.87,130.87,2025-12-07,2025-12-07,5,2,3,Potential Loyalists,0
C005631,Paid Search,South,71,2,130.79,65.4,2025-05-21,2025-10-22,4,4,3,Champions,0
C003165,Paid Search,North,4,1,130.7,130.7,2025-12-28,2025-12-28,5,2,3,Potential Loyalists,0
C007114,Paid Search,North,105,2,130.65,65.33,2025-02-17,2025-09-18,3,4,3,Loyal Customers,1
C002854,Organic Search,South,47,1,130.45,130.45,2025-11-15,2025-11-15,4,2,3,Potential Loyalists,0
C007693,Email,South,46,1,130.44,130.44,2025-11-16,2025-11-16,4,2,3,Potential Loyalists,0
C006601,Paid Search,West,59,1,130.42,130.42,2025-11-03,2025-11-03,4,2,3,Potential Loyalists,0
C006926,Organic Search,West,8,1,130.36,130.36,2025-12-24,2025-12-24,5,2,3,Potential Loyalists,0
C001047,Paid Search,West,2,2,130.31,65.16,2025-05-29,2025-12-30,5,4,3,Champions,0
C005076,Direct,South,297,1,130.06,130.06,2025-03-10,2025-03-10,1,2,3,Hibernating,1
C005862,Affiliate,West,13,1,130.04,130.04,2025-12-19,2025-12-19,5,2,3,Potential Loyalists,0
C003296,Direct,North,373,1,130.03,130.03,2024-12-24,2024-12-24,1,2,3,Hibernating,1
C006055,Organic Search,West,433,2,130.01,65.0,2024-07-27,2024-10-25,1,4,3,At Risk,1
C001420,Organic Search,North,37,1,129.82,129.82,2025-11-25,2025-11-25,4,2,3,Potential Loyalists,0
C007937,Paid Search,West,104,2,129.82,64.91,2024-11-07,2025-09-19,3,4,3,Loyal Customers,1
C001040,Organic Search,West,4,1,129.74,129.74,2025-12-28,2025-12-28,5,2,3,Potential Loyalists,0
C008173,Email,North,87,1,129.69,129.69,2025-10-06,2025-10-06,3,2,3,Need Attention,0
C009361,Social,South,41,1,129.6,129.6,2025-11-21,2025-11-21,4,2,3,Potential Loyalists,0
C008521,Social,Central,17,1,129.47,129.47,2025-12-15,2025-12-15,5,2,3,Potential Loyalists,0
C009398,Organic Search,East,172,1,129.43,129.43,2025-07-13,2025-07-13,2,2,3,Hibernating,1
C003817,Email,South,402,1,129.33,129.33,2024-11-25,2024-11-25,1,2,3,Hibernating,1
C000240,Paid Search,West,68,2,129.3,64.65,2025-01-16,2025-10-25,4,4,3,Champions,0
C001753,Paid Search,East,312,1,129.29,129.29,2025-02-23,2025-02-23,1,2,3,Hibernating,1
C009932,Paid Search,East,12,1,129.28,129.28,2025-12-20,2025-12-20,5,2,3,Potential Loyalists,0
C008946,Organic Search,East,529,1,129.25,129.25,2024-07-21,2024-07-21,1,2,3,Hibernating,1
C002225,Email,East,169,1,129.08,129.08,2025-07-16,2025-07-16,2,2,3,Hibernating,1
C006587,Paid Search,West,315,1,129.07,129.07,2025-02-20,2025-02-20,1,2,3,Hibernating,1
C001115,Organic Search,North,141,2,128.96,64.48,2025-04-16,2025-08-13,3,4,3,Loyal Customers,1
C009835,Organic Search,North,311,1,128.93,128.93,2025-02-24,2025-02-24,1,2,3,Hibernating,1
C008513,Paid Search,South,70,1,128.91,128.91,2025-10-23,2025-10-23,4,2,3,Potential Loyalists,0
C000375,Email,West,16,1,128.85,128.85,2025-12-16,2025-12-16,5,2,3,Potential Loyalists,0
C008648,Direct,South,279,1,128.69,128.69,2025-03-28,2025-03-28,2,2,3,Hibernating,1
C001166,Organic Search,East,281,2,128.65,64.33,2025-02-17,2025-03-26,2,4,3,At Risk,1
C003833,Affiliate,South,129,1,128.59,128.59,2025-08-25,2025-08-25,3,2,3,Need Attention,1
C003969,Social,South,414,1,128.58,128.58,2024-11-13,2024-11-13,1,2,3,Hibernating,1
C000918,Organic Search,West,166,1,128.42,128.42,2025-07-19,2025-07-19,2,2,3,Hibernating,1
C003569,Affiliate,North,170,1,128.38,128.38,2025-07-15,2025-07-15,2,2,3,Hibernating,1
C008205,Affiliate,South,153,1,128.35,128.35,2025-08-01,2025-08-01,3,2,3,Need Attention,1
C008356,Organic Search,West,88,1,128.32,128.32,2025-10-05,2025-10-05,3,2,3,Need Attention,0
C001320,Paid Search,North,147,1,128.27,128.27,2025-08-07,2025-08-07,3,2,3,Need Attention,1
C000088,Email,South,18,1,128.24,128.24,2025-12-14,2025-12-14,5,2,3,Potential Loyalists,0
C000459,Paid Search,West,423,1,128.17,128.17,2024-11-04,2024-11-04,1,2,3,Hibernating,1
C001870,Social,North,39,2,128.12,64.06,2024-11-17,2025-11-23,4,4,3,Champions,0
C000710,Organic Search,South,11,1,128.03,128.03,2025-12-21,2025-12-21,5,2,3,Potential Loyalists,0
C003077,Paid Search,South,136,1,127.97,127.97,2025-08-18,2025-08-18,3,2,3,Need Attention,1
C005800,Paid Search,South,174,2,127.85,63.92,2025-03-14,2025-07-11,2,4,3,At Risk,1
C003721,Direct,Central,351,1,127.84,127.84,2025-01-15,2025-01-15,1,2,3,Hibernating,1
C005648,Email,West,88,2,127.81,63.91,2025-07-02,2025-10-05,3,4,3,Loyal Customers,0
C007855,Paid Search,South,158,1,127.76,127.76,2025-07-27,2025-07-27,3,2,3,Need Attention,1
C008016,Paid Search,South,10,1,127.68,127.68,2025-12-22,2025-12-22,5,2,3,Potential Loyalists,0
C007872,Social,West,7,2,127.66,63.83,2025-11-09,2025-12-25,5,4,3,Champions,0
C009804,Paid Search,East,64,2,127.52,63.76,2025-03-10,2025-10-29,4,4,3,Champions,0
C004465,Organic Search,West,284,1,127.45,127.45,2025-03-23,2025-03-23,1,2,3,Hibernating,1
C003118,Organic Search,Central,200,1,127.39,127.39,2025-06-15,2025-06-15,2,2,3,Hibernating,1
C003619,Social,South,4,1,127.33,127.33,2025-12-28,2025-12-28,5,2,3,Potential Loyalists,0
C002329,Organic Search,North,144,2,127.23,63.61,2025-04-07,2025-08-10,3,4,3,Loyal Customers,1
C007400,Paid Search,East,655,1,127.2,127.2,2024-03-17,2024-03-17,1,2,3,Hibernating,1
C003328,Social,North,101,2,127.19,63.59,2024-10-02,2025-09-22,3,4,3,Loyal Customers,1
C004588,Organic Search,East,181,1,127.1,127.1,2025-07-04,2025-07-04,2,2,3,Hibernating,1
C006578,Email,East,186,2,127.08,63.54,2025-05-04,2025-06-29,2,4,3,At Risk,1
C009324,Organic Search,Central,3,2,126.9,63.45,2025-09-13,2025-12-29,5,4,3,Champions,0
C007327,Direct,North,148,1,126.84,126.84,2025-08-06,2025-08-06,3,2,3,Need Attention,1
C007854,Paid Search,South,257,1,126.79,126.79,2025-04-19,2025-04-19,2,2,3,Hibernating,1
C000481,Organic Search,South,15,1,126.78,126.78,2025-12-17,2025-12-17,5,2,3,Potential Loyalists,0
C000207,Social,West,57,1,126.7,126.7,2025-11-05,2025-11-05,4,2,3,Potential Loyalists,0
C000549,Email,East,293,1,126.67,126.67,2025-03-14,2025-03-14,1,2,3,Hibernating,1
C006957,Social,South,167,1,126.59,126.59,2025-07-18,2025-07-18,2,2,3,Hibernating,1
C003219,Paid Search,South,187,1,126.46,126.46,2025-06-28,2025-06-28,2,2,3,Hibernating,1
C003250,Paid Search,South,33,1,126.14,126.14,2025-11-29,2025-11-29,5,2,3,Potential Loyalists,0
C007029,Affiliate,Central,227,1,126.14,126.14,2025-05-19,2025-05-19,2,2,3,Hibernating,1
C008756,Direct,South,162,1,126.11,126.11,2025-07-23,2025-07-23,2,2,3,Hibernating,1
C000023,Email,North,370,1,125.91,125.91,2024-12-27,2024-12-27,1,2,3,Hibernating,1
C000830,Organic Search,South,142,2,125.89,62.95,2025-05-25,2025-08-12,3,4,3,Loyal Customers,1
C009471,Organic Search,Central,32,2,125.79,62.9,2025-03-24,2025-11-30,5,4,3,Champions,0
C007874,Affiliate,West,66,1,125.66,125.66,2025-10-27,2025-10-27,4,2,3,Potential Loyalists,0
C003300,Organic Search,West,131,1,125.64,125.64,2025-08-23,2025-08-23,3,2,3,Need Attention,1
C009042,Paid Search,West,279,1,125.53,125.53,2025-03-28,2025-03-28,2,2,3,Hibernating,1
C006853,Organic Search,East,488,1,125.43,125.43,2024-08-31,2024-08-31,1,2,3,Hibernating,1
C004503,Social,Central,51,3,125.42,41.81,2025-09-11,2025-11-11,4,5,3,Champions,0
C002496,Organic Search,North,245,1,125.33,125.33,2025-05-01,2025-05-01,2,2,3,Hibernating,1
C005241,Affiliate,West,91,1,125.28,125.28,2025-10-02,2025-10-02,3,2,3,Need Attention,1
C002809,Organic Search,West,72,1,125.22,125.22,2025-10-21,2025-10-21,4,2,3,Potential Loyalists,0
C001553,Email,South,167,1,125.18,125.18,2025-07-18,2025-07-18,2,2,3,Hibernating,1
C007773,Organic Search,West,192,2,125.17,62.59,2025-04-15,2025-06-23,2,4,3,At Risk,1
C007909,Paid Search,North,112,1,125.02,125.02,2025-09-11,2025-09-11,3,2,3,Need Attention,1
C005665,Direct,West,219,1,124.96,124.96,2025-05-27,2025-05-27,2,2,3,Hibernating,1
C001551,Organic Search,West,130,2,124.95,62.48,2024-10-21,2025-08-24,3,4,3,Loyal Customers,1
C006450,Social,East,8,1,124.85,124.85,2025-12-24,2025-12-24,5,2,3,Potential Loyalists,0
C007201,Affiliate,South,47,1,124.76,124.76,2025-11-15,2025-11-15,4,2,3,Potential Loyalists,0
C002233,Affiliate,West,267,1,124.74,124.74,2025-04-09,2025-04-09,2,2,3,Hibernating,1
C001481,Affiliate,South,128,2,124.72,62.36,2025-06-09,2025-08-26,3,4,3,Loyal Customers,1
C009319,Email,West,18,1,124.63,124.63,2025-12-14,2025-12-14,5,2,3,Potential Loyalists,0
C005949,Organic Search,South,51,1,124.52,124.52,2025-11-11,2025-11-11,4,2,3,Potential Loyalists,0
C009697,Direct,South,54,2,124.47,62.23,2025-10-16,2025-11-08,4,4,3,Champions,0
C003582,Affiliate,West,121,1,124.42,124.42,2025-09-02,2025-09-02,3,2,3,Need Attention,1
C006879,Email,Central,65,1,124.35,124.35,2025-10-28,2025-10-28,4,2,3,Potential Loyalists,0
C000971,Paid Search,South,6,2,124.31,62.16,2025-10-03,2025-12-26,5,4,3,Champions,0
C001644,Email,West,13,1,124.25,124.25,2025-12-19,2025-12-19,5,2,3,Potential Loyalists,0
C001314,Direct,West,52,1,124.25,124.25,2025-11-10,2025-11-10,4,2,3,Potential Loyalists,0
C000867,Paid Search,East,522,1,124.13,124.13,2024-07-28,2024-07-28,1,2,3,Hibernating,1
C001259,Affiliate,North,195,1,124.0,124.0,2025-06-20,2025-06-20,2,2,3,Hibernating,1
C007575,Affiliate,West,100,1,123.99,123.99,2025-09-23,2025-09-23,3,2,3,Need Attention,1
C000038,Organic Search,South,389,1,123.99,123.99,2024-12-08,2024-12-08,1,2,3,Hibernating,1
C006566,Social,East,30,1,123.98,123.98,2025-12-02,2025-12-02,5,2,3,Potential Loyalists,0
C006594,Social,West,312,1,123.96,123.96,2025-02-23,2025-02-23,1,2,3,Hibernating,1
C004844,Social,South,215,1,123.9,123.9,2025-05-31,2025-05-31,2,2,3,Hibernating,1
C003425,Email,West,36,2,123.88,61.94,2025-11-24,2025-11-26,4,4,3,Champions,0
C003873,Email,West,39,2,123.77,61.88,2025-06-14,2025-11-23,4,4,3,Champions,0
C006451,Organic Search,South,416,1,123.71,123.71,2024-11-11,2024-11-11,1,2,3,Hibernating,1
C003860,Affiliate,West,44,1,123.66,123.66,2025-11-18,2025-11-18,4,2,3,Potential Loyalists,0
C007856,Paid Search,West,475,1,123.56,123.56,2024-09-13,2024-09-13,1,2,3,Hibernating,1
C008085,Organic Search,West,61,1,123.54,123.54,2025-11-01,2025-11-01,4,2,3,Potential Loyalists,0
C008120,Organic Search,East,310,1,123.4,123.4,2025-02-25,2025-02-25,1,2,3,Hibernating,1
C008994,Social,South,15,1,123.38,123.38,2025-12-17,2025-12-17,5,2,3,Potential Loyalists,0
C003367,Direct,East,30,1,123.31,123.31,2025-12-02,2025-12-02,5,2,3,Potential Loyalists,0
C007871,Direct,West,6,2,123.29,61.64,2025-03-12,2025-12-26,5,4,3,Champions,0
C006647,Affiliate,West,229,2,123.2,61.6,2025-05-06,2025-05-17,2,4,3,At Risk,1
C008365,Email,North,277,1,123.18,123.18,2025-03-30,2025-03-30,2,2,3,Hibernating,1
C009234,Social,East,159,1,123.13,123.13,2025-07-26,2025-07-26,3,2,3,Need Attention,1
C009386,Organic Search,North,67,1,123.11,123.11,2025-10-26,2025-10-26,4,2,3,Potential Loyalists,0
C006385,Paid Search,West,170,1,123.09,123.09,2025-07-15,2025-07-15,2,2,3,Hibernating,1
C008712,Paid Search,West,57,1,123.08,123.08,2025-11-05,2025-11-05,4,2,3,Potential Loyalists,0
C002611,Organic Search,East,283,1,123.0,123.0,2025-03-24,2025-03-24,2,2,3,Hibernating,1
C007826,Email,West,3,1,122.95,122.95,2025-12-29,2025-12-29,5,2,3,Potential Loyalists,0
C003028,Organic Search,East,123,1,122.9,122.9,2025-08-31,2025-08-31,3,2,3,Need Attention,1
C008697,Social,West,36,1,122.87,122.87,2025-11-26,2025-11-26,4,2,3,Potential Loyalists,0
C000420,Organic Search,East,428,1,122.75,122.75,2024-10-30,2024-10-30,1,2,3,Hibernating,1
C001592,Email,West,188,1,122.7,122.7,2025-06-27,2025-06-27,2,2,3,Hibernating,1
C007122,Direct,West,465,2,122.63,61.31,2024-04-17,2024-09-23,1,4,3,At Risk,1
C006932,Social,East,460,1,122.53,122.53,2024-09-28,2024-09-28,1,2,3,Hibernating,1
C009346,Paid Search,North,317,1,122.24,122.24,2025-02-18,2025-02-18,1,2,3,Hibernating,1
C000601,Paid Search,South,20,1,122.19,122.19,2025-12-12,2025-12-12,5,2,3,Potential Loyalists,0
C005717,Paid Search,North,38,1,122.19,122.19,2025-11-24,2025-11-24,4,2,3,Potential Loyalists,0
C000258,Organic Search,West,347,1,122.13,122.13,2025-01-19,2025-01-19,1,2,3,Hibernating,1
C005606,Social,North,451,1,122.13,122.13,2024-10-07,2024-10-07,1,2,3,Hibernating,1
C003995,Paid Search,South,74,1,122.04,122.04,2025-10-19,2025-10-19,4,2,3,Potential Loyalists,0
C009568,Email,West,18,1,121.96,121.96,2025-12-14,2025-12-14,5,2,3,Potential Loyalists,0
C001994,Email,West,111,2,121.75,60.88,2025-02-28,2025-09-12,3,4,3,Loyal Customers,1
C007359,Email,South,119,2,121.65,60.83,2025-08-22,2025-09-04,3,4,3,Loyal Customers,1
C005041,Direct,South,28,2,121.47,60.73,2025-11-23,2025-12-04,5,4,3,Champions,0
C009520,Affiliate,West,166,1,121.41,121.41,2025-07-19,2025-07-19,2,2,3,Hibernating,1
C005673,Direct,South,66,2,121.4,60.7,2025-04-27,2025-10-27,4,4,3,Champions,0
C003971,Paid Search,North,122,1,121.38,121.38,2025-09-01,2025-09-01,3,2,3,Need Attention,1
C002290,Social,South,380,1,121.34,121.34,2024-12-17,2024-12-17,1,2,3,Hibernating,1
C005057,Direct,North,87,1,121.23,121.23,2025-10-06,2025-10-06,3,2,3,Need Attention,0
C006710,Affiliate,West,88,1,121.23,121.23,2025-10-05,2025-10-05,3,2,3,Need Attention,0
C002574,Affiliate,North,28,1,121.21,121.21,2025-12-04,2025-12-04,5,2,3,Potential Loyalists,0
C008106,Social,West,57,1,121.13,121.13,2025-11-05,2025-11-05,4,2,3,Potential Loyalists,0
C009639,Direct,Central,60,2,121.0,60.5,2025-03-15,2025-11-02,4,4,3,Champions,0
C004823,Organic Search,Central,325,2,120.99,60.49,2024-05-24,2025-02-10,1,4,3,At Risk,1
C006175,Organic Search,South,224,1,120.92,120.92,2025-05-22,2025-05-22,2,2,3,Hibernating,1
C000732,Social,West,71,2,120.84,60.42,2025-01-08,2025-10-22,4,4,3,Champions,0
C009010,Affiliate,West,252,2,120.75,60.38,2025-03-18,2025-04-24,2,4,3,At Risk,1
C000120,Paid Search,Central,36,1,120.74,120.74,2025-11-26,2025-11-26,4,2,3,Potential Loyalists,0
C000101,Social,East,346,1,120.59,120.59,2025-01-20,2025-01-20,1,2,3,Hibernating,1
C001462,Direct,North,35,1,120.49,120.49,2025-11-27,2025-11-27,4,2,3,Potential Loyalists,0
C005789,Direct,West,57,1,120.45,120.45,2025-11-05,2025-11-05,4,2,3,Potential Loyalists,0
C002355,Social,South,66,1,120.35,120.35,2025-10-27,2025-10-27,4,2,3,Potential Loyalists,0
C002678,Social,West,66,1,120.07,120.07,2025-10-27,2025-10-27,4,2,3,Potential Loyalists,0
C000409,Paid Search,West,105,2,120.01,60.0,2025-05-13,2025-09-18,3,4,3,Loyal Customers,1
C007388,Social,West,306,1,119.82,119.82,2025-03-01,2025-03-01,1,2,3,Hibernating,1
C003966,Direct,West,174,1,119.72,119.72,2025-07-11,2025-07-11,2,2,3,Hibernating,1
C003945,Paid Search,West,158,2,119.7,59.85,2025-04-01,2025-07-27,3,4,3,Loyal Customers,1
C006801,Social,South,170,1,119.7,119.7,2025-07-15,2025-07-15,2,2,3,Hibernating,1
C008811,Organic Search,North,53,1,119.68,119.68,2025-11-09,2025-11-09,4,2,3,Potential Loyalists,0
C000603,Email,East,271,1,119.65,119.65,2025-04-05,2025-04-05,2,2,3,Hibernating,1
C002489,Social,West,88,1,119.59,119.59,2025-10-05,2025-10-05,3,2,3,Need Attention,0
C007284,Social,West,143,1,119.39,119.39,2025-08-11,2025-08-11,3,2,3,Need Attention,1
C002947,Paid Search,South,677,1,119.38,119.38,2024-02-24,2024-02-24,1,2,3,Hibernating,1
C006121,Organic Search,West,75,1,119.31,119.31,2025-10-18,2025-10-18,4,2,3,Potential Loyalists,0
C000013,Affiliate,Central,110,1,119.11,119.11,2025-09-13,2025-09-13,3,2,3,Need Attention,1
C003144,Organic Search,West,5,1,119.09,119.09,2025-12-27,2025-12-27,5,2,3,Potential Loyalists,0
C003261,Email,West,198,3,119.06,39.69,2025-03-03,2025-06-17,2,5,3,At Risk,1
C004966,Social,West,541,1,119.03,119.03,2024-07-09,2024-07-09,1,2,3,Hibernating,1
C000025,Affiliate,West,354,2,119.02,59.51,2024-11-07,2025-01-12,1,4,3,At Risk,1
C006267,Affiliate,West,56,1,118.76,118.76,2025-11-06,2025-11-06,4,2,3,Potential Loyalists,0
C008171,Paid Search,North,295,1,118.64,118.64,2025-03-12,2025-03-12,1,2,3,Hibernating,1
C008832,Paid Search,North,134,1,118.63,118.63,2025-08-20,2025-08-20,3,2,3,Need Attention,1
C006626,Paid Search,East,57,2,118.28,59.14,2024-05-10,2025-11-05,4,4,3,Champions,0
C000735,Affiliate,West,116,1,118.28,118.28,2025-09-07,2025-09-07,3,2,3,Need Attention,1
C005012,Direct,North,404,1,118.28,118.28,2024-11-23,2024-11-23,1,2,3,Hibernating,1
C001731,Organic Search,North,121,1,118.16,118.16,2025-09-02,2025-09-02,3,2,3,Need Attention,1
C007859,Email,North,12,2,118.14,59.07,2025-01-04,2025-12-20,5,4,3,Champions,0
C001823,Email,North,20,1,118.07,118.07,2025-12-12,2025-12-12,5,2,3,Potential Loyalists,0
C007673,Organic Search,East,17,2,118.01,59.01,2025-11-11,2025-12-15,5,4,3,Champions,0
C005140,Paid Search,North,74,1,118.0,118.0,2025-10-19,2025-10-19,4,2,3,Potential Loyalists,0
C001982,Organic Search,South,88,1,117.71,117.71,2025-10-05,2025-10-05,3,2,3,Need Attention,0
C009751,Organic Search,North,459,1,117.65,117.65,2024-09-29,2024-09-29,1,2,3,Hibernating,1
C000363,Email,West,71,1,117.64,117.64,2025-10-22,2025-10-22,4,2,3,Potential Loyalists,0
C007008,Direct,West,445,2,117.58,58.79,2024-09-06,2024-10-13,1,4,3,At Risk,1
C009666,Organic Search,East,69,1,117.51,117.51,2025-10-24,2025-10-24,4,2,3,Potential Loyalists,0
C000439,Direct,East,464,1,117.44,117.44,2024-09-24,2024-09-24,1,2,3,Hibernating,1
C000383,Direct,West,9,1,117.31,117.31,2025-12-23,2025-12-23,5,2,3,Potential Loyalists,0
C004326,Organic Search,North,95,2,117.21,58.61,2024-09-24,2025-09-28,3,4,3,Loyal Customers,1
C007232,Paid Search,South,604,1,117.17,117.17,2024-05-07,2024-05-07,1,2,3,Hibernating,1
C007437,Paid Search,West,443,1,117.04,117.04,2024-10-15,2024-10-15,1,2,3,Hibernating,1
C004953,Paid Search,South,258,3,116.99,39.0,2025-03-11,2025-04-18,2,5,3,At Risk,1
C009825,Direct,South,3,1,116.89,116.89,2025-12-29,2025-12-29,5,2,3,Potential Loyalists,0
C000020,Paid Search,Central,167,3,116.89,38.96,2025-06-18,2025-07-18,2,5,3,At Risk,1
C004846,Paid Search,South,248,1,116.8,116.8,2025-04-28,2025-04-28,2,2,3,Hibernating,1
C000314,Email,South,380,1,116.75,116.75,2024-12-17,2024-12-17,1,2,3,Hibernating,1
C001722,Social,South,212,1,116.74,116.74,2025-06-03,2025-06-03,2,2,3,Hibernating,1
C002562,Affiliate,Central,350,1,116.7,116.7,2025-01-16,2025-01-16,1,2,3,Hibernating,1
C000293,Email,East,78,2,116.63,58.32,2025-07-15,2025-10-15,4,4,3,Champions,0
C000705,Social,South,313,1,116.63,116.63,2025-02-22,2025-02-22,1,2,3,Hibernating,1
C002994,Paid Search,North,463,1,116.53,116.53,2024-09-25,2024-09-25,1,2,3,Hibernating,1
C000854,Paid Search,East,399,2,116.45,58.23,2024-08-08,2024-11-28,1,4,3,At Risk,1
C001923,Affiliate,South,13,1,116.28,116.28,2025-12-19,2025-12-19,5,2,3,Potential Loyalists,0
C001518,Social,North,18,2,116.26,58.13,2025-11-29,2025-12-14,5,4,3,Champions,0
C007441,Organic Search,East,188,1,116.25,116.25,2025-06-27,2025-06-27,2,2,3,Hibernating,1
C000977,Paid Search,South,496,1,116.22,116.22,2024-08-23,2024-08-23,1,2,3,Hibernating,1
C004392,Organic Search,East,371,2,116.1,58.05,2024-11-18,2024-12-26,1,4,3,At Risk,1
C007147,Affiliate,South,375,1,116.07,116.07,2024-12-22,2024-12-22,1,2,2,Hibernating,1
C006747,Social,Central,19,1,116.05,116.05,2025-12-13,2025-12-13,5,2,2,Potential Loyalists,0
C000507,Direct,South,78,2,115.99,57.99,2025-10-14,2025-10-15,4,4,2,Champions,0
C008316,Paid Search,North,118,1,115.91,115.91,2025-09-05,2025-09-05,3,2,2,Need Attention,1
C006433,Organic Search,West,74,1,115.9,115.9,2025-10-19,2025-10-19,4,2,2,Potential Loyalists,0
C002569,Organic Search,Central,42,1,115.72,115.72,2025-11-20,2025-11-20,4,2,2,Potential Loyalists,0
C002815,Affiliate,West,152,1,115.5,115.5,2025-08-02,2025-08-02,3,2,2,Need Attention,1
C000572,Direct,North,521,1,115.5,115.5,2024-07-29,2024-07-29,1,2,2,Hibernating,1
C005356,Organic Search,East,99,1,115.44,115.44,2025-09-24,2025-09-24,3,2,2,Need Attention,1
C002332,Paid Search,South,158,1,115.35,115.35,2025-07-27,2025-07-27,3,2,2,Need Attention,1
C006152,Direct,East,17,1,115.3,115.3,2025-12-15,2025-12-15,5,2,2,Potential Loyalists,0
C004129,Organic Search,West,232,1,115.26,115.26,2025-05-14,2025-05-14,2,2,2,Hibernating,1
C001380,Paid Search,South,2,1,114.97,114.97,2025-12-30,2025-12-30,5,2,2,Potential Loyalists,0
C002153,Social,East,91,1,114.97,114.97,2025-10-02,2025-10-02,3,2,2,Need Attention,1
C008014,Email,South,37,1,114.95,114.95,2025-11-25,2025-11-25,4,2,2,Potential Loyalists,0
C002860,Email,South,64,1,114.89,114.89,2025-10-29,2025-10-29,4,2,2,Potential Loyalists,0
C009066,Email,North,81,1,114.62,114.62,2025-10-12,2025-10-12,4,2,2,Potential Loyalists,0
C007606,Social,West,29,1,114.51,114.51,2025-12-03,2025-12-03,5,2,2,Potential Loyalists,0
C004010,Email,Central,519,1,114.45,114.45,2024-07-31,2024-07-31,1,2,2,Hibernating,1
C009597,Email,West,142,1,114.4,114.4,2025-08-12,2025-08-12,3,2,2,Need Attention,1
C008190,Direct,West,313,2,114.13,57.06,2024-10-14,2025-02-22,1,4,2,At Risk,1
C004758,Organic Search,West,30,1,114.1,114.1,2025-12-02,2025-12-02,5,2,2,Potential Loyalists,0
C004487,Email,West,62,1,114.05,114.05,2025-10-31,2025-10-31,4,2,2,Potential Loyalists,0
C001457,Affiliate,South,247,1,113.91,113.91,2025-04-29,2025-04-29,2,2,2,Hibernating,1
C001216,Email,North,57,1,113.79,113.79,2025-11-05,2025-11-05,4,2,2,Potential Loyalists,0
C000230,Affiliate,West,120,2,113.64,56.82,2024-09-25,2025-09-03,3,4,2,Loyal Customers,1
C007102,Organic Search,South,249,1,113.51,113.51,2025-04-27,2025-04-27,2,2,2,Hibernating,1
C007065,Email,South,325,1,113.38,113.38,2025-02-10,2025-02-10,1,2,2,Hibernating,1
C009087,Paid Search,South,82,1,113.29,113.29,2025-10-11,2025-10-11,3,2,2,Need Attention,0
C002966,Email,North,112,1,113.29,113.29,2025-09-11,2025-09-11,3,2,2,Need Attention,1
C003225,Paid Search,West,239,1,113.29,113.29,2025-05-07,2025-05-07,2,2,2,Hibernating,1
C004463,Paid Search,South,49,1,113.25,113.25,2025-11-13,2025-11-13,4,2,2,Potential Loyalists,0
C009792,Affiliate,West,34,1,113.22,113.22,2025-11-28,2025-11-28,5,2,2,Potential Loyalists,0
C000166,Organic Search,South,398,1,113.21,113.21,2024-11-29,2024-11-29,1,2,2,Hibernating,1
C000053,Social,West,63,1,113.19,113.19,2025-10-30,2025-10-30,4,2,2,Potential Loyalists,0
C007223,Organic Search,North,74,1,113.19,113.19,2025-10-19,2025-10-19,4,2,2,Potential Loyalists,0
C009284,Organic Search,West,43,2,113.09,56.55,2025-10-31,2025-11-19,4,4,2,Champions,0
C000469,Organic Search,West,60,1,112.99,112.99,2025-11-02,2025-11-02,4,2,2,Potential Loyalists,0
C000744,Social,West,506,1,112.87,112.87,2024-08-13,2024-08-13,1,2,2,Hibernating,1
C007312,Direct,South,555,1,112.82,112.82,2024-06-25,2024-06-25,1,2,2,Hibernating,1
C000695,Direct,East,434,1,112.8,112.8,2024-10-24,2024-10-24,1,2,2,Hibernating,1
C004220,Paid Search,East,484,2,112.56,56.28,2024-07-25,2024-09-04,1,4,2,At Risk,1
C002240,Organic Search,North,113,2,112.44,56.22,2025-05-01,2025-09-10,3,4,2,Loyal Customers,1
C004980,Paid Search,East,311,1,112.43,112.43,2025-02-24,2025-02-24,1,2,2,Hibernating,1
C005074,Paid Search,South,150,1,112.33,112.33,2025-08-04,2025-08-04,3,2,2,Need Attention,1
C005000,Organic Search,Central,527,1,112.33,112.33,2024-07-23,2024-07-23,1,2,2,Hibernating,1
C005615,Paid Search,Central,235,2,112.26,56.13,2025-01-24,2025-05-11,2,4,2,At Risk,1
C008910,Direct,South,154,1,112.24,112.24,2025-07-31,2025-07-31,3,2,2,Need Attention,1
C008491,Direct,West,217,1,112.21,112.21,2025-05-29,2025-05-29,2,2,2,Hibernating,1
C007303,Organic Search,East,270,1,112.01,112.01,2025-04-06,2025-04-06,2,2,2,Hibernating,1
C004396,Email,South,465,1,111.97,111.97,2024-09-23,2024-09-23,1,2,2,Hibernating,1
C001805,Organic Search,Central,18,2,111.94,55.97,2025-06-14,2025-12-14,5,4,2,Champions,0
C001893,Paid Search,North,220,1,111.82,111.82,2025-05-26,2025-05-26,2,2,2,Hibernating,1
C003385,Social,West,149,1,111.8,111.8,2025-08-05,2025-08-05,3,2,2,Need Attention,1
C006734,Organic Search,West,52,3,111.79,37.26,2025-10-05,2025-11-10,4,5,2,Champions,0
C004173,Organic Search,North,307,1,111.72,111.72,2025-02-28,2025-02-28,1,2,2,Hibernating,1
C005940,Organic Search,North,407,1,111.67,111.67,2024-11-20,2024-11-20,1,2,2,Hibernating,1
C005644,Social,South,40,1,111.65,111.65,2025-11-22,2025-11-22,4,2,2,Potential Loyalists,0
C001287,Paid Search,South,63,1,111.53,111.53,2025-10-30,2025-10-30,4,2,2,Potential Loyalists,0
C000454,Organic Search,West,168,2,111.53,55.77,2025-07-05,2025-07-17,2,4,2,At Risk,1
C008299,Paid Search,West,286,1,111.52,111.52,2025-03-21,2025-03-21,1,2,2,Hibernating,1
C006943,Paid Search,North,133,1,111.48,111.48,2025-08-21,2025-08-21,3,2,2,Need Attention,1
C000209,Paid Search,West,42,1,111.45,111.45,2025-11-20,2025-11-20,4,2,2,Potential Loyalists,0
C008293,Affiliate,South,502,1,111.28,111.28,2024-08-17,2024-08-17,1,2,2,Hibernating,1
C007193,Organic Search,North,18,2,111.14,55.57,2025-12-10,2025-12-14,5,4,2,Champions,0
C006386,Organic Search,East,53,1,111.14,111.14,2025-11-09,2025-11-09,4,2,2,Potential Loyalists,0
C006204,Social,West,146,1,110.99,110.99,2025-08-08,2025-08-08,3,2,2,Need Attention,1
C003679,Affiliate,South,89,1,110.84,110.84,2025-10-04,2025-10-04,3,2,2,Need Attention,0
C008425,Direct,South,5,1,110.78,110.78,2025-12-27,2025-12-27,5,2,2,Potential Loyalists,0
C004567,Direct,East,31,2,110.77,55.38,2025-11-28,2025-12-01,5,4,2,Champions,0
C005023,Organic Search,East,52,1,110.72,110.72,2025-11-10,2025-11-10,4,2,2,Potential Loyalists,0
C001009,Social,East,3,2,110.71,55.36,2025-11-26,2025-12-29,5,4,2,Champions,0
C004866,Paid Search,West,398,1,110.71,110.71,2024-11-29,2024-11-29,1,2,2,Hibernating,1
C000492,Organic Search,Central,36,2,110.58,55.29,2025-10-01,2025-11-26,4,4,2,Champions,0
C002688,Organic Search,Central,340,1,110.38,110.38,2025-01-26,2025-01-26,1,2,2,Hibernating,1
C004484,Affiliate,South,71,1,110.35,110.35,2025-10-22,2025-10-22,4,2,2,Potential Loyalists,0
C002880,Paid Search,West,62,2,110.34,55.17,2025-08-27,2025-10-31,4,4,2,Champions,0
C004575,Direct,North,521,1,110.26,110.26,2024-07-29,2024-07-29,1,2,2,Hibernating,1
C006041,Social,South,282,1,110.2,110.2,2025-03-25,2025-03-25,2,2,2,Hibernating,1
C009728,Direct,South,614,1,110.18,110.18,2024-04-27,2024-04-27,1,2,2,Hibernating,1
C002595,Direct,South,27,1,110.14,110.14,2025-12-05,2025-12-05,5,2,2,Potential Loyalists,0
C008885,Affiliate,South,59,1,110.09,110.09,2025-11-03,2025-11-03,4,2,2,Potential Loyalists,0
C008687,Direct,West,269,2,110.08,55.04,2025-01-09,2025-04-07,2,4,2,At Risk,1
C001779,Social,South,129,1,110.03,110.03,2025-08-25,2025-08-25,3,2,2,Need Attention,1
C000384,Affiliate,South,208,2,110.02,55.01,2024-10-15,2025-06-07,2,4,2,At Risk,1
C005431,Paid Search,South,94,1,110.01,110.01,2025-09-29,2025-09-29,3,2,2,Need Attention,1
C008156,Direct,North,198,2,110.0,55.0,2024-10-23,2025-06-17,2,4,2,At Risk,1
C004260,Organic Search,South,61,1,109.93,109.93,2025-11-01,2025-11-01,4,2,2,Potential Loyalists,0
C002630,Affiliate,South,620,1,109.92,109.92,2024-04-21,2024-04-21,1,2,2,Hibernating,1
C006192,Email,West,5,2,109.91,54.95,2025-02-11,2025-12-27,5,4,2,Champions,0
C009947,Organic Search,West,71,1,109.91,109.91,2025-10-22,2025-10-22,4,2,2,Potential Loyalists,0
C008202,Email,North,180,2,109.79,54.9,2025-07-04,2025-07-05,2,4,2,At Risk,1
C001144,Direct,West,347,1,109.76,109.76,2025-01-19,2025-01-19,1,2,2,Hibernating,1
C009506,Direct,Central,242,1,109.65,109.65,2025-05-04,2025-05-04,2,2,2,Hibernating,1
C000202,Paid Search,North,39,1,109.58,109.58,2025-11-23,2025-11-23,4,2,2,Potential Loyalists,0
C009894,Direct,East,77,2,109.39,54.7,2024-05-14,2025-10-16,4,4,2,Champions,0
C001196,Social,West,97,1,109.16,109.16,2025-09-26,2025-09-26,3,2,2,Need Attention,1
C009456,Affiliate,West,52,2,109.06,54.53,2025-08-02,2025-11-10,4,4,2,Champions,0
C005886,Paid Search,West,106,1,108.96,108.96,2025-09-17,2025-09-17,3,2,2,Need Attention,1
C006805,Organic Search,East,410,1,108.82,108.82,2024-11-17,2024-11-17,1,2,2,Hibernating,1
C006986,Organic Search,Central,3,2,108.78,54.39,2025-11-09,2025-12-29,5,4,2,Champions,0
C002458,Social,West,10,3,108.75,36.25,2025-06-02,2025-12-22,5,5,2,Champions,0
C006354,Social,South,288,1,108.67,108.67,2025-03-19,2025-03-19,1,2,2,Hibernating,1
C006585,Organic Search,South,182,1,108.38,108.38,2025-07-03,2025-07-03,2,2,2,Hibernating,1
C006231,Organic Search,East,204,1,108.33,108.33,2025-06-11,2025-06-11,2,2,2,Hibernating,1
C001990,Email,West,6,1,108.27,108.27,2025-12-26,2025-12-26,5,2,2,Potential Loyalists,0
C002346,Paid Search,West,56,1,108.26,108.26,2025-11-06,2025-11-06,4,2,2,Potential Loyalists,0
C002242,Social,West,79,1,108.08,108.08,2025-10-14,2025-10-14,4,2,2,Potential Loyalists,0
C000041,Paid Search,South,132,3,108.04,36.01,2025-08-05,2025-08-22,3,5,2,Loyal Customers,1
C009659,Paid Search,East,142,1,108.02,108.02,2025-08-12,2025-08-12,3,2,2,Need Attention,1
C006729,Email,East,353,1,107.99,107.99,2025-01-13,2025-01-13,1,2,2,Hibernating,1
C006373,Affiliate,North,193,1,107.89,107.89,2025-06-22,2025-06-22,2,2,2,Hibernating,1
C000191,Organic Search,East,26,1,107.88,107.88,2025-12-06,2025-12-06,5,2,2,Potential Loyalists,0
C004291,Organic Search,West,181,1,107.87,107.87,2025-07-04,2025-07-04,2,2,2,Hibernating,1
C004090,Paid Search,West,297,1,107.87,107.87,2025-03-10,2025-03-10,1,2,2,Hibernating,1
C000806,Affiliate,West,363,1,107.85,107.85,2025-01-03,2025-01-03,1,2,2,Hibernating,1
C009063,Organic Search,South,355,1,107.68,107.68,2025-01-11,2025-01-11,1,2,2,Hibernating,1
C006208,Email,South,56,2,107.54,53.77,2025-06-09,2025-11-06,4,4,2,Champions,0
C009435,Organic Search,East,43,2,107.53,53.77,2025-11-14,2025-11-19,4,4,2,Champions,0
C009105,Email,East,224,1,107.42,107.42,2025-05-22,2025-05-22,2,2,2,Hibernating,1
C004863,Direct,South,40,1,107.36,107.36,2025-11-22,2025-11-22,4,2,2,Potential Loyalists,0
C008809,Organic Search,East,162,1,107.29,107.29,2025-07-23,2025-07-23,2,2,2,Hibernating,1
C005081,Email,West,18,1,107.17,107.17,2025-12-14,2025-12-14,5,2,2,Potential Loyalists,0
C007229,Organic Search,West,3,1,107.13,107.13,2025-12-29,2025-12-29,5,2,2,Potential Loyalists,0
C004869,Direct,South,7,2,107.13,53.56,2025-12-14,2025-12-25,5,4,2,Champions,0
C005341,Paid Search,South,46,1,107.11,107.11,2025-11-16,2025-11-16,4,2,2,Potential Loyalists,0
C005411,Organic Search,South,317,1,107.11,107.11,2025-02-18,2025-02-18,1,2,2,Hibernating,1
C002409,Direct,South,287,1,107.1,107.1,2025-03-20,2025-03-20,1,2,2,Hibernating,1
C006783,Social,Central,63,1,106.89,106.89,2025-10-30,2025-10-30,4,2,2,Potential Loyalists,0
C002341,Social,West,234,1,106.82,106.82,2025-05-12,2025-05-12,2,2,2,Hibernating,1
C000637,Email,Central,24,3,106.76,35.59,2024-12-01,2025-12-08,5,5,2,Champions,0
C000754,Social,South,191,1,106.67,106.67,2025-06-24,2025-06-24,2,2,2,Hibernating,1
C000479,Organic Search,Central,215,1,106.58,106.58,2025-05-31,2025-05-31,2,2,2,Hibernating,1
C005571,Paid Search,West,83,1,106.54,106.54,2025-10-10,2025-10-10,3,2,2,Need Attention,0
C004727,Social,West,23,1,106.51,106.51,2025-12-09,2025-12-09,5,2,2,Potential Loyalists,0
C001378,Paid Search,East,292,1,106.5,106.5,2025-03-15,2025-03-15,1,2,2,Hibernating,1
C002955,Direct,North,38,1,106.48,106.48,2025-11-24,2025-11-24,4,2,2,Potential Loyalists,0
C001939,Affiliate,South,336,1,106.48,106.48,2025-01-30,2025-01-30,1,2,2,Hibernating,1
C007605,Organic Search,East,171,1,106.46,106.46,2025-07-14,2025-07-14,2,2,2,Hibernating,1
C003750,Paid Search,West,217,1,106.39,106.39,2025-05-29,2025-05-29,2,2,2,Hibernating,1
C007254,Affiliate,Central,102,1,106.38,106.38,2025-09-21,2025-09-21,3,2,2,Need Attention,1
C000425,Social,Central,47,1,106.37,106.37,2025-11-15,2025-11-15,4,2,2,Potential Loyalists,0
C009538,Paid Search,South,175,1,106.33,106.33,2025-07-10,2025-07-10,2,2,2,Hibernating,1
C003953,Direct,North,265,1,106.23,106.23,2025-04-11,2025-04-11,2,2,2,Hibernating,1
C007210,Affiliate,Central,424,1,106.23,106.23,2024-11-03,2024-11-03,1,2,2,Hibernating,1
C004654,Direct,West,163,1,106.22,106.22,2025-07-22,2025-07-22,2,2,2,Hibernating,1
C007828,Organic Search,West,420,1,106.19,106.19,2024-11-07,2024-11-07,1,2,2,Hibernating,1
C008978,Organic Search,East,18,1,106.13,106.13,2025-12-14,2025-12-14,5,2,2,Potential Loyalists,0
C009744,Social,Central,41,1,106.11,106.11,2025-11-21,2025-11-21,4,2,2,Potential Loyalists,0
C000923,Organic Search,Central,17,1,106.07,106.07,2025-12-15,2025-12-15,5,2,2,Potential Loyalists,0
C001876,Organic Search,West,33,2,106.06,53.03,2025-04-12,2025-11-29,5,4,2,Champions,0
C006847,Organic Search,South,404,2,105.81,52.91,2024-09-30,2024-11-23,1,4,2,At Risk,1
C003528,Paid Search,West,77,2,105.72,52.86,2024-07-06,2025-10-16,4,4,2,Champions,0
C007908,Paid Search,North,66,1,105.58,105.58,2025-10-27,2025-10-27,4,2,2,Potential Loyalists,0
C001289,Organic Search,South,43,2,105.52,52.76,2025-02-01,2025-11-19,4,4,2,Champions,0
C006101,Organic Search,North,499,1,105.52,105.52,2024-08-20,2024-08-20,1,2,2,Hibernating,1
C007208,Email,West,109,1,105.37,105.37,2025-09-14,2025-09-14,3,2,2,Need Attention,1
C007726,Social,South,9,1,105.36,105.36,2025-12-23,2025-12-23,5,2,2,Potential Loyalists,0
C008859,Email,South,182,1,105.28,105.28,2025-07-03,2025-07-03,2,2,2,Hibernating,1
C008089,Email,South,25,2,105.08,52.54,2025-11-26,2025-12-07,5,4,2,Champions,0
C008587,Organic Search,West,503,1,104.92,104.92,2024-08-16,2024-08-16,1,2,2,Hibernating,1
C009441,Paid Search,North,103,1,104.82,104.82,2025-09-20,2025-09-20,3,2,2,Need Attention,1
C000750,Paid Search,North,49,1,104.68,104.68,2025-11-13,2025-11-13,4,2,2,Potential Loyalists,0
C002843,Affiliate,South,13,1,104.34,104.34,2025-12-19,2025-12-19,5,2,2,Potential Loyalists,0
C009766,Organic Search,North,583,1,104.27,104.27,2024-05-28,2024-05-28,1,2,2,Hibernating,1
C001330,Organic Search,West,200,2,104.21,52.11,2025-04-19,2025-06-15,2,4,2,At Risk,1
C002529,Paid Search,North,174,1,104.2,104.2,2025-07-11,2025-07-11,2,2,2,Hibernating,1
C003593,Paid Search,West,37,1,104.18,104.18,2025-11-25,2025-11-25,4,2,2,Potential Loyalists,0
C006255,Social,East,44,1,104.13,104.13,2025-11-18,2025-11-18,4,2,2,Potential Loyalists,0
C001715,Organic Search,South,425,1,104.11,104.11,2024-11-02,2024-11-02,1,2,2,Hibernating,1
C004189,Social,West,413,1,104.02,104.02,2024-11-14,2024-11-14,1,2,2,Hibernating,1
C004559,Affiliate,West,69,1,103.96,103.96,2025-10-24,2025-10-24,4,2,2,Potential Loyalists,0
C005876,Paid Search,South,166,2,103.8,51.9,2024-12-06,2025-07-19,2,4,2,At Risk,1
C005199,Social,East,14,2,103.79,51.89,2025-12-18,2025-12-18,5,4,2,Champions,0
C005517,Organic Search,West,158,1,103.79,103.79,2025-07-27,2025-07-27,3,2,2,Need Attention,1
C000441,Paid Search,North,363,1,103.74,103.74,2025-01-03,2025-01-03,1,2,2,Hibernating,1
C007349,Direct,South,205,2,103.67,51.84,2025-02-10,2025-06-10,2,4,2,At Risk,1
C000983,Email,East,18,3,103.65,34.55,2025-09-04,2025-12-14,5,5,2,Champions,0
C000717,Organic Search,North,25,1,103.47,103.47,2025-12-07,2025-12-07,5,2,2,Potential Loyalists,0
C007539,Email,West,74,1,103.47,103.47,2025-10-19,2025-10-19,4,2,2,Potential Loyalists,0
C009522,Paid Search,Central,212,1,103.47,103.47,2025-06-03,2025-06-03,2,2,2,Hibernating,1
C005605,Paid Search,North,211,1,103.21,103.21,2025-06-04,2025-06-04,2,2,2,Hibernating,1
C003243,Paid Search,East,270,1,103.21,103.21,2025-04-06,2025-04-06,2,2,2,Hibernating,1
C007445,Paid Search,West,197,2,103.13,51.56,2025-04-05,2025-06-18,2,4,2,At Risk,1
C007211,Organic Search,North,142,1,103.11,103.11,2025-08-12,2025-08-12,3,2,2,Need Attention,1
C003895,Direct,East,10,1,103.04,103.04,2025-12-22,2025-12-22,5,2,2,Potential Loyalists,0
C002978,Direct,East,456,1,102.99,102.99,2024-10-02,2024-10-02,1,2,2,Hibernating,1
C001743,Direct,West,26,2,102.97,51.48,2025-10-26,2025-12-06,5,4,2,Champions,0
C005317,Direct,West,255,1,102.97,102.97,2025-04-21,2025-04-21,2,2,2,Hibernating,1
C002882,Paid Search,West,253,2,102.79,51.39,2025-01-04,2025-04-23,2,4,2,At Risk,1
C004286,Affiliate,West,93,1,102.74,102.74,2025-09-30,2025-09-30,3,2,2,Need Attention,1
C007170,Paid Search,West,101,1,102.73,102.73,2025-09-22,2025-09-22,3,2,2,Need Attention,1
C005371,Social,West,376,1,102.49,102.49,2024-12-21,2024-12-21,1,2,2,Hibernating,1
C003770,Direct,Central,211,1,102.34,102.34,2025-06-04,2025-06-04,2,2,2,Hibernating,1
C007530,Organic Search,West,255,1,102.07,102.07,2025-04-21,2025-04-21,2,2,2,Hibernating,1
C006244,Paid Search,West,119,1,102.03,102.03,2025-09-04,2025-09-04,3,2,2,Need Attention,1
C006713,Social,South,364,1,101.92,101.92,2025-01-02,2025-01-02,1,2,2,Hibernating,1
C004986,Paid Search,South,65,3,101.89,33.96,2025-02-07,2025-10-28,4,5,2,Champions,0
C002031,Email,West,181,1,101.74,101.74,2025-07-04,2025-07-04,2,2,2,Hibernating,1
C004356,Organic Search,East,26,1,101.61,101.61,2025-12-06,2025-12-06,5,2,2,Potential Loyalists,0
C009606,Organic Search,North,277,2,101.48,50.74,2024-11-05,2025-03-30,2,4,2,At Risk,1
C004337,Affiliate,West,86,2,101.4,50.7,2025-04-19,2025-10-07,3,4,2,Loyal Customers,0
C004525,Affiliate,East,203,1,101.2,101.2,2025-06-12,2025-06-12,2,2,2,Hibernating,1
C006414,Social,North,130,1,101.18,101.18,2025-08-24,2025-08-24,3,2,2,Need Attention,1
C005437,Direct,North,142,2,101.15,50.58,2024-12-03,2025-08-12,3,4,2,Loyal Customers,1
C005935,Paid Search,South,215,1,101.11,101.11,2025-05-31,2025-05-31,2,2,2,Hibernating,1
C007566,Organic Search,East,131,1,101.1,101.1,2025-08-23,2025-08-23,3,2,2,Need Attention,1
C002272,Paid Search,Central,52,2,101.02,50.51,2025-11-02,2025-11-10,4,4,2,Champions,0
C008315,Affiliate,West,19,1,100.67,100.67,2025-12-13,2025-12-13,5,2,2,Potential Loyalists,0
C009003,Organic Search,South,63,2,100.6,50.3,2025-06-28,2025-10-30,4,4,2,Champions,0
C003599,Organic Search,North,287,2,100.43,50.22,2025-02-15,2025-03-20,1,4,2,At Risk,1
C000938,Social,West,96,2,100.4,50.2,2025-06-21,2025-09-27,3,4,2,Loyal Customers,1
C001250,Affiliate,East,168,1,100.33,100.33,2025-07-17,2025-07-17,2,2,2,Hibernating,1
C001508,Organic Search,South,505,1,100.2,100.2,2024-08-14,2024-08-14,1,2,2,Hibernating,1
C009112,Organic Search,South,235,1,100.16,100.16,2025-05-11,2025-05-11,2,2,2,Hibernating,1
C008497,Organic Search,West,480,1,100.02,100.02,2024-09-08,2024-09-08,1,2,2,Hibernating,1
C000897,Organic Search,South,506,1,99.96,99.96,2024-08-13,2024-08-13,1,2,2,Hibernating,1
C006294,Organic Search,West,13,1,99.93,99.93,2025-12-19,2025-12-19,5,2,2,Potential Loyalists,0
C000017,Paid Search,North,262,3,99.83,33.28,2024-10-17,2025-04-14,2,5,2,At Risk,1
C003439,Organic Search,West,16,1,99.76,99.76,2025-12-16,2025-12-16,5,2,2,Potential Loyalists,0
C001219,Social,Central,29,1,99.75,99.75,2025-12-03,2025-12-03,5,2,2,Potential Loyalists,0
C002200,Direct,Central,85,1,99.6,99.6,2025-10-08,2025-10-08,3,2,2,Need Attention,0
C005464,Paid Search,East,411,1,99.55,99.55,2024-11-16,2024-11-16,1,2,2,Hibernating,1
C006251,Organic Search,North,14,2,99.47,49.73,2025-12-14,2025-12-18,5,4,2,Champions,0
C005458,Email,Central,29,1,99.47,99.47,2025-12-03,2025-12-03,5,2,2,Potential Loyalists,0
C009100,Direct,North,472,1,99.47,99.47,2024-09-16,2024-09-16,1,2,2,Hibernating,1
C009396,Social,Central,48,2,99.45,49.73,2025-09-08,2025-11-14,4,4,2,Champions,0
C008845,Organic Search,West,172,1,99.36,99.36,2025-07-13,2025-07-13,2,2,2,Hibernating,1
C007357,Email,East,410,1,99.32,99.32,2024-11-17,2024-11-17,1,2,2,Hibernating,1
C002067,Paid Search,South,20,1,99.24,99.24,2025-12-12,2025-12-12,5,2,2,Potential Loyalists,0
C001894,Organic Search,West,28,2,99.24,49.62,2025-11-20,2025-12-04,5,4,2,Champions,0
C009642,Direct,West,319,1,99.24,99.24,2025-02-16,2025-02-16,1,2,2,Hibernating,1
C005308,Organic Search,South,110,1,98.87,98.87,2025-09-13,2025-09-13,3,2,2,Need Attention,1
C009802,Paid Search,Central,41,2,98.86,49.43,2025-09-11,2025-11-21,4,4,2,Champions,0
C002607,Affiliate,Central,156,1,98.79,98.79,2025-07-29,2025-07-29,3,2,2,Need Attention,1
C000999,Email,North,139,1,98.78,98.78,2025-08-15,2025-08-15,3,2,2,Need Attention,1
C002426,Direct,East,182,2,98.76,49.38,2024-12-25,2025-07-03,2,4,2,At Risk,1
C007608,Direct,West,156,1,98.74,98.74,2025-07-29,2025-07-29,3,2,2,Need Attention,1
C000057,Affiliate,South,86,1,98.69,98.69,2025-10-07,2025-10-07,3,2,2,Need Attention,0
C007582,Direct,North,306,1,98.57,98.57,2025-03-01,2025-03-01,1,2,2,Hibernating,1
C007690,Email,South,67,1,98.47,98.47,2025-10-26,2025-10-26,4,2,2,Potential Loyalists,0
C002806,Direct,South,414,1,98.46,98.46,2024-11-13,2024-11-13,1,2,2,Hibernating,1
C006141,Paid Search,West,33,1,98.42,98.42,2025-11-29,2025-11-29,5,2,2,Potential Loyalists,0
C003417,Organic Search,Central,47,1,98.41,98.41,2025-11-15,2025-11-15,4,2,2,Potential Loyalists,0
C006158,Direct,West,71,1,98.39,98.39,2025-10-22,2025-10-22,4,2,2,Potential Loyalists,0
C001626,Email,East,503,1,98.18,98.18,2024-08-16,2024-08-16,1,2,2,Hibernating,1
C005616,Organic Search,South,86,1,97.94,97.94,2025-10-07,2025-10-07,3,2,2,Need Attention,0
C006102,Paid Search,West,73,1,97.91,97.91,2025-10-20,2025-10-20,4,2,2,Potential Loyalists,0
C005226,Affiliate,South,230,1,97.7,97.7,2025-05-16,2025-05-16,2,2,2,Hibernating,1
C006412,Affiliate,East,161,2,97.6,48.8,2024-12-24,2025-07-24,2,4,2,At Risk,1
C000186,Paid Search,Central,23,2,97.59,48.8,2025-02-26,2025-12-09,5,4,2,Champions,0
C009279,Direct,South,248,1,97.43,97.43,2025-04-28,2025-04-28,2,2,2,Hibernating,1
C000619,Organic Search,West,531,1,97.42,97.42,2024-07-19,2024-07-19,1,2,2,Hibernating,1
C005402,Social,West,344,1,97.36,97.36,2025-01-22,2025-01-22,1,2,2,Hibernating,1
C008445,Organic Search,East,525,1,97.33,97.33,2024-07-25,2024-07-25,1,2,2,Hibernating,1
C005548,Paid Search,Central,295,1,97.28,97.28,2025-03-12,2025-03-12,1,2,2,Hibernating,1
C006607,Social,East,224,2,97.12,48.56,2024-05-08,2025-05-22,2,4,2,At Risk,1
C000483,Social,North,405,1,97.08,97.08,2024-11-22,2024-11-22,1,2,2,Hibernating,1
C002404,Organic Search,East,294,1,97.04,97.04,2025-03-13,2025-03-13,1,2,2,Hibernating,1
C000386,Social,West,121,1,96.84,96.84,2025-09-02,2025-09-02,3,2,2,Need Attention,1
C009727,Organic Search,South,32,1,96.77,96.77,2025-11-30,2025-11-30,5,2,2,Potential Loyalists,0
C007025,Social,West,75,2,96.64,48.32,2025-01-23,2025-10-18,4,4,2,Champions,0
C009812,Organic Search,South,255,1,96.64,96.64,2025-04-21,2025-04-21,2,2,2,Hibernating,1
C001417,Paid Search,North,16,1,96.52,96.52,2025-12-16,2025-12-16,5,2,2,Potential Loyalists,0
C002650,Affiliate,North,38,1,96.39,96.39,2025-11-24,2025-11-24,4,2,2,Potential Loyalists,0
C004800,Organic Search,East,124,1,96.35,96.35,2025-08-30,2025-08-30,3,2,2,Need Attention,1
C001432,Organic Search,Central,503,1,96.34,96.34,2024-08-16,2024-08-16,1,2,2,Hibernating,1
C008463,Paid Search,Central,283,1,96.33,96.33,2025-03-24,2025-03-24,2,2,2,Hibernating,1
C005663,Paid Search,North,26,1,96.08,96.08,2025-12-06,2025-12-06,5,2,2,Potential Loyalists,0
C004043,Email,West,193,2,95.99,48.0,2025-02-25,2025-06-22,2,4,2,At Risk,1
C000216,Paid Search,East,39,1,95.98,95.98,2025-11-23,2025-11-23,4,2,2,Potential Loyalists,0
C006768,Paid Search,South,317,1,95.95,95.95,2025-02-18,2025-02-18,1,2,2,Hibernating,1
C006010,Email,North,86,1,95.92,95.92,2025-10-07,2025-10-07,3,2,2,Need Attention,0
C009156,Organic Search,East,398,1,95.81,95.81,2024-11-29,2024-11-29,1,2,2,Hibernating,1
C003138,Direct,West,103,1,95.78,95.78,2025-09-20,2025-09-20,3,2,2,Need Attention,1
C006864,Organic Search,South,112,1,95.56,95.56,2025-09-11,2025-09-11,3,2,2,Need Attention,1
C009229,Organic Search,West,236,1,95.53,95.53,2025-05-10,2025-05-10,2,2,2,Hibernating,1
C009781,Social,West,29,1,95.48,95.48,2025-12-03,2025-12-03,5,2,2,Potential Loyalists,0
C004584,Paid Search,West,49,1,95.38,95.38,2025-11-13,2025-11-13,4,2,2,Potential Loyalists,0
C004048,Paid Search,South,197,1,95.28,95.28,2025-06-18,2025-06-18,2,2,2,Hibernating,1
C008427,Organic Search,West,67,1,95.22,95.22,2025-10-26,2025-10-26,4,2,2,Potential Loyalists,0
C009580,Affiliate,West,88,1,95.17,95.17,2025-10-05,2025-10-05,3,2,2,Need Attention,0
C008152,Direct,North,372,1,95.14,95.14,2024-12-25,2024-12-25,1,2,2,Hibernating,1
C004040,Affiliate,West,55,2,95.04,47.52,2025-02-19,2025-11-07,4,4,2,Champions,0
C003790,Affiliate,East,464,1,94.92,94.92,2024-09-24,2024-09-24,1,2,2,Hibernating,1
C008394,Organic Search,East,91,1,94.75,94.75,2025-10-02,2025-10-02,3,2,2,Need Attention,1
C002108,Organic Search,West,57,2,94.68,47.34,2025-06-22,2025-11-05,4,4,2,Champions,0
C000398,Organic Search,South,195,1,94.61,94.61,2025-06-20,2025-06-20,2,2,2,Hibernating,1
C005295,Organic Search,East,26,1,94.54,94.54,2025-12-06,2025-12-06,5,2,2,Potential Loyalists,0
C009160,Affiliate,South,64,1,94.34,94.34,2025-10-29,2025-10-29,4,2,2,Potential Loyalists,0
C009598,Email,South,15,1,94.32,94.32,2025-12-17,2025-12-17,5,2,2,Potential Loyalists,0
C007724,Paid Search,South,23,1,94.27,94.27,2025-12-09,2025-12-09,5,2,2,Potential Loyalists,0
C005879,Email,East,105,2,94.25,47.13,2025-09-11,2025-09-18,3,4,2,Loyal Customers,1
C009759,Paid Search,West,113,2,94.18,47.09,2025-08-13,2025-09-10,3,4,2,Loyal Customers,1
C005314,Paid Search,Central,406,2,94.02,47.01,2024-07-24,2024-11-21,1,4,2,At Risk,1
C003868,Email,South,65,1,93.97,93.97,2025-10-28,2025-10-28,4,2,2,Potential Loyalists,0
C002205,Organic Search,South,79,1,93.94,93.94,2025-10-14,2025-10-14,4,2,2,Potential Loyalists,0
C000082,Social,South,284,1,93.91,93.91,2025-03-23,2025-03-23,1,2,2,Hibernating,1
C002709,Affiliate,West,127,2,93.83,46.92,2024-07-25,2025-08-27,3,4,2,Loyal Customers,1
C004322,Paid Search,North,534,1,93.73,93.73,2024-07-16,2024-07-16,1,2,2,Hibernating,1
C006226,Organic Search,West,274,1,93.71,93.71,2025-04-02,2025-04-02,2,2,2,Hibernating,1
C003434,Social,South,66,1,93.69,93.69,2025-10-27,2025-10-27,4,2,2,Potential Loyalists,0
C009851,Affiliate,South,530,1,93.64,93.64,2024-07-20,2024-07-20,1,2,2,Hibernating,1
C001741,Email,South,165,1,93.61,93.61,2025-07-20,2025-07-20,2,2,2,Hibernating,1
C000010,Paid Search,South,428,2,93.58,46.79,2024-10-09,2024-10-30,1,4,2,At Risk,1
C001066,Direct,North,32,1,93.57,93.57,2025-11-30,2025-11-30,5,2,2,Potential Loyalists,0
C007661,Email,South,4,1,93.52,93.52,2025-12-28,2025-12-28,5,2,2,Potential Loyalists,0
C000070,Paid Search,South,11,1,93.5,93.5,2025-12-21,2025-12-21,5,2,2,Potential Loyalists,0
C002512,Organic Search,South,393,1,93.38,93.38,2024-12-04,2024-12-04,1,2,2,Hibernating,1
C009384,Paid Search,East,192,1,93.35,93.35,2025-06-23,2025-06-23,2,2,2,Hibernating,1
C004707,Email,West,127,2,93.3,46.65,2025-08-06,2025-08-27,3,4,2,Loyal Customers,1
C005907,Affiliate,Central,88,1,93.2,93.2,2025-10-05,2025-10-05,3,2,2,Need Attention,0
C005229,Paid Search,West,10,1,93.1,93.1,2025-12-22,2025-12-22,5,2,2,Potential Loyalists,0
C003340,Paid Search,North,256,1,93.05,93.05,2025-04-20,2025-04-20,2,2,2,Hibernating,1
C005744,Organic Search,East,465,1,93.05,93.05,2024-09-23,2024-09-23,1,2,2,Hibernating,1
C006743,Organic Search,West,89,2,93.0,46.5,2025-09-30,2025-10-04,3,4,2,Loyal Customers,0
C004991,Social,West,333,1,92.97,92.97,2025-02-02,2025-02-02,1,2,2,Hibernating,1
C008219,Direct,South,113,1,92.95,92.95,2025-09-10,2025-09-10,3,2,2,Need Attention,1
C007112,Email,North,286,2,92.91,46.45,2025-02-16,2025-03-21,1,4,2,At Risk,1
C003420,Organic Search,North,43,1,92.83,92.83,2025-11-19,2025-11-19,4,2,2,Potential Loyalists,0
C006497,Social,South,148,1,92.83,92.83,2025-08-06,2025-08-06,3,2,2,Need Attention,1
C009944,Organic Search,North,156,1,92.83,92.83,2025-07-29,2025-07-29,3,2,2,Need Attention,1
C006911,Social,East,62,1,92.75,92.75,2025-10-31,2025-10-31,4,2,2,Potential Loyalists,0
C007837,Direct,South,289,1,92.67,92.67,2025-03-18,2025-03-18,1,2,2,Hibernating,1
C004051,Paid Search,North,45,2,92.66,46.33,2025-10-28,2025-11-17,4,4,2,Champions,0
C004031,Email,North,310,1,92.66,92.66,2025-02-25,2025-02-25,1,2,2,Hibernating,1
C005746,Direct,West,93,1,92.65,92.65,2025-09-30,2025-09-30,3,2,2,Need Attention,1
C005125,Email,North,21,1,92.51,92.51,2025-12-11,2025-12-11,5,2,2,Potential Loyalists,0
C005152,Paid Search,West,352,1,92.32,92.32,2025-01-14,2025-01-14,1,2,2,Hibernating,1
C000675,Organic Search,North,65,2,92.3,46.15,2025-09-25,2025-10-28,4,4,2,Champions,0
C009823,Email,North,151,1,92.18,92.18,2025-08-03,2025-08-03,3,2,2,Need Attention,1
C001872,Email,South,191,2,92.12,46.06,2024-11-09,2025-06-24,2,4,2,At Risk,1
C001273,Organic Search,South,90,1,92.1,92.1,2025-10-03,2025-10-03,3,2,2,Need Attention,0
C005019,Email,North,219,1,91.92,91.92,2025-05-27,2025-05-27,2,2,2,Hibernating,1
C001267,Email,West,29,1,91.91,91.91,2025-12-03,2025-12-03,5,2,2,Potential Loyalists,0
C000121,Paid Search,North,133,1,91.85,91.85,2025-08-21,2025-08-21,3,2,2,Need Attention,1
C008451,Email,North,197,1,91.84,91.84,2025-06-18,2025-06-18,2,2,2,Hibernating,1
C001574,Organic Search,North,196,1,91.76,91.76,2025-06-19,2025-06-19,2,2,2,Hibernating,1
C004432,Direct,East,212,1,91.71,91.71,2025-06-03,2025-06-03,2,2,2,Hibernating,1
C002747,Direct,West,516,1,91.71,91.71,2024-08-03,2024-08-03,1,2,2,Hibernating,1
C001261,Organic Search,West,237,1,91.7,91.7,2025-05-09,2025-05-09,2,2,2,Hibernating,1
C000781,Organic Search,South,348,1,91.64,91.64,2025-01-18,2025-01-18,1,2,2,Hibernating,1
C008415,Affiliate,West,243,2,91.6,45.8,2025-01-07,2025-05-03,2,4,2,At Risk,1
C006787,Organic Search,South,2,1,91.59,91.59,2025-12-30,2025-12-30,5,2,2,Potential Loyalists,0
C000609,Organic Search,East,451,1,91.55,91.55,2024-10-07,2024-10-07,1,2,2,Hibernating,1
C003431,Social,North,58,1,91.51,91.51,2025-11-04,2025-11-04,4,2,2,Potential Loyalists,0
C003232,Paid Search,West,57,2,91.47,45.73,2025-03-27,2025-11-05,4,4,2,Champions,0
C007843,Email,West,320,1,91.47,91.47,2025-02-15,2025-02-15,1,2,2,Hibernating,1
C007587,Affiliate,West,182,1,91.38,91.38,2025-07-03,2025-07-03,2,2,2,Hibernating,1
C007827,Social,West,274,1,91.34,91.34,2025-04-02,2025-04-02,2,2,2,Hibernating,1
C004052,Organic Search,Central,21,1,91.33,91.33,2025-12-11,2025-12-11,5,2,2,Potential Loyalists,0
C001194,Affiliate,North,147,1,91.25,91.25,2025-08-07,2025-08-07,3,2,2,Need Attention,1
C000770,Email,Central,169,1,91.22,91.22,2025-07-16,2025-07-16,2,2,2,Hibernating,1
C000986,Organic Search,East,47,1,91.18,91.18,2025-11-15,2025-11-15,4,2,2,Potential Loyalists,0
C008062,Social,South,228,2,91.07,45.54,2025-01-14,2025-05-18,2,4,2,At Risk,1
C008739,Organic Search,West,72,2,90.97,45.48,2025-10-01,2025-10-21,4,4,2,Champions,0
C005474,Direct,West,336,1,90.93,90.93,2025-01-30,2025-01-30,1,2,2,Hibernating,1
C008614,Affiliate,West,217,1,90.89,90.89,2025-05-29,2025-05-29,2,2,2,Hibernating,1
C005956,Direct,Central,326,1,90.82,90.82,2025-02-09,2025-02-09,1,2,2,Hibernating,1
C001938,Social,North,96,1,90.79,90.79,2025-09-27,2025-09-27,3,2,2,Need Attention,1
C006247,Direct,East,57,1,90.73,90.73,2025-11-05,2025-11-05,4,2,2,Potential Loyalists,0
C003282,Paid Search,West,59,2,90.65,45.33,2025-07-17,2025-11-03,4,4,2,Champions,0
C009921,Organic Search,West,358,2,90.6,45.3,2024-09-04,2025-01-08,1,4,2,At Risk,1
C003519,Social,North,199,1,90.58,90.58,2025-06-16,2025-06-16,2,2,2,Hibernating,1
C003531,Direct,West,252,1,90.52,90.52,2025-04-24,2025-04-24,2,2,2,Hibernating,1
C009623,Organic Search,North,265,1,90.49,90.49,2025-04-11,2025-04-11,2,2,2,Hibernating,1
C008096,Affiliate,East,3,1,90.48,90.48,2025-12-29,2025-12-29,5,2,2,Potential Loyalists,0
C006604,Paid Search,West,56,1,90.44,90.44,2025-11-06,2025-11-06,4,2,2,Potential Loyalists,0
C008957,Paid Search,Central,68,1,90.22,90.22,2025-10-25,2025-10-25,4,2,2,Potential Loyalists,0
C008773,Paid Search,Central,37,1,90.21,90.21,2025-11-25,2025-11-25,4,2,2,Potential Loyalists,0
C004383,Paid Search,South,169,2,90.06,45.03,2025-06-04,2025-07-16,2,4,2,At Risk,1
C007191,Email,North,40,2,89.99,44.99,2025-11-11,2025-11-22,4,4,2,Champions,0
C008763,Social,South,82,1,89.91,89.91,2025-10-11,2025-10-11,3,2,2,Need Attention,0
C002481,Paid Search,South,8,2,89.83,44.92,2024-08-19,2025-12-24,5,4,2,Champions,0
C000728,Email,West,111,1,89.6,89.6,2025-09-12,2025-09-12,3,2,2,Need Attention,1
C008475,Organic Search,South,62,1,89.59,89.59,2025-10-31,2025-10-31,4,2,2,Potential Loyalists,0
C009099,Email,North,140,1,89.59,89.59,2025-08-14,2025-08-14,3,2,2,Need Attention,1
C003785,Paid Search,North,112,1,89.51,89.51,2025-09-11,2025-09-11,3,2,2,Need Attention,1
C009974,Paid Search,South,110,1,89.48,89.48,2025-09-13,2025-09-13,3,2,2,Need Attention,1
C006127,Email,South,194,1,89.47,89.47,2025-06-21,2025-06-21,2,2,2,Hibernating,1
C000168,Social,West,7,1,89.45,89.45,2025-12-25,2025-12-25,5,2,2,Potential Loyalists,0
C008625,Paid Search,South,5,1,89.44,89.44,2025-12-27,2025-12-27,5,2,2,Potential Loyalists,0
C009714,Affiliate,West,31,2,89.44,44.72,2025-07-10,2025-12-01,5,4,2,Champions,0
C007627,Paid Search,North,141,1,89.4,89.4,2025-08-13,2025-08-13,3,2,2,Need Attention,1
C003928,Social,North,151,1,89.31,89.31,2025-08-03,2025-08-03,3,2,2,Need Attention,1
C005770,Affiliate,East,24,1,89.23,89.23,2025-12-08,2025-12-08,5,2,2,Potential Loyalists,0
C009045,Direct,South,191,1,89.21,89.21,2025-06-24,2025-06-24,2,2,2,Hibernating,1
C008751,Direct,East,314,1,89.2,89.2,2025-02-21,2025-02-21,1,2,2,Hibernating,1
C009313,Paid Search,South,1,1,89.13,89.13,2025-12-31,2025-12-31,5,2,2,Potential Loyalists,0
C009300,Email,West,57,1,89.11,89.11,2025-11-05,2025-11-05,4,2,2,Potential Loyalists,0
C000357,Organic Search,East,72,2,89.11,44.55,2025-08-27,2025-10-21,4,4,2,Champions,0
C002808,Affiliate,East,414,1,89.1,89.1,2024-11-13,2024-11-13,1,2,2,Hibernating,1
C007533,Email,South,165,1,89.09,89.09,2025-07-20,2025-07-20,2,2,2,Hibernating,1
C006348,Direct,East,395,1,88.94,88.94,2024-12-02,2024-12-02,1,2,2,Hibernating,1
C003339,Affiliate,South,271,1,88.83,88.83,2025-04-05,2025-04-05,2,2,2,Hibernating,1
C006958,Social,North,61,2,88.71,44.36,2025-09-24,2025-11-01,4,4,2,Champions,0
C008108,Organic Search,North,37,1,88.58,88.58,2025-11-25,2025-11-25,4,2,2,Potential Loyalists,0
C003957,Paid Search,West,154,1,88.41,88.41,2025-07-31,2025-07-31,3,2,2,Need Attention,1
C007751,Affiliate,North,202,1,88.36,88.36,2025-06-13,2025-06-13,2,2,2,Hibernating,1
C005102,Direct,South,13,2,88.32,44.16,2025-03-04,2025-12-19,5,4,2,Champions,0
C003613,Paid Search,Central,52,2,88.2,44.1,2025-09-17,2025-11-10,4,4,2,Champions,0
C008317,Paid Search,East,337,1,88.12,88.12,2025-01-29,2025-01-29,1,2,2,Hibernating,1
C005820,Direct,South,114,1,88.01,88.01,2025-09-09,2025-09-09,3,2,2,Need Attention,1
C008281,Social,South,303,1,87.98,87.98,2025-03-04,2025-03-04,1,2,2,Hibernating,1
C006766,Paid Search,Central,146,1,87.94,87.94,2025-08-08,2025-08-08,3,2,2,Need Attention,1
C005091,Email,South,140,1,87.92,87.92,2025-08-14,2025-08-14,3,2,2,Need Attention,1
C006918,Social,Central,57,1,87.91,87.91,2025-11-05,2025-11-05,4,2,2,Potential Loyalists,0
C007450,Email,South,14,2,87.9,43.95,2025-11-05,2025-12-18,5,4,2,Champions,0
C008875,Paid Search,West,154,1,87.85,87.85,2025-07-31,2025-07-31,3,2,2,Need Attention,1
C008002,Organic Search,East,115,1,87.79,87.79,2025-09-08,2025-09-08,3,2,2,Need Attention,1
C006094,Email,Central,174,1,87.75,87.75,2025-07-11,2025-07-11,2,2,2,Hibernating,1
C005698,Paid Search,East,693,1,87.43,87.43,2024-02-08,2024-02-08,1,2,2,Hibernating,1
C009140,Direct,West,34,1,87.39,87.39,2025-11-28,2025-11-28,5,2,2,Potential Loyalists,0
C001397,Paid Search,North,135,1,87.38,87.38,2025-08-19,2025-08-19,3,2,2,Need Attention,1
C002617,Direct,West,61,1,87.36,87.36,2025-11-01,2025-11-01,4,2,2,Potential Loyalists,0
C005944,Email,West,280,1,87.16,87.16,2025-03-27,2025-03-27,2,2,2,Hibernating,1
C007483,Social,North,51,2,87.13,43.56,2025-07-31,2025-11-11,4,4,2,Champions,0
C009667,Paid Search,North,92,1,87.11,87.11,2025-10-01,2025-10-01,3,2,2,Need Attention,1
C009327,Organic Search,North,513,1,86.87,86.87,2024-08-06,2024-08-06,1,2,2,Hibernating,1
C008418,Social,North,438,1,86.77,86.77,2024-10-20,2024-10-20,1,2,2,Hibernating,1
C009246,Social,North,42,1,86.76,86.76,2025-11-20,2025-11-20,4,2,2,Potential Loyalists,0
C002491,Email,North,133,1,86.76,86.76,2025-08-21,2025-08-21,3,2,2,Need Attention,1
C001962,Email,South,430,2,86.74,43.37,2024-09-30,2024-10-28,1,4,2,At Risk,1
C009431,Paid Search,South,27,1,86.71,86.71,2025-12-05,2025-12-05,5,2,2,Potential Loyalists,0
C001593,Paid Search,North,151,1,86.65,86.65,2025-08-03,2025-08-03,3,2,2,Need Attention,1
C005395,Direct,South,392,1,86.62,86.62,2024-12-05,2024-12-05,1,2,2,Hibernating,1
C007902,Organic Search,Central,52,2,86.54,43.27,2025-10-17,2025-11-10,4,4,2,Champions,0
C003892,Social,Central,165,1,86.37,86.37,2025-07-20,2025-07-20,2,2,2,Hibernating,1
C000470,Organic Search,South,53,2,86.36,43.18,2025-09-13,2025-11-09,4,4,2,Champions,0
C009525,Email,West,403,1,86.33,86.33,2024-11-24,2024-11-24,1,2,2,Hibernating,1
C000780,Paid Search,North,261,1,86.28,86.28,2025-04-15,2025-04-15,2,2,2,Hibernating,1
C006441,Organic Search,South,230,1,86.26,86.26,2025-05-16,2025-05-16,2,2,2,Hibernating,1
C004712,Organic Search,South,35,1,86.05,86.05,2025-11-27,2025-11-27,4,2,2,Potential Loyalists,0
C005666,Affiliate,East,316,2,86.03,43.02,2024-12-26,2025-02-19,1,4,2,At Risk,1
C006477,Email,West,86,1,85.89,85.89,2025-10-07,2025-10-07,3,2,2,Need Attention,0
C003376,Social,South,230,1,85.83,85.83,2025-05-16,2025-05-16,2,2,2,Hibernating,1
C004880,Social,South,102,1,85.68,85.68,2025-09-21,2025-09-21,3,2,2,Need Attention,1
C008259,Direct,East,102,1,85.68,85.68,2025-09-21,2025-09-21,3,2,2,Need Attention,1
C006435,Paid Search,North,128,1,85.36,85.36,2025-08-26,2025-08-26,3,2,2,Need Attention,1
C001883,Social,South,252,2,85.28,42.64,2025-04-23,2025-04-24,2,4,2,At Risk,1
C007866,Paid Search,South,129,1,85.21,85.21,2025-08-25,2025-08-25,3,2,2,Need Attention,1
C009535,Social,East,40,1,85.02,85.02,2025-11-22,2025-11-22,4,2,2,Potential Loyalists,0
C007899,Organic Search,North,4,1,84.99,84.99,2025-12-28,2025-12-28,5,2,2,Potential Loyalists,0
C005553,Social,South,72,1,84.99,84.99,2025-10-21,2025-10-21,4,2,2,Potential Loyalists,0
C001634,Organic Search,East,70,1,84.85,84.85,2025-10-23,2025-10-23,4,2,2,Potential Loyalists,0
C006049,Organic Search,South,10,1,84.72,84.72,2025-12-22,2025-12-22,5,2,2,Potential Loyalists,0
C008038,Social,South,182,2,84.65,42.33,2024-11-04,2025-07-03,2,4,2,At Risk,1
C000427,Direct,South,474,1,84.55,84.55,2024-09-14,2024-09-14,1,2,2,Hibernating,1
C005026,Paid Search,Central,545,1,84.52,84.52,2024-07-05,2024-07-05,1,2,2,Hibernating,1
C007511,Paid Search,North,62,2,84.49,42.24,2024-11-26,2025-10-31,4,4,2,Champions,0
C008517,Paid Search,East,225,1,84.49,84.49,2025-05-21,2025-05-21,2,2,2,Hibernating,1
C008843,Social,West,48,1,84.42,84.42,2025-11-14,2025-11-14,4,2,2,Potential Loyalists,0
C002878,Direct,South,79,1,84.24,84.24,2025-10-14,2025-10-14,4,2,2,Potential Loyalists,0
C002573,Social,East,371,1,84.21,84.21,2024-12-26,2024-12-26,1,2,2,Hibernating,1
C008598,Paid Search,Central,406,1,84.21,84.21,2024-11-21,2024-11-21,1,2,2,Hibernating,1
C008482,Direct,West,291,1,84.1,84.1,2025-03-16,2025-03-16,1,2,2,Hibernating,1
C004798,Organic Search,South,195,1,84.04,84.04,2025-06-20,2025-06-20,2,2,2,Hibernating,1
C004816,Organic Search,West,118,1,84.01,84.01,2025-09-05,2025-09-05,3,2,2,Need Attention,1
C003403,Organic Search,North,175,1,83.98,83.98,2025-07-10,2025-07-10,2,2,2,Hibernating,1
C006839,Social,West,44,1,83.97,83.97,2025-11-18,2025-11-18,4,2,2,Potential Loyalists,0
C001356,Paid Search,West,3,1,83.92,83.92,2025-12-29,2025-12-29,5,2,2,Potential Loyalists,0
C003240,Organic Search,South,15,1,83.91,83.91,2025-12-17,2025-12-17,5,2,2,Potential Loyalists,0
C000443,Email,East,517,1,83.66,83.66,2024-08-02,2024-08-02,1,2,2,Hibernating,1
C009088,Email,West,27,1,83.53,83.53,2025-12-05,2025-12-05,5,2,2,Potential Loyalists,0
C000204,Affiliate,West,82,1,83.37,83.37,2025-10-11,2025-10-11,3,2,2,Need Attention,0
C000764,Social,West,298,1,83.32,83.32,2025-03-09,2025-03-09,1,2,2,Hibernating,1
C005590,Organic Search,Central,485,1,83.29,83.29,2024-09-03,2024-09-03,1,2,2,Hibernating,1
C007614,Direct,South,344,1,83.28,83.28,2025-01-22,2025-01-22,1,2,2,Hibernating,1
C002498,Affiliate,West,192,1,83.13,83.13,2025-06-23,2025-06-23,2,2,2,Hibernating,1
C002361,Direct,North,116,1,82.93,82.93,2025-09-07,2025-09-07,3,2,2,Need Attention,1
C009869,Organic Search,West,148,1,82.93,82.93,2025-08-06,2025-08-06,3,2,2,Need Attention,1
C001763,Paid Search,West,121,1,82.9,82.9,2025-09-02,2025-09-02,3,2,2,Need Attention,1
C008255,Organic Search,East,438,1,82.77,82.77,2024-10-20,2024-10-20,1,2,2,Hibernating,1
C004783,Paid Search,East,338,1,82.59,82.59,2025-01-28,2025-01-28,1,2,2,Hibernating,1
C006989,Social,West,251,1,82.56,82.56,2025-04-25,2025-04-25,2,2,2,Hibernating,1
C008951,Organic Search,South,469,2,82.49,41.25,2024-04-22,2024-09-19,1,4,2,At Risk,1
C004041,Social,South,28,1,82.1,82.1,2025-12-04,2025-12-04,5,2,2,Potential Loyalists,0
C001827,Email,North,60,1,82.04,82.04,2025-11-02,2025-11-02,4,2,2,Potential Loyalists,0
C007060,Affiliate,South,243,1,81.9,81.9,2025-05-03,2025-05-03,2,2,2,Hibernating,1
C004688,Paid Search,South,22,2,81.87,40.94,2025-11-03,2025-12-10,5,4,2,Champions,0
C002249,Paid Search,South,433,2,81.86,40.93,2024-09-22,2024-10-25,1,4,2,At Risk,1
C004520,Paid Search,South,37,1,81.82,81.82,2025-11-25,2025-11-25,4,2,2,Potential Loyalists,0
C005842,Organic Search,South,47,1,81.81,81.81,2025-11-15,2025-11-15,4,2,2,Potential Loyalists,0
C008177,Organic Search,Central,75,2,81.78,40.89,2024-12-22,2025-10-18,4,4,2,Champions,0
C005953,Direct,South,79,1,81.72,81.72,2025-10-14,2025-10-14,4,2,2,Potential Loyalists,0
C007689,Organic Search,South,87,1,81.64,81.64,2025-10-06,2025-10-06,3,2,2,Need Attention,0
C006893,Paid Search,West,539,1,81.63,81.63,2024-07-11,2024-07-11,1,2,2,Hibernating,1
C005053,Affiliate,North,439,1,81.55,81.55,2024-10-19,2024-10-19,1,2,2,Hibernating,1
C003649,Organic Search,South,494,2,81.53,40.77,2024-07-10,2024-08-25,1,4,2,At Risk,1
C004865,Affiliate,Central,242,2,81.47,40.73,2024-03-13,2025-05-04,2,4,2,At Risk,1
C004081,Social,South,231,1,81.4,81.4,2025-05-15,2025-05-15,2,2,2,Hibernating,1
C005955,Organic Search,South,20,2,81.34,40.67,2025-10-03,2025-12-12,5,4,2,Champions,0
C002485,Direct,West,289,1,81.09,81.09,2025-03-18,2025-03-18,1,2,2,Hibernating,1
C003648,Direct,South,27,1,81.05,81.05,2025-12-05,2025-12-05,5,2,2,Potential Loyalists,0
C008705,Organic Search,South,159,1,81.05,81.05,2025-07-26,2025-07-26,3,2,2,Need Attention,1
C003125,Social,West,71,1,80.84,80.84,2025-10-22,2025-10-22,4,2,2,Potential Loyalists,0
C009496,Email,West,143,1,80.82,80.82,2025-08-11,2025-08-11,3,2,2,Need Attention,1
C009582,Organic Search,West,59,1,80.68,80.68,2025-11-03,2025-11-03,4,2,2,Potential Loyalists,0
C004647,Direct,East,155,2,80.47,40.23,2025-07-10,2025-07-30,3,4,2,Loyal Customers,1
C005491,Organic Search,South,83,1,80.41,80.41,2025-10-10,2025-10-10,3,2,2,Need Attention,0
C001539,Paid Search,West,560,1,80.38,80.38,2024-06-20,2024-06-20,1,2,2,Hibernating,1
C004757,Organic Search,South,89,1,80.26,80.26,2025-10-04,2025-10-04,3,2,2,Need Attention,0
C006929,Social,South,3,1,80.24,80.24,2025-12-29,2025-12-29,5,2,2,Potential Loyalists,0
C000446,Paid Search,East,23,1,80.12,80.12,2025-12-09,2025-12-09,5,2,2,Potential Loyalists,0
C002243,Organic Search,South,204,1,80.04,80.04,2025-06-11,2025-06-11,2,2,2,Hibernating,1
C004624,Organic Search,East,297,1,79.97,79.97,2025-03-10,2025-03-10,1,2,2,Hibernating,1
C007600,Social,North,81,1,79.9,79.9,2025-10-12,2025-10-12,4,2,2,Potential Loyalists,0
C008232,Email,West,59,2,79.88,39.94,2024-12-13,2025-11-03,4,4,2,Champions,0
C004243,Email,South,349,1,79.82,79.82,2025-01-17,2025-01-17,1,2,2,Hibernating,1
C000974,Paid Search,East,615,1,79.78,79.78,2024-04-26,2024-04-26,1,2,2,Hibernating,1
C002099,Direct,West,29,1,79.7,79.7,2025-12-03,2025-12-03,5,2,2,Potential Loyalists,0
C002164,Organic Search,South,179,1,79.65,79.65,2025-07-06,2025-07-06,2,2,2,Hibernating,1
C006995,Direct,West,213,2,79.63,39.81,2025-03-06,2025-06-02,2,4,2,At Risk,1
C002995,Organic Search,North,330,1,79.62,79.62,2025-02-05,2025-02-05,1,2,2,Hibernating,1
C002303,Social,South,127,1,79.56,79.56,2025-08-27,2025-08-27,3,2,2,Need Attention,1
C001228,Direct,South,52,1,79.32,79.32,2025-11-10,2025-11-10,4,2,2,Potential Loyalists,0
C003812,Email,West,90,2,79.29,39.64,2025-06-24,2025-10-03,3,4,2,Loyal Customers,0
C000490,Direct,North,502,1,79.23,79.23,2024-08-17,2024-08-17,1,2,2,Hibernating,1
C007958,Organic Search,South,10,2,79.22,39.61,2025-12-03,2025-12-22,5,4,2,Champions,0
C008567,Organic Search,East,93,2,79.18,39.59,2024-10-26,2025-09-30,3,4,2,Loyal Customers,1
C009539,Paid Search,East,45,2,79.15,39.58,2025-11-16,2025-11-17,4,4,2,Champions,0
C007968,Paid Search,North,132,2,79.15,39.58,2025-07-25,2025-08-22,3,4,2,Loyal Customers,1
C002117,Paid Search,South,125,1,79.14,79.14,2025-08-29,2025-08-29,3,2,2,Need Attention,1
C005310,Organic Search,South,403,1,79.13,79.13,2024-11-24,2024-11-24,1,2,2,Hibernating,1
C003303,Organic Search,South,20,1,79.1,79.1,2025-12-12,2025-12-12,5,2,2,Potential Loyalists,0
C006582,Affiliate,North,161,1,79.02,79.02,2025-07-24,2025-07-24,2,2,2,Hibernating,1
C007125,Paid Search,South,491,1,78.99,78.99,2024-08-28,2024-08-28,1,2,2,Hibernating,1
C004217,Direct,Central,496,1,78.97,78.97,2024-08-23,2024-08-23,1,2,2,Hibernating,1
C001308,Paid Search,Central,102,2,78.91,39.45,2025-08-21,2025-09-21,3,4,2,Loyal Customers,1
C001239,Organic Search,West,362,1,78.89,78.89,2025-01-04,2025-01-04,1,2,2,Hibernating,1
C000731,Paid Search,South,93,1,78.75,78.75,2025-09-30,2025-09-30,3,2,2,Need Attention,1
C007433,Direct,East,17,1,78.73,78.73,2025-12-15,2025-12-15,5,2,2,Potential Loyalists,0
C005335,Organic Search,South,107,1,78.53,78.53,2025-09-16,2025-09-16,3,2,2,Need Attention,1
C006537,Paid Search,West,101,2,78.45,39.22,2025-08-13,2025-09-22,3,4,2,Loyal Customers,1
C009094,Social,South,176,1,78.4,78.4,2025-07-09,2025-07-09,2,2,2,Hibernating,1
C002210,Email,West,15,1,78.3,78.3,2025-12-17,2025-12-17,5,2,2,Potential Loyalists,0
C006270,Paid Search,West,439,2,78.3,39.15,2024-04-17,2024-10-19,1,4,2,At Risk,1
C007135,Organic Search,South,185,1,78.22,78.22,2025-06-30,2025-06-30,2,2,2,Hibernating,1
C005285,Social,West,157,1,78.2,78.2,2025-07-28,2025-07-28,3,2,2,Need Attention,1
C002722,Organic Search,West,35,1,78.04,78.04,2025-11-27,2025-11-27,5,2,2,Potential Loyalists,0
C005232,Affiliate,East,106,1,78.0,78.0,2025-09-17,2025-09-17,3,2,2,Need Attention,1
C008224,Affiliate,East,395,1,77.93,77.93,2024-12-02,2024-12-02,1,2,2,Hibernating,1
C001959,Email,North,57,1,77.88,77.88,2025-11-05,2025-11-05,4,2,2,Potential Loyalists,0
C000697,Direct,East,141,1,77.84,77.84,2025-08-13,2025-08-13,3,2,2,Need Attention,1
C005773,Affiliate,South,450,1,77.81,77.81,2024-10-08,2024-10-08,1,2,2,Hibernating,1
C009919,Paid Search,West,36,1,77.75,77.75,2025-11-26,2025-11-26,4,2,2,Potential Loyalists,0
C006281,Social,East,111,1,77.75,77.75,2025-09-12,2025-09-12,3,2,2,Need Attention,1
C005730,Paid Search,South,113,1,77.58,77.58,2025-09-10,2025-09-10,3,2,2,Need Attention,1
C009350,Paid Search,West,38,1,77.54,77.54,2025-11-24,2025-11-24,4,2,2,Potential Loyalists,0
C000266,Organic Search,West,37,1,77.41,77.41,2025-11-25,2025-11-25,4,2,2,Potential Loyalists,0
C009004,Organic Search,West,12,1,77.22,77.22,2025-12-20,2025-12-20,5,2,2,Potential Loyalists,0
C000650,Organic Search,West,275,1,77.17,77.17,2025-04-01,2025-04-01,2,2,2,Hibernating,1
C005412,Organic Search,West,56,1,76.91,76.91,2025-11-06,2025-11-06,4,2,2,Potential Loyalists,0
C000494,Paid Search,South,2,1,76.83,76.83,2025-12-30,2025-12-30,5,2,2,Potential Loyalists,0
C005120,Organic Search,South,352,2,76.82,38.41,2024-07-31,2025-01-14,1,4,2,At Risk,1
C000193,Paid Search,West,60,1,76.76,76.76,2025-11-02,2025-11-02,4,2,2,Potential Loyalists,0
C001639,Organic Search,South,31,1,76.65,76.65,2025-12-01,2025-12-01,5,2,2,Potential Loyalists,0
C001719,Social,Central,234,2,76.6,38.3,2024-09-28,2025-05-12,2,4,2,At Risk,1
C000226,Paid Search,East,155,1,76.54,76.54,2025-07-30,2025-07-30,3,2,2,Need Attention,1
C002796,Social,North,62,1,76.39,76.39,2025-10-31,2025-10-31,4,2,2,Potential Loyalists,0
C006803,Affiliate,South,91,1,76.25,76.25,2025-10-02,2025-10-02,3,2,2,Need Attention,1
C001832,Email,North,53,1,76.05,76.05,2025-11-09,2025-11-09,4,2,2,Potential Loyalists,0
C000395,Organic Search,West,264,1,75.85,75.85,2025-04-12,2025-04-12,2,2,2,Hibernating,1
C006962,Direct,West,40,1,75.81,75.81,2025-11-22,2025-11-22,4,2,2,Potential Loyalists,0
C009865,Paid Search,West,118,1,75.68,75.68,2025-09-05,2025-09-05,3,2,2,Need Attention,1
C009228,Paid Search,West,510,1,75.58,75.58,2024-08-09,2024-08-09,1,2,2,Hibernating,1
C003831,Direct,South,12,1,75.54,75.54,2025-12-20,2025-12-20,5,2,2,Potential Loyalists,0
C004071,Paid Search,South,89,1,75.54,75.54,2025-10-04,2025-10-04,3,2,2,Need Attention,0
C008932,Social,South,21,1,75.5,75.5,2025-12-11,2025-12-11,5,2,2,Potential Loyalists,0
C001874,Direct,West,49,1,75.5,75.5,2025-11-13,2025-11-13,4,2,2,Potential Loyalists,0
C008784,Direct,South,35,1,75.49,75.49,2025-11-27,2025-11-27,5,2,2,Potential Loyalists,0
C003511,Social,North,45,3,75.44,25.15,2025-08-07,2025-11-17,4,5,2,Champions,0
C007148,Organic Search,East,60,1,75.35,75.35,2025-11-02,2025-11-02,4,2,2,Potential Loyalists,0
C001057,Direct,East,419,1,75.31,75.31,2024-11-08,2024-11-08,1,2,2,Hibernating,1
C006376,Social,West,32,2,75.27,37.64,2025-01-28,2025-11-30,5,4,2,Champions,0
C007465,Organic Search,North,220,2,75.24,37.62,2025-03-23,2025-05-26,2,4,2,At Risk,1
C008450,Social,West,337,1,75.11,75.11,2025-01-29,2025-01-29,1,2,2,Hibernating,1
C004971,Direct,Central,10,2,75.04,37.52,2025-11-12,2025-12-22,5,4,2,Champions,0
C004814,Organic Search,North,195,1,74.9,74.9,2025-06-20,2025-06-20,2,2,2,Hibernating,1
C009550,Direct,West,24,1,74.86,74.86,2025-12-08,2025-12-08,5,2,2,Potential Loyalists,0
C002091,Organic Search,South,94,1,74.76,74.76,2025-09-29,2025-09-29,3,2,2,Need Attention,1
C007270,Paid Search,South,5,1,74.68,74.68,2025-12-27,2025-12-27,5,2,2,Potential Loyalists,0
C002847,Direct,South,65,1,74.64,74.64,2025-10-28,2025-10-28,4,2,2,Potential Loyalists,0
C002524,Paid Search,Central,19,1,74.57,74.57,2025-12-13,2025-12-13,5,2,2,Potential Loyalists,0
C006128,Social,West,28,1,74.57,74.57,2025-12-04,2025-12-04,5,2,2,Potential Loyalists,0
C001033,Organic Search,North,53,1,74.55,74.55,2025-11-09,2025-11-09,4,2,2,Potential Loyalists,0
C007520,Paid Search,West,207,1,74.55,74.55,2025-06-08,2025-06-08,2,2,2,Hibernating,1
C000550,Email,South,490,1,74.55,74.55,2024-08-29,2024-08-29,1,2,2,Hibernating,1
C009814,Organic Search,West,220,1,74.49,74.49,2025-05-26,2025-05-26,2,2,2,Hibernating,1
C001730,Affiliate,South,116,1,74.45,74.45,2025-09-07,2025-09-07,3,2,2,Need Attention,1
C001820,Email,Central,52,1,74.41,74.41,2025-11-10,2025-11-10,4,2,2,Potential Loyalists,0
C007919,Organic Search,East,28,1,74.3,74.3,2025-12-04,2025-12-04,5,2,2,Potential Loyalists,0
C006667,Social,West,154,1,74.28,74.28,2025-07-31,2025-07-31,3,2,2,Need Attention,1
C008419,Organic Search,South,39,2,74.23,37.12,2025-11-02,2025-11-23,4,4,2,Champions,0
C005856,Social,West,361,1,74.22,74.22,2025-01-05,2025-01-05,1,2,2,Hibernating,1
C009047,Direct,South,326,1,74.17,74.17,2025-02-09,2025-02-09,1,2,2,Hibernating,1
C005434,Direct,South,233,1,74.07,74.07,2025-05-13,2025-05-13,2,2,2,Hibernating,1
C002833,Social,South,7,2,74.05,37.02,2025-05-27,2025-12-25,5,4,2,Champions,0
C004860,Paid Search,South,34,2,74.03,37.02,2025-06-11,2025-11-28,5,4,2,Champions,0
C006937,Organic Search,East,35,1,73.96,73.96,2025-11-27,2025-11-27,5,2,2,Potential Loyalists,0
C001466,Email,Central,81,1,73.96,73.96,2025-10-12,2025-10-12,4,2,2,Potential Loyalists,0
C001443,Organic Search,West,113,1,73.92,73.92,2025-09-10,2025-09-10,3,2,2,Need Attention,1
C009860,Organic Search,South,162,2,73.86,36.93,2025-03-29,2025-07-23,2,4,2,At Risk,1
C002786,Organic Search,East,47,2,73.82,36.91,2025-05-27,2025-11-15,4,4,2,Champions,0
C009454,Organic Search,Central,216,2,73.76,36.88,2025-02-20,2025-05-30,2,4,2,At Risk,1
C006320,Direct,North,285,2,73.69,36.84,2024-08-17,2025-03-22,1,4,2,At Risk,1
C007781,Organic Search,East,251,1,73.65,73.65,2025-04-25,2025-04-25,2,2,2,Hibernating,1
C009311,Email,South,641,1,73.64,73.64,2024-03-31,2024-03-31,1,2,2,Hibernating,1
C001052,Paid Search,West,265,1,73.52,73.52,2025-04-11,2025-04-11,2,2,2,Hibernating,1
C002579,Social,West,443,1,73.52,73.52,2024-10-15,2024-10-15,1,2,2,Hibernating,1
C001867,Paid Search,East,283,1,73.47,73.47,2025-03-24,2025-03-24,2,2,2,Hibernating,1
C003450,Paid Search,West,222,1,73.35,73.35,2025-05-24,2025-05-24,2,2,2,Hibernating,1
C005160,Direct,South,122,1,73.31,73.31,2025-09-01,2025-09-01,3,2,2,Need Attention,1
C001569,Direct,South,73,1,73.3,73.3,2025-10-20,2025-10-20,4,2,2,Potential Loyalists,0
C003172,Email,Central,45,1,73.29,73.29,2025-11-17,2025-11-17,4,2,2,Potential Loyalists,0
C007552,Social,Central,226,1,73.22,73.22,2025-05-20,2025-05-20,2,2,2,Hibernating,1
C002692,Organic Search,South,233,1,73.21,73.21,2025-05-13,2025-05-13,2,2,2,Hibernating,1
C000416,Organic Search,South,479,1,73.19,73.19,2024-09-09,2024-09-09,1,2,2,Hibernating,1
C003270,Email,West,212,1,73.12,73.12,2025-06-03,2025-06-03,2,2,2,Hibernating,1
C007679,Social,East,344,1,73.06,73.06,2025-01-22,2025-01-22,1,2,2,Hibernating,1
C000011,Organic Search,South,411,1,73.05,73.05,2024-11-16,2024-11-16,1,2,2,Hibernating,1
C008892,Organic Search,East,342,1,72.96,72.96,2025-01-24,2025-01-24,1,2,2,Hibernating,1
C001933,Paid Search,West,102,2,72.93,36.47,2025-01-22,2025-09-21,3,4,2,Loyal Customers,1
C005044,Organic Search,South,304,1,72.91,72.91,2025-03-03,2025-03-03,1,2,2,Hibernating,1
C002659,Organic Search,West,27,1,72.89,72.89,2025-12-05,2025-12-05,5,2,2,Potential Loyalists,0
C008649,Organic Search,South,7,1,72.87,72.87,2025-12-25,2025-12-25,5,2,2,Potential Loyalists,0
C001984,Organic Search,South,46,2,72.77,36.38,2025-10-24,2025-11-16,4,4,2,Champions,0
C002286,Organic Search,West,88,1,72.69,72.69,2025-10-05,2025-10-05,3,2,2,Need Attention,0
C006840,Direct,East,305,1,72.69,72.69,2025-03-02,2025-03-02,1,2,2,Hibernating,1
C001464,Organic Search,South,361,1,72.68,72.68,2025-01-05,2025-01-05,1,2,2,Hibernating,1
C006700,Paid Search,North,177,1,72.55,72.55,2025-07-08,2025-07-08,2,2,2,Hibernating,1
C003463,Paid Search,West,110,1,72.54,72.54,2025-09-13,2025-09-13,3,2,2,Need Attention,1
C008622,Organic Search,North,329,1,72.52,72.52,2025-02-06,2025-02-06,1,2,2,Hibernating,1
C007686,Direct,North,16,2,72.44,36.22,2025-09-25,2025-12-16,5,4,2,Champions,0
C002974,Direct,East,10,1,72.42,72.42,2025-12-22,2025-12-22,5,2,2,Potential Loyalists,0
C005763,Organic Search,East,80,1,72.36,72.36,2025-10-13,2025-10-13,4,2,2,Potential Loyalists,0
C003183,Social,South,323,1,72.3,72.3,2025-02-12,2025-02-12,1,2,2,Hibernating,1
C003453,Social,West,102,2,72.22,36.11,2025-04-20,2025-09-21,3,4,2,Loyal Customers,1
C002264,Social,West,213,1,72.19,72.19,2025-06-02,2025-06-02,2,2,2,Hibernating,1
C009085,Paid Search,West,67,1,72.05,72.05,2025-10-26,2025-10-26,4,2,2,Potential Loyalists,0
C003157,Email,West,556,1,72.03,72.03,2024-06-24,2024-06-24,1,2,2,Hibernating,1
C005204,Direct,South,11,1,71.97,71.97,2025-12-21,2025-12-21,5,2,2,Potential Loyalists,0
C004124,Organic Search,South,50,1,71.91,71.91,2025-11-12,2025-11-12,4,2,2,Potential Loyalists,0
C005504,Direct,Central,138,1,71.78,71.78,2025-08-16,2025-08-16,3,2,2,Need Attention,1
C005902,Social,West,185,1,71.77,71.77,2025-06-30,2025-06-30,2,2,2,Hibernating,1
C007521,Organic Search,West,201,1,71.73,71.73,2025-06-14,2025-06-14,2,2,2,Hibernating,1
C000234,Social,North,18,1,71.72,71.72,2025-12-14,2025-12-14,5,2,2,Potential Loyalists,0
C000069,Organic Search,West,59,1,71.72,71.72,2025-11-03,2025-11-03,4,2,2,Potential Loyalists,0
C005385,Paid Search,South,458,1,71.6,71.6,2024-09-30,2024-09-30,1,2,2,Hibernating,1
C009509,Affiliate,East,91,2,71.54,35.77,2024-10-26,2025-10-02,3,4,2,Loyal Customers,1
C000154,Organic Search,North,67,1,71.42,71.42,2025-10-26,2025-10-26,4,2,2,Potential Loyalists,0
C006325,Paid Search,North,227,1,71.42,71.42,2025-05-19,2025-05-19,2,2,2,Hibernating,1
C004328,Organic Search,East,106,1,71.36,71.36,2025-09-17,2025-09-17,3,2,2,Need Attention,1
C008637,Paid Search,South,23,1,71.35,71.35,2025-12-09,2025-12-09,5,2,2,Potential Loyalists,0
C001164,Organic Search,West,306,1,71.23,71.23,2025-03-01,2025-03-01,1,2,2,Hibernating,1
C007328,Direct,South,248,1,71.15,71.15,2025-04-28,2025-04-28,2,2,2,Hibernating,1
C008441,Paid Search,East,399,2,71.09,35.55,2024-11-03,2024-11-28,1,4,2,At Risk,1
C005587,Organic Search,North,39,1,71.03,71.03,2025-11-23,2025-11-23,4,2,2,Potential Loyalists,0
C003495,Paid Search,West,618,1,71.02,71.02,2024-04-23,2024-04-23,1,2,2,Hibernating,1
C001133,Paid Search,West,102,1,70.98,70.98,2025-09-21,2025-09-21,3,2,2,Need Attention,1
C004245,Social,East,185,1,70.95,70.95,2025-06-30,2025-06-30,2,2,2,Hibernating,1
C007335,Social,South,292,1,70.88,70.88,2025-03-15,2025-03-15,1,2,2,Hibernating,1
C005775,Email,South,113,1,70.82,70.82,2025-09-10,2025-09-10,3,2,2,Need Attention,1
C002069,Organic Search,South,468,1,70.78,70.78,2024-09-20,2024-09-20,1,2,2,Hibernating,1
C009242,Organic Search,South,1,1,70.72,70.72,2025-12-31,2025-12-31,5,2,2,Potential Loyalists,0
C007146,Organic Search,East,56,1,70.66,70.66,2025-11-06,2025-11-06,4,2,2,Potential Loyalists,0
C003197,Organic Search,North,99,1,70.65,70.65,2025-09-24,2025-09-24,3,2,2,Need Attention,1
C008051,Paid Search,South,34,1,70.57,70.57,2025-11-28,2025-11-28,5,2,2,Potential Loyalists,0
C007085,Paid Search,Central,356,1,70.53,70.53,2025-01-10,2025-01-10,1,2,2,Hibernating,1
C003017,Direct,North,3,1,70.49,70.49,2025-12-29,2025-12-29,5,2,2,Potential Loyalists,0
C006388,Email,West,148,2,70.48,35.24,2024-09-28,2025-08-06,3,4,2,Loyal Customers,1
C008250,Affiliate,West,97,1,70.45,70.45,2025-09-26,2025-09-26,3,2,2,Need Attention,1
C006930,Email,North,50,1,70.37,70.37,2025-11-12,2025-11-12,4,2,2,Potential Loyalists,0
C001498,Affiliate,Central,218,1,70.29,70.29,2025-05-28,2025-05-28,2,2,2,Hibernating,1
C004896,Affiliate,South,204,1,70.27,70.27,2025-06-11,2025-06-11,2,2,2,Hibernating,1
C002176,Paid Search,North,198,1,70.26,70.26,2025-06-17,2025-06-17,2,2,2,Hibernating,1
C000228,Email,North,8,1,70.24,70.24,2025-12-24,2025-12-24,5,2,2,Potential Loyalists,0
C006044,Organic Search,North,58,1,70.22,70.22,2025-11-04,2025-11-04,4,2,2,Potential Loyalists,0
C006052,Organic Search,North,129,1,70.21,70.21,2025-08-25,2025-08-25,3,2,2,Need Attention,1
C004447,Organic Search,South,684,1,70.21,70.21,2024-02-17,2024-02-17,1,2,2,Hibernating,1
C007197,Social,West,325,1,70.12,70.12,2025-02-10,2025-02-10,1,2,2,Hibernating,1
C006977,Organic Search,West,273,1,69.9,69.9,2025-04-03,2025-04-03,2,2,2,Hibernating,1
C001664,Social,West,598,1,69.9,69.9,2024-05-13,2024-05-13,1,2,2,Hibernating,1
C000024,Email,East,7,1,69.85,69.85,2025-12-25,2025-12-25,5,2,2,Potential Loyalists,0
C005963,Social,South,337,1,69.85,69.85,2025-01-29,2025-01-29,1,2,2,Hibernating,1
C008300,Direct,South,59,1,69.82,69.82,2025-11-03,2025-11-03,4,2,2,Potential Loyalists,0
C008186,Paid Search,East,68,1,69.67,69.67,2025-10-25,2025-10-25,4,2,2,Potential Loyalists,0
C006032,Affiliate,South,63,2,69.62,34.81,2024-08-22,2025-10-30,4,4,2,Champions,0
C009576,Organic Search,North,15,1,69.51,69.51,2025-12-17,2025-12-17,5,2,2,Potential Loyalists,0
C007418,Organic Search,East,54,1,69.38,69.38,2025-11-08,2025-11-08,4,2,2,Potential Loyalists,0
C007963,Paid Search,East,613,1,69.35,69.35,2024-04-28,2024-04-28,1,2,2,Hibernating,1
C003233,Affiliate,North,9,1,69.32,69.32,2025-12-23,2025-12-23,5,2,2,Potential Loyalists,0
C008718,Direct,West,49,1,69.31,69.31,2025-11-13,2025-11-13,4,2,2,Potential Loyalists,0
C006183,Affiliate,West,98,1,69.3,69.3,2025-09-25,2025-09-25,3,2,2,Need Attention,1
C007888,Organic Search,South,188,1,69.26,69.26,2025-06-27,2025-06-27,2,2,2,Hibernating,1
C005966,Social,South,109,1,69.25,69.25,2025-09-14,2025-09-14,3,2,2,Need Attention,1
C003574,Email,South,230,1,69.16,69.16,2025-05-16,2025-05-16,2,2,2,Hibernating,1
C001491,Paid Search,West,34,1,69.15,69.15,2025-11-28,2025-11-28,5,2,2,Potential Loyalists,0
C006625,Direct,West,341,1,69.14,69.14,2025-01-25,2025-01-25,1,2,2,Hibernating,1
C008740,Organic Search,Central,91,1,69.13,69.13,2025-10-02,2025-10-02,3,2,2,Need Attention,1
C004264,Paid Search,West,606,1,69.12,69.12,2024-05-05,2024-05-05,1,2,2,Hibernating,1
C002269,Affiliate,East,19,1,69.1,69.1,2025-12-13,2025-12-13,5,2,2,Potential Loyalists,0
C008240,Social,South,198,1,69.08,69.08,2025-06-17,2025-06-17,2,2,2,Hibernating,1
C003988,Paid Search,South,204,2,69.08,34.54,2025-04-19,2025-06-11,2,4,2,At Risk,1
C004699,Organic Search,North,18,1,68.99,68.99,2025-12-14,2025-12-14,5,2,2,Potential Loyalists,0
C005254,Organic Search,West,267,1,68.9,68.9,2025-04-09,2025-04-09,2,2,2,Hibernating,1
C001238,Paid Search,South,12,2,68.78,34.39,2025-11-27,2025-12-20,5,4,2,Champions,0
C003364,Social,North,367,1,68.75,68.75,2024-12-30,2024-12-30,1,2,2,Hibernating,1
C001080,Organic Search,South,31,1,68.69,68.69,2025-12-01,2025-12-01,5,2,2,Potential Loyalists,0
C004302,Direct,East,198,1,68.67,68.67,2025-06-17,2025-06-17,2,2,2,Hibernating,1
C007253,Email,North,44,1,68.62,68.62,2025-11-18,2025-11-18,4,2,2,Potential Loyalists,0
C008436,Organic Search,West,153,1,68.6,68.6,2025-08-01,2025-08-01,3,2,2,Need Attention,1
C000346,Direct,West,88,1,68.56,68.56,2025-10-05,2025-10-05,3,2,2,Need Attention,0
C009607,Affiliate,South,558,1,68.55,68.55,2024-06-22,2024-06-22,1,2,2,Hibernating,1
C006509,Email,North,76,1,68.54,68.54,2025-10-17,2025-10-17,4,2,2,Potential Loyalists,0
C003746,Direct,East,97,1,68.52,68.52,2025-09-26,2025-09-26,3,2,2,Need Attention,1
C000546,Organic Search,South,198,1,68.52,68.52,2025-06-17,2025-06-17,2,2,2,Hibernating,1
C002737,Organic Search,West,302,1,68.5,68.5,2025-03-05,2025-03-05,1,2,2,Hibernating,1
C005223,Paid Search,West,43,1,68.41,68.41,2025-11-19,2025-11-19,4,2,2,Potential Loyalists,0
C007727,Organic Search,West,83,1,68.39,68.39,2025-10-10,2025-10-10,3,2,2,Need Attention,0
C002124,Direct,West,47,1,68.1,68.1,2025-11-15,2025-11-15,4,2,2,Potential Loyalists,0
C006126,Affiliate,South,202,1,68.1,68.1,2025-06-13,2025-06-13,2,2,2,Hibernating,1
C000104,Organic Search,North,700,1,68.1,68.1,2024-02-01,2024-02-01,1,2,2,Hibernating,1
C009108,Paid Search,South,10,1,68.09,68.09,2025-12-22,2025-12-22,5,2,2,Potential Loyalists,0
C004417,Paid Search,North,122,1,68.09,68.09,2025-09-01,2025-09-01,3,2,2,Need Attention,1
C003475,Social,North,216,1,68.07,68.07,2025-05-30,2025-05-30,2,2,2,Hibernating,1
C006005,Email,West,54,1,67.85,67.85,2025-11-08,2025-11-08,4,2,2,Potential Loyalists,0
C005259,Organic Search,South,230,1,67.82,67.82,2025-05-16,2025-05-16,2,2,2,Hibernating,1
C004115,Organic Search,East,136,1,67.81,67.81,2025-08-18,2025-08-18,3,2,2,Need Attention,1
C003392,Organic Search,East,59,1,67.8,67.8,2025-11-03,2025-11-03,4,2,2,Potential Loyalists,0
C008990,Email,South,413,1,67.78,67.78,2024-11-14,2024-11-14,1,2,2,Hibernating,1
C008042,Paid Search,South,96,1,67.62,67.62,2025-09-27,2025-09-27,3,2,2,Need Attention,1
C005612,Direct,East,339,1,67.52,67.52,2025-01-27,2025-01-27,1,2,2,Hibernating,1
C008997,Paid Search,North,189,1,67.5,67.5,2025-06-26,2025-06-26,2,2,2,Hibernating,1
C005519,Direct,West,150,1,67.44,67.44,2025-08-04,2025-08-04,3,2,2,Need Attention,1
C009455,Email,North,378,1,67.03,67.03,2024-12-19,2024-12-19,1,2,2,Hibernating,1
C003083,Direct,Central,26,1,67.02,67.02,2025-12-06,2025-12-06,5,2,2,Potential Loyalists,0
C002526,Paid Search,West,158,1,67.02,67.02,2025-07-27,2025-07-27,3,2,2,Need Attention,1
C003177,Organic Search,East,31,1,66.98,66.98,2025-12-01,2025-12-01,5,2,2,Potential Loyalists,0
C007480,Paid Search,East,70,2,66.98,33.49,2025-09-01,2025-10-23,4,4,2,Champions,0
C004364,Organic Search,North,114,1,66.98,66.98,2025-09-09,2025-09-09,3,2,2,Need Attention,1
C002483,Organic Search,West,64,1,66.96,66.96,2025-10-29,2025-10-29,4,2,2,Potential Loyalists,0
C008483,Direct,North,408,1,66.93,66.93,2024-11-19,2024-11-19,1,2,2,Hibernating,1
C003555,Affiliate,South,197,1,66.9,66.9,2025-06-18,2025-06-18,2,2,2,Hibernating,1
C005299,Direct,South,7,2,66.89,33.45,2025-12-14,2025-12-25,5,4,2,Champions,0
C008556,Direct,West,104,2,66.88,33.44,2024-07-28,2025-09-19,3,4,2,Loyal Customers,1
C004044,Paid Search,East,223,1,66.81,66.81,2025-05-23,2025-05-23,2,2,2,Hibernating,1
C009796,Social,Central,88,1,66.79,66.79,2025-10-05,2025-10-05,3,2,2,Need Attention,0
C006912,Social,North,321,1,66.79,66.79,2025-02-14,2025-02-14,1,2,2,Hibernating,1
C003195,Paid Search,Central,352,1,66.77,66.77,2025-01-14,2025-01-14,1,2,2,Hibernating,1
C003236,Email,West,537,1,66.74,66.74,2024-07-13,2024-07-13,1,2,2,Hibernating,1
C005803,Direct,East,10,2,66.73,33.37,2024-09-08,2025-12-22,5,4,2,Champions,0
C007526,Social,South,156,1,66.64,66.64,2025-07-29,2025-07-29,3,2,2,Need Attention,1
C005528,Organic Search,West,49,1,66.63,66.63,2025-11-13,2025-11-13,4,2,2,Potential Loyalists,0
C003213,Organic Search,West,437,1,66.61,66.61,2024-10-21,2024-10-21,1,2,2,Hibernating,1
C003741,Email,West,36,1,66.44,66.44,2025-11-26,2025-11-26,4,2,2,Potential Loyalists,0
C009400,Email,Central,151,1,66.43,66.43,2025-08-03,2025-08-03,3,2,2,Need Attention,1
C001504,Email,South,515,1,66.39,66.39,2024-08-04,2024-08-04,1,2,2,Hibernating,1
C004303,Direct,North,10,1,66.38,66.38,2025-12-22,2025-12-22,5,2,2,Potential Loyalists,0
C006541,Email,East,190,1,66.36,66.36,2025-06-25,2025-06-25,2,2,2,Hibernating,1
C000570,Organic Search,North,384,1,66.27,66.27,2024-12-13,2024-12-13,1,2,2,Hibernating,1
C003227,Organic Search,Central,1,1,66.23,66.23,2025-12-31,2025-12-31,5,2,2,Potential Loyalists,0
C001459,Direct,North,77,1,66.2,66.2,2025-10-16,2025-10-16,4,2,2,Potential Loyalists,0
C003331,Organic Search,North,64,1,66.18,66.18,2025-10-29,2025-10-29,4,2,2,Potential Loyalists,0
C005418,Direct,North,57,1,66.16,66.16,2025-11-05,2025-11-05,4,2,2,Potential Loyalists,0
C001187,Social,South,5,2,66.15,33.08,2025-12-17,2025-12-27,5,4,2,Champions,0
C001300,Paid Search,South,414,1,66.14,66.14,2024-11-13,2024-11-13,1,2,2,Hibernating,1
C004792,Social,West,443,1,66.14,66.14,2024-10-15,2024-10-15,1,2,2,Hibernating,1
C005808,Direct,North,25,1,66.08,66.08,2025-12-07,2025-12-07,5,2,2,Potential Loyalists,0
C006436,Affiliate,South,266,1,65.96,65.96,2025-04-10,2025-04-10,2,2,2,Hibernating,1
C008678,Organic Search,Central,350,1,65.91,65.91,2025-01-16,2025-01-16,1,2,2,Hibernating,1
C003981,Paid Search,West,81,1,65.9,65.9,2025-10-12,2025-10-12,4,2,2,Potential Loyalists,0
C009145,Paid Search,West,44,1,65.89,65.89,2025-11-18,2025-11-18,4,2,2,Potential Loyalists,0
C006319,Social,South,174,2,65.67,32.84,2025-06-05,2025-07-11,2,4,2,At Risk,1
C002567,Organic Search,West,207,1,65.63,65.63,2025-06-08,2025-06-08,2,2,2,Hibernating,1
C000713,Paid Search,West,62,1,65.62,65.62,2025-10-31,2025-10-31,4,2,2,Potential Loyalists,0
C004626,Organic Search,Central,284,1,65.6,65.6,2025-03-23,2025-03-23,1,2,2,Hibernating,1
C006935,Organic Search,Central,310,2,65.6,32.8,2024-06-04,2025-02-25,1,4,2,At Risk,1
C000043,Organic Search,East,27,1,65.58,65.58,2025-12-05,2025-12-05,5,2,2,Potential Loyalists,0
C007264,Affiliate,West,78,1,65.55,65.55,2025-10-15,2025-10-15,4,2,2,Potential Loyalists,0
C008395,Paid Search,West,468,1,65.43,65.43,2024-09-20,2024-09-20,1,2,2,Hibernating,1
C002673,Paid Search,South,426,1,65.28,65.28,2024-11-01,2024-11-01,1,2,2,Hibernating,1
C001554,Direct,South,2,2,65.23,32.61,2025-12-20,2025-12-30,5,4,2,Champions,0
C008631,Paid Search,North,60,1,65.18,65.18,2025-11-02,2025-11-02,4,2,2,Potential Loyalists,0
C009223,Affiliate,South,419,1,65.14,65.14,2024-11-08,2024-11-08,1,2,2,Hibernating,1
C005075,Organic Search,West,46,1,65.13,65.13,2025-11-16,2025-11-16,4,2,2,Potential Loyalists,0
C002213,Social,East,104,1,65.06,65.06,2025-09-19,2025-09-19,3,2,2,Need Attention,1
C000212,Organic Search,North,15,2,64.99,32.49,2025-07-05,2025-12-17,5,4,2,Champions,0
C009770,Organic Search,West,15,1,64.82,64.82,2025-12-17,2025-12-17,5,2,2,Potential Loyalists,0
C001461,Organic Search,East,239,1,64.82,64.82,2025-05-07,2025-05-07,2,2,2,Hibernating,1
C002130,Organic Search,West,177,1,64.7,64.7,2025-07-08,2025-07-08,2,2,2,Hibernating,1
C005004,Organic Search,West,627,1,64.59,64.59,2024-04-14,2024-04-14,1,2,2,Hibernating,1
C001705,Paid Search,South,97,1,64.55,64.55,2025-09-26,2025-09-26,3,2,2,Need Attention,1
C004014,Social,West,224,1,64.51,64.51,2025-05-22,2025-05-22,2,2,2,Hibernating,1
C005488,Organic Search,West,243,1,64.44,64.44,2025-05-03,2025-05-03,2,2,2,Hibernating,1
C004521,Organic Search,West,49,1,64.29,64.29,2025-11-13,2025-11-13,4,2,2,Potential Loyalists,0
C002622,Organic Search,North,396,1,64.26,64.26,2024-12-01,2024-12-01,1,2,2,Hibernating,1
C004202,Social,West,57,1,64.25,64.25,2025-11-05,2025-11-05,4,2,2,Potential Loyalists,0
C002467,Organic Search,North,40,1,64.24,64.24,2025-11-22,2025-11-22,4,2,2,Potential Loyalists,0
C007042,Paid Search,West,241,1,64.21,64.21,2025-05-05,2025-05-05,2,2,2,Hibernating,1
C005525,Paid Search,South,138,1,64.04,64.04,2025-08-16,2025-08-16,3,2,2,Need Attention,1
C008274,Email,East,51,1,63.98,63.98,2025-11-11,2025-11-11,4,2,2,Potential Loyalists,0
C004215,Social,North,426,1,63.98,63.98,2024-11-01,2024-11-01,1,2,2,Hibernating,1
C005695,Email,East,362,1,63.97,63.97,2025-01-04,2025-01-04,1,2,2,Hibernating,1
C004523,Organic Search,East,83,1,63.95,63.95,2025-10-10,2025-10-10,3,2,2,Need Attention,0
C006712,Affiliate,North,278,1,63.91,63.91,2025-03-29,2025-03-29,2,2,2,Hibernating,1
C006261,Social,East,316,1,63.85,63.85,2025-02-19,2025-02-19,1,2,2,Hibernating,1
C007504,Email,South,59,1,63.84,63.84,2025-11-03,2025-11-03,4,2,2,Potential Loyalists,0
C009235,Paid Search,West,181,1,63.81,63.81,2025-07-04,2025-07-04,2,2,2,Hibernating,1
C008263,Paid Search,North,394,1,63.81,63.81,2024-12-03,2024-12-03,1,2,2,Hibernating,1
C003781,Social,West,401,1,63.81,63.81,2024-11-26,2024-11-26,1,2,2,Hibernating,1
C000111,Organic Search,South,210,1,63.79,63.79,2025-06-05,2025-06-05,2,2,2,Hibernating,1
C004340,Email,West,23,1,63.78,63.78,2025-12-09,2025-12-09,5,2,2,Potential Loyalists,0
C003365,Organic Search,South,596,1,63.74,63.74,2024-05-15,2024-05-15,1,2,2,Hibernating,1
C002591,Email,East,3,1,63.66,63.66,2025-12-29,2025-12-29,5,2,2,Potential Loyalists,0
C009008,Affiliate,North,13,1,63.66,63.66,2025-12-19,2025-12-19,5,2,2,Potential Loyalists,0
C004704,Organic Search,South,254,1,63.64,63.64,2025-04-22,2025-04-22,2,2,2,Hibernating,1
C008900,Organic Search,West,69,1,63.63,63.63,2025-10-24,2025-10-24,4,2,2,Potential Loyalists,0
C002640,Direct,West,373,2,63.62,31.81,2024-07-04,2024-12-24,1,4,2,At Risk,1
C004917,Organic Search,East,61,1,63.58,63.58,2025-11-01,2025-11-01,4,2,2,Potential Loyalists,0
C002137,Social,South,128,1,63.53,63.53,2025-08-26,2025-08-26,3,2,2,Need Attention,1
C007082,Organic Search,North,223,1,63.5,63.5,2025-05-23,2025-05-23,2,2,2,Hibernating,1
C008955,Social,South,260,1,63.49,63.49,2025-04-16,2025-04-16,2,2,2,Hibernating,1
C000055,Affiliate,East,2,1,63.35,63.35,2025-12-30,2025-12-30,5,2,2,Potential Loyalists,0
C009083,Social,West,135,1,63.33,63.33,2025-08-19,2025-08-19,3,2,2,Need Attention,1
C007425,Affiliate,East,13,1,63.18,63.18,2025-12-19,2025-12-19,5,2,2,Potential Loyalists,0
C006621,Affiliate,West,200,1,63.18,63.18,2025-06-15,2025-06-15,2,2,2,Hibernating,1
C005792,Social,East,179,1,63.17,63.17,2025-07-06,2025-07-06,2,2,2,Hibernating,1
C005497,Direct,North,163,1,63.12,63.12,2025-07-22,2025-07-22,2,2,2,Hibernating,1
C009416,Social,North,408,1,63.12,63.12,2024-11-19,2024-11-19,1,2,2,Hibernating,1
C005151,Paid Search,Central,85,1,63.11,63.11,2025-10-08,2025-10-08,3,2,2,Need Attention,0
C000824,Social,Central,167,1,63.1,63.1,2025-07-18,2025-07-18,2,2,2,Hibernating,1
C009220,Social,West,45,1,63.06,63.06,2025-11-17,2025-11-17,4,2,2,Potential Loyalists,0
C002335,Organic Search,South,622,1,63.04,63.04,2024-04-19,2024-04-19,1,2,2,Hibernating,1
C002098,Social,South,468,1,63.03,63.03,2024-09-20,2024-09-20,1,2,2,Hibernating,1
C004545,Organic Search,South,26,1,62.94,62.94,2025-12-06,2025-12-06,5,2,2,Potential Loyalists,0
C006671,Paid Search,South,87,1,62.94,62.94,2025-10-06,2025-10-06,3,2,2,Need Attention,0
C001686,Affiliate,South,176,1,62.9,62.9,2025-07-09,2025-07-09,2,2,2,Hibernating,1
C000870,Direct,West,496,1,62.9,62.9,2024-08-23,2024-08-23,1,2,2,Hibernating,1
C000745,Organic Search,South,309,1,62.81,62.81,2025-02-26,2025-02-26,1,2,2,Hibernating,1
C000582,Organic Search,North,301,1,62.79,62.79,2025-03-06,2025-03-06,1,2,2,Hibernating,1
C006870,Paid Search,North,28,2,62.7,31.35,2025-11-17,2025-12-04,5,4,2,Champions,0
C004055,Organic Search,North,304,1,62.62,62.62,2025-03-03,2025-03-03,1,2,2,Hibernating,1
C002929,Social,South,33,1,62.6,62.6,2025-11-29,2025-11-29,5,2,2,Potential Loyalists,0
C005542,Paid Search,North,8,2,62.54,31.27,2025-06-17,2025-12-24,5,4,2,Champions,0
C005281,Organic Search,North,77,1,62.5,62.5,2025-10-16,2025-10-16,4,2,2,Potential Loyalists,0
C009266,Paid Search,East,35,1,62.44,62.44,2025-11-27,2025-11-27,5,2,2,Potential Loyalists,0
C007277,Paid Search,South,344,1,62.43,62.43,2025-01-22,2025-01-22,1,2,2,Hibernating,1
C008732,Organic Search,North,159,1,62.35,62.35,2025-07-26,2025-07-26,3,2,2,Need Attention,1
C005703,Social,West,520,1,62.34,62.34,2024-07-30,2024-07-30,1,2,2,Hibernating,1
C007156,Organic Search,East,18,1,62.32,62.32,2025-12-14,2025-12-14,5,2,2,Potential Loyalists,0
C002989,Email,West,25,1,62.32,62.32,2025-12-07,2025-12-07,5,2,2,Potential Loyalists,0
C008412,Social,South,38,1,62.32,62.32,2025-11-24,2025-11-24,4,2,2,Potential Loyalists,0
C007416,Email,North,265,1,62.32,62.32,2025-04-11,2025-04-11,2,2,2,Hibernating,1
C000287,Direct,West,38,1,62.29,62.29,2025-11-24,2025-11-24,4,2,2,Potential Loyalists,0
C000539,Social,West,220,1,62.28,62.28,2025-05-26,2025-05-26,2,2,2,Hibernating,1
C005975,Direct,North,89,1,62.27,62.27,2025-10-04,2025-10-04,3,2,2,Need Attention,0
C001656,Affiliate,South,102,1,62.27,62.27,2025-09-21,2025-09-21,3,2,2,Need Attention,1
C005577,Paid Search,West,267,1,62.19,62.19,2025-04-09,2025-04-09,2,2,2,Hibernating,1
C007039,Paid Search,East,25,1,62.18,62.18,2025-12-07,2025-12-07,5,2,2,Potential Loyalists,0
C001142,Paid Search,West,129,1,62.1,62.1,2025-08-25,2025-08-25,3,2,2,Need Attention,1
C000946,Organic Search,South,173,1,62.04,62.04,2025-07-12,2025-07-12,2,2,2,Hibernating,1
C009472,Affiliate,West,10,1,62.0,62.0,2025-12-22,2025-12-22,5,2,2,Potential Loyalists,0
C003698,Email,West,55,1,61.96,61.96,2025-11-07,2025-11-07,4,2,2,Potential Loyalists,0
C003237,Social,North,74,1,61.96,61.96,2025-10-19,2025-10-19,4,2,2,Potential Loyalists,0
C003830,Paid Search,Central,27,1,61.92,61.92,2025-12-05,2025-12-05,5,2,2,Potential Loyalists,0
C009109,Email,West,248,1,61.91,61.91,2025-04-28,2025-04-28,2,2,2,Hibernating,1
C001925,Email,South,77,1,61.81,61.81,2025-10-16,2025-10-16,4,2,2,Potential Loyalists,0
C003663,Social,East,34,1,61.74,61.74,2025-11-28,2025-11-28,5,2,2,Potential Loyalists,0
C008812,Affiliate,West,25,1,61.73,61.73,2025-12-07,2025-12-07,5,2,2,Potential Loyalists,0
C002064,Social,West,335,1,61.73,61.73,2025-01-31,2025-01-31,1,2,2,Hibernating,1
C007501,Social,South,105,1,61.6,61.6,2025-09-18,2025-09-18,3,2,2,Need Attention,1
C005117,Paid Search,North,12,1,61.59,61.59,2025-12-20,2025-12-20,5,2,2,Potential Loyalists,0
C000232,Direct,South,52,1,61.59,61.59,2025-11-10,2025-11-10,4,2,2,Potential Loyalists,0
C006498,Paid Search,South,15,1,61.58,61.58,2025-12-17,2025-12-17,5,2,2,Potential Loyalists,0
C004126,Affiliate,West,107,2,61.56,30.78,2025-05-27,2025-09-16,3,4,2,Loyal Customers,1
C007997,Organic Search,West,387,1,61.53,61.53,2024-12-10,2024-12-10,1,2,2,Hibernating,1
C007490,Email,West,68,1,61.49,61.49,2025-10-25,2025-10-25,4,2,2,Potential Loyalists,0
C001658,Organic Search,North,245,1,61.48,61.48,2025-05-01,2025-05-01,2,2,2,Hibernating,1
C001248,Organic Search,West,317,1,61.47,61.47,2025-02-18,2025-02-18,1,2,2,Hibernating,1
C003377,Email,West,225,1,61.37,61.37,2025-05-21,2025-05-21,2,2,2,Hibernating,1
C006190,Email,Central,312,1,61.36,61.36,2025-02-23,2025-02-23,1,2,2,Hibernating,1
C007035,Paid Search,West,92,1,61.32,61.32,2025-10-01,2025-10-01,3,2,2,Need Attention,1
C006027,Email,West,280,1,61.27,61.27,2025-03-27,2025-03-27,2,2,2,Hibernating,1
C009450,Direct,South,549,1,61.22,61.22,2024-07-01,2024-07-01,1,2,2,Hibernating,1
C000062,Direct,South,142,1,61.2,61.2,2025-08-12,2025-08-12,3,2,2,Need Attention,1
C008531,Email,Central,43,1,61.17,61.17,2025-11-19,2025-11-19,4,2,2,Potential Loyalists,0
C006538,Paid Search,North,211,1,61.14,61.14,2025-06-04,2025-06-04,2,1,2,Hibernating,1
C006232,Organic Search,South,7,1,61.12,61.12,2025-12-25,2025-12-25,5,1,2,New Customers,0
C004872,Social,South,148,1,61.12,61.12,2025-08-06,2025-08-06,3,1,2,Need Attention,1
C002982,Social,South,222,1,61.11,61.11,2025-05-24,2025-05-24,2,1,2,Hibernating,1
C007361,Social,South,187,1,61.1,61.1,2025-06-28,2025-06-28,2,1,2,Hibernating,1
C008721,Social,West,263,1,61.09,61.09,2025-04-13,2025-04-13,2,1,2,Hibernating,1
C002896,Direct,West,131,1,61.06,61.06,2025-08-23,2025-08-23,3,1,2,Need Attention,1
C000076,Social,South,138,1,61.02,61.02,2025-08-16,2025-08-16,3,1,2,Need Attention,1
C002759,Organic Search,Central,420,1,61.01,61.01,2024-11-07,2024-11-07,1,1,2,Hibernating,1
C007933,Email,West,151,1,60.99,60.99,2025-08-03,2025-08-03,3,1,2,Need Attention,1
C003299,Affiliate,South,330,1,60.97,60.97,2025-02-05,2025-02-05,1,1,2,Hibernating,1
C000478,Affiliate,Central,291,1,60.9,60.9,2025-03-16,2025-03-16,1,1,2,Hibernating,1
C003150,Direct,West,136,1,60.89,60.89,2025-08-18,2025-08-18,3,1,2,Need Attention,1
C007939,Email,West,41,1,60.84,60.84,2025-11-21,2025-11-21,4,1,2,Need Attention,0
C009135,Affiliate,West,514,1,60.8,60.8,2024-08-05,2024-08-05,1,1,2,Hibernating,1
C001035,Organic Search,South,44,1,60.79,60.79,2025-11-18,2025-11-18,4,1,2,Need Attention,0
C007005,Email,East,229,1,60.75,60.75,2025-05-17,2025-05-17,2,1,2,Hibernating,1
C008986,Paid Search,East,82,1,60.7,60.7,2025-10-11,2025-10-11,3,1,2,Need Attention,0
C001759,Paid Search,East,467,1,60.69,60.69,2024-09-21,2024-09-21,1,1,2,Hibernating,1
C003366,Paid Search,South,121,1,60.56,60.56,2025-09-02,2025-09-02,3,1,2,Need Attention,1
C003840,Social,South,75,1,60.55,60.55,2025-10-18,2025-10-18,4,1,2,Need Attention,0
C005826,Paid Search,West,111,1,60.38,60.38,2025-09-12,2025-09-12,3,1,2,Need Attention,1
C000904,Direct,South,72,1,60.34,60.34,2025-10-21,2025-10-21,4,1,2,Need Attention,0
C007585,Organic Search,North,34,1,60.32,60.32,2025-11-28,2025-11-28,5,1,2,New Customers,0
C005880,Organic Search,South,81,1,60.27,60.27,2025-10-12,2025-10-12,4,1,2,Need Attention,0
C000939,Email,East,82,1,60.22,60.22,2025-10-11,2025-10-11,4,1,2,Need Attention,0
C005250,Paid Search,West,3,1,60.18,60.18,2025-12-29,2025-12-29,5,1,2,New Customers,0
C002302,Paid Search,East,47,2,60.18,30.09,2025-01-11,2025-11-15,4,4,2,Champions,0
C002191,Social,West,68,1,60.16,60.16,2025-10-25,2025-10-25,4,1,1,Need Attention,0
C000578,Organic Search,North,5,1,60.12,60.12,2025-12-27,2025-12-27,5,1,1,New Customers,0
C005557,Organic Search,South,125,1,60.12,60.12,2025-08-29,2025-08-29,3,1,1,Need Attention,1
C009395,Paid Search,East,88,1,60.09,60.09,2025-10-05,2025-10-05,3,1,1,Need Attention,0
C001479,Email,South,203,2,60.01,30.0,2025-06-05,2025-06-12,2,4,1,At Risk,1
C000192,Paid Search,South,161,1,59.98,59.98,2025-07-24,2025-07-24,2,1,1,Hibernating,1
C002114,Affiliate,Central,42,1,59.93,59.93,2025-11-20,2025-11-20,4,1,1,Need Attention,0
C009922,Organic Search,North,362,2,59.88,29.94,2024-07-20,2025-01-04,1,4,1,At Risk,1
C007857,Organic Search,West,54,1,59.85,59.85,2025-11-08,2025-11-08,4,1,1,Need Attention,0
C004462,Affiliate,South,45,1,59.75,59.75,2025-11-17,2025-11-17,4,1,1,Need Attention,0
C001711,Organic Search,West,135,1,59.7,59.7,2025-08-19,2025-08-19,3,1,1,Need Attention,1
C004118,Paid Search,East,59,1,59.67,59.67,2025-11-03,2025-11-03,4,1,1,Need Attention,0
C006021,Email,North,101,1,59.61,59.61,2025-09-22,2025-09-22,3,1,1,Need Attention,1
C004095,Organic Search,South,125,1,59.58,59.58,2025-08-29,2025-08-29,3,1,1,Need Attention,1
C008510,Affiliate,East,75,2,59.57,29.79,2025-10-16,2025-10-18,4,4,1,Champions,0
C008814,Paid Search,North,172,1,59.54,59.54,2025-07-13,2025-07-13,2,1,1,Hibernating,1
C006802,Email,Central,299,1,59.51,59.51,2025-03-08,2025-03-08,1,1,1,Hibernating,1
C007966,Social,West,46,1,59.42,59.42,2025-11-16,2025-11-16,4,1,1,Need Attention,0
C006257,Organic Search,Central,221,1,59.4,59.4,2025-05-25,2025-05-25,2,1,1,Hibernating,1
C003682,Email,West,54,2,59.3,29.65,2025-11-01,2025-11-08,4,4,1,Champions,0
C000919,Organic Search,South,76,1,59.23,59.23,2025-10-17,2025-10-17,4,1,1,Need Attention,0
C004937,Paid Search,South,208,1,59.2,59.2,2025-06-07,2025-06-07,2,1,1,Hibernating,1
C008984,Direct,North,66,1,59.19,59.19,2025-10-27,2025-10-27,4,1,1,Need Attention,0
C003334,Direct,South,204,1,59.12,59.12,2025-06-11,2025-06-11,2,1,1,Hibernating,1
C008847,Paid Search,West,284,1,59.12,59.12,2025-03-23,2025-03-23,1,1,1,Hibernating,1
C006371,Social,East,455,1,59.08,59.08,2024-10-03,2024-10-03,1,1,1,Hibernating,1
C002042,Affiliate,West,426,1,59.01,59.01,2024-11-01,2024-11-01,1,1,1,Hibernating,1
C005128,Social,West,25,1,59.0,59.0,2025-12-07,2025-12-07,5,1,1,New Customers,0
C008666,Social,Central,467,1,59.0,59.0,2024-09-21,2024-09-21,1,1,1,Hibernating,1
C001062,Organic Search,Central,48,1,58.96,58.96,2025-11-14,2025-11-14,4,1,1,Need Attention,0
C005511,Organic Search,West,310,1,58.91,58.91,2025-02-25,2025-02-25,1,1,1,Hibernating,1
C009638,Paid Search,West,133,1,58.8,58.8,2025-08-21,2025-08-21,3,1,1,Need Attention,1
C000277,Organic Search,South,131,1,58.77,58.77,2025-08-23,2025-08-23,3,1,1,Need Attention,1
C003910,Social,West,67,1,58.71,58.71,2025-10-26,2025-10-26,4,1,1,Need Attention,0
C003793,Social,West,342,1,58.71,58.71,2025-01-24,2025-01-24,1,1,1,Hibernating,1
C008113,Email,North,1,1,58.59,58.59,2025-12-31,2025-12-31,5,1,1,New Customers,0
C007563,Paid Search,West,455,1,58.59,58.59,2024-10-03,2024-10-03,1,1,1,Hibernating,1
C008466,Affiliate,South,61,1,58.55,58.55,2025-11-01,2025-11-01,4,1,1,Need Attention,0
C009027,Paid Search,East,134,1,58.52,58.52,2025-08-20,2025-08-20,3,1,1,Need Attention,1
C007176,Organic Search,West,180,1,58.52,58.52,2025-07-05,2025-07-05,2,1,1,Hibernating,1
C007444,Affiliate,West,386,1,58.48,58.48,2024-12-11,2024-12-11,1,1,1,Hibernating,1
C007549,Direct,West,73,1,58.47,58.47,2025-10-20,2025-10-20,4,1,1,Need Attention,0
C001499,Direct,South,122,1,58.47,58.47,2025-09-01,2025-09-01,3,1,1,Need Attention,1
C006340,Paid Search,East,494,1,58.28,58.28,2024-08-25,2024-08-25,1,1,1,Hibernating,1
C001165,Organic Search,West,362,1,58.26,58.26,2025-01-04,2025-01-04,1,1,1,Hibernating,1
C003374,Paid Search,West,357,1,58.21,58.21,2025-01-09,2025-01-09,1,1,1,Hibernating,1
C007739,Organic Search,West,95,1,58.09,58.09,2025-09-28,2025-09-28,3,1,1,Need Attention,1
C002888,Email,North,325,1,57.99,57.99,2025-02-10,2025-02-10,1,1,1,Hibernating,1
C005962,Paid Search,West,394,1,57.89,57.89,2024-12-03,2024-12-03,1,1,1,Hibernating,1
C003879,Paid Search,West,183,1,57.44,57.44,2025-07-02,2025-07-02,2,1,1,Hibernating,1
C005904,Email,West,408,1,57.42,57.42,2024-11-19,2024-11-19,1,1,1,Hibernating,1
C003826,Social,North,21,1,57.26,57.26,2025-12-11,2025-12-11,5,1,1,New Customers,0
C004116,Organic Search,South,91,1,57.23,57.23,2025-10-02,2025-10-02,3,1,1,Need Attention,1
C008246,Direct,West,219,1,57.23,57.23,2025-05-27,2025-05-27,2,1,1,Hibernating,1
C003391,Organic Search,West,111,1,56.89,56.89,2025-09-12,2025-09-12,3,1,1,Need Attention,1
C008693,Social,West,188,1,56.89,56.89,2025-06-27,2025-06-27,2,1,1,Hibernating,1
C005850,Paid Search,West,64,1,56.86,56.86,2025-10-29,2025-10-29,4,1,1,Need Attention,0
C009052,Direct,North,46,1,56.84,56.84,2025-11-16,2025-11-16,4,1,1,Need Attention,0
C006956,Social,South,40,1,56.77,56.77,2025-11-22,2025-11-22,4,1,1,Need Attention,0
C009843,Social,West,21,1,56.68,56.68,2025-12-11,2025-12-11,5,1,1,New Customers,0
C001594,Organic Search,South,532,1,56.66,56.66,2024-07-18,2024-07-18,1,1,1,Hibernating,1
C008323,Organic Search,West,17,1,56.52,56.52,2025-12-15,2025-12-15,5,1,1,New Customers,0
C007847,Email,South,159,2,56.37,28.19,2025-06-17,2025-07-26,3,4,1,Loyal Customers,1
C007120,Social,Central,18,2,56.24,28.12,2025-06-28,2025-12-14,5,4,1,Champions,0
C000431,Affiliate,East,117,2,56.24,28.12,2025-06-03,2025-09-06,3,4,1,Loyal Customers,1
C005924,Paid Search,South,267,1,56.16,56.16,2025-04-09,2025-04-09,2,1,1,Hibernating,1
C007265,Email,North,291,1,56.12,56.12,2025-03-16,2025-03-16,1,1,1,Hibernating,1
C004622,Email,East,36,1,55.88,55.88,2025-11-26,2025-11-26,4,1,1,Need Attention,0
C008157,Organic Search,East,143,1,55.87,55.87,2025-08-11,2025-08-11,3,1,1,Need Attention,1
C002154,Paid Search,West,135,1,55.78,55.78,2025-08-19,2025-08-19,3,1,1,Need Attention,1
C009479,Affiliate,South,267,1,55.69,55.69,2025-04-09,2025-04-09,2,1,1,Hibernating,1
C003835,Organic Search,South,218,1,55.67,55.67,2025-05-28,2025-05-28,2,1,1,Hibernating,1
C004789,Email,West,228,1,55.64,55.64,2025-05-18,2025-05-18,2,1,1,Hibernating,1
C003323,Affiliate,East,705,1,55.58,55.58,2024-01-27,2024-01-27,1,1,1,Hibernating,1
C005719,Direct,West,343,1,55.46,55.46,2025-01-23,2025-01-23,1,1,1,Hibernating,1
C005002,Direct,Central,189,1,55.44,55.44,2025-06-26,2025-06-26,2,1,1,Hibernating,1
C002745,Paid Search,South,16,1,55.37,55.37,2025-12-16,2025-12-16,5,1,1,New Customers,0
C008298,Organic Search,South,61,1,55.36,55.36,2025-11-01,2025-11-01,4,1,1,Need Attention,0
C004401,Social,West,289,2,55.36,27.68,2025-02-05,2025-03-18,1,4,1,At Risk,1
C007567,Paid Search,West,16,1,55.28,55.28,2025-12-16,2025-12-16,5,1,1,New Customers,0
C006135,Email,South,141,1,55.25,55.25,2025-08-13,2025-08-13,3,1,1,Need Attention,1
C001895,Organic Search,South,251,1,55.18,55.18,2025-04-25,2025-04-25,2,1,1,Hibernating,1
C005215,Email,South,411,1,54.77,54.77,2024-11-16,2024-11-16,1,1,1,Hibernating,1
C004016,Paid Search,North,72,1,54.74,54.74,2025-10-21,2025-10-21,4,1,1,Need Attention,0
C007037,Social,West,145,1,54.74,54.74,2025-08-09,2025-08-09,3,1,1,Need Attention,1
C001891,Organic Search,South,298,1,54.7,54.7,2025-03-09,2025-03-09,1,1,1,Hibernating,1
C001138,Organic Search,South,410,1,54.69,54.69,2024-11-17,2024-11-17,1,1,1,Hibernating,1
C005182,Email,South,8,2,54.67,27.34,2025-09-12,2025-12-24,5,4,1,Champions,0
C000727,Paid Search,South,138,1,54.67,54.67,2025-08-16,2025-08-16,3,1,1,Need Attention,1
C005018,Paid Search,South,69,1,54.65,54.65,2025-10-24,2025-10-24,4,1,1,Need Attention,0
C002133,Direct,West,449,1,54.57,54.57,2024-10-09,2024-10-09,1,1,1,Hibernating,1
C009322,Social,South,164,1,54.43,54.43,2025-07-21,2025-07-21,2,1,1,Hibernating,1
C002477,Email,West,210,1,54.41,54.41,2025-06-05,2025-06-05,2,1,1,Hibernating,1
C002953,Organic Search,West,163,1,54.35,54.35,2025-07-22,2025-07-22,2,1,1,Hibernating,1
C009813,Direct,Central,209,1,54.25,54.25,2025-06-06,2025-06-06,2,1,1,Hibernating,1
C006723,Paid Search,South,34,1,54.23,54.23,2025-11-28,2025-11-28,5,1,1,New Customers,0
C002695,Paid Search,East,82,2,54.22,27.11,2024-10-24,2025-10-11,3,4,1,Loyal Customers,0
C008431,Affiliate,West,9,1,54.07,54.07,2025-12-23,2025-12-23,5,1,1,New Customers,0
C001663,Organic Search,West,369,1,54.01,54.01,2024-12-28,2024-12-28,1,1,1,Hibernating,1
C005221,Organic Search,West,164,1,53.88,53.88,2025-07-21,2025-07-21,2,1,1,Hibernating,1
C003801,Organic Search,West,330,1,53.59,53.59,2025-02-05,2025-02-05,1,1,1,Hibernating,1
C004119,Email,South,285,1,53.5,53.5,2025-03-22,2025-03-22,1,1,1,Hibernating,1
C005239,Direct,South,41,1,53.34,53.34,2025-11-21,2025-11-21,4,1,1,Need Attention,0
C008575,Organic Search,North,14,1,53.31,53.31,2025-12-18,2025-12-18,5,1,1,New Customers,0
C005829,Paid Search,North,212,1,53.27,53.27,2025-06-03,2025-06-03,2,1,1,Hibernating,1
C003689,Social,Central,288,2,53.27,26.64,2025-02-04,2025-03-19,1,4,1,At Risk,1
C009437,Paid Search,South,29,1,53.21,53.21,2025-12-03,2025-12-03,5,1,1,New Customers,0
C007098,Direct,South,429,1,53.21,53.21,2024-10-29,2024-10-29,1,1,1,Hibernating,1
C000985,Organic Search,West,426,1,53.2,53.2,2024-11-01,2024-11-01,1,1,1,Hibernating,1
C005971,Direct,South,104,1,53.19,53.19,2025-09-19,2025-09-19,3,1,1,Need Attention,1
C006889,Paid Search,Central,437,1,53.07,53.07,2024-10-21,2024-10-21,1,1,1,Hibernating,1
C005518,Direct,West,95,2,53.04,26.52,2025-06-03,2025-09-28,3,4,1,Loyal Customers,1
C000811,Social,West,160,2,53.03,26.52,2024-05-17,2025-07-25,3,4,1,Loyal Customers,1
C005668,Direct,East,44,1,53.01,53.01,2025-11-18,2025-11-18,4,1,1,Need Attention,0
C009800,Organic Search,South,46,1,53.0,53.0,2025-11-16,2025-11-16,4,1,1,Need Attention,0
C009756,Organic Search,South,230,1,53.0,53.0,2025-05-16,2025-05-16,2,1,1,Hibernating,1
C001014,Organic Search,North,43,1,52.89,52.89,2025-11-19,2025-11-19,4,1,1,Need Attention,0
C001168,Affiliate,North,158,1,52.8,52.8,2025-07-27,2025-07-27,3,1,1,Need Attention,1
C001632,Organic Search,East,563,1,52.72,52.72,2024-06-17,2024-06-17,1,1,1,Hibernating,1
C000433,Direct,East,203,1,52.71,52.71,2025-06-12,2025-06-12,2,1,1,Hibernating,1
C003016,Social,East,312,2,52.68,26.34,2024-10-07,2025-02-23,1,4,1,At Risk,1
C005561,Direct,East,288,1,52.66,52.66,2025-03-19,2025-03-19,1,1,1,Hibernating,1
C000901,Organic Search,South,72,2,52.61,26.3,2025-06-28,2025-10-21,4,4,1,Champions,0
C007972,Paid Search,West,131,1,52.6,52.6,2025-08-23,2025-08-23,3,1,1,Need Attention,1
C005275,Affiliate,South,207,1,52.54,52.54,2025-06-08,2025-06-08,2,1,1,Hibernating,1
C009077,Email,West,319,1,52.49,52.49,2025-02-16,2025-02-16,1,1,1,Hibernating,1
C003640,Direct,North,353,1,52.46,52.46,2025-01-13,2025-01-13,1,1,1,Hibernating,1
C006234,Paid Search,South,4,1,52.44,52.44,2025-12-28,2025-12-28,5,1,1,New Customers,0
C002058,Direct,South,39,1,52.42,52.42,2025-11-23,2025-11-23,4,1,1,Need Attention,0
C009357,Direct,West,18,1,52.4,52.4,2025-12-14,2025-12-14,5,1,1,New Customers,0
C007019,Affiliate,West,521,1,52.35,52.35,2024-07-29,2024-07-29,1,1,1,Hibernating,1
C005729,Direct,East,548,1,52.3,52.3,2024-07-02,2024-07-02,1,1,1,Hibernating,1
C002456,Direct,North,116,1,52.24,52.24,2025-09-07,2025-09-07,3,1,1,Need Attention,1
C000385,Organic Search,South,194,1,52.17,52.17,2025-06-21,2025-06-21,2,1,1,Hibernating,1
C005586,Organic Search,North,193,1,52.12,52.12,2025-06-22,2025-06-22,2,1,1,Hibernating,1
C009270,Social,East,578,1,52.01,52.01,2024-06-02,2024-06-02,1,1,1,Hibernating,1
C000278,Affiliate,South,74,1,51.98,51.98,2025-10-19,2025-10-19,4,1,1,Need Attention,0
C004721,Paid Search,South,104,1,51.98,51.98,2025-09-19,2025-09-19,3,1,1,Need Attention,1
C002923,Direct,West,105,1,51.98,51.98,2025-09-18,2025-09-18,3,1,1,Need Attention,1
C004262,Social,East,137,1,51.98,51.98,2025-08-17,2025-08-17,3,1,1,Need Attention,1
C006439,Organic Search,North,24,1,51.91,51.91,2025-12-08,2025-12-08,5,1,1,New Customers,0
C004254,Paid Search,North,164,1,51.89,51.89,2025-07-21,2025-07-21,2,1,1,Hibernating,1
C004741,Paid Search,West,140,1,51.87,51.87,2025-08-14,2025-08-14,3,1,1,Need Attention,1
C002381,Direct,North,682,1,51.87,51.87,2024-02-19,2024-02-19,1,1,1,Hibernating,1
C000915,Direct,West,28,1,51.82,51.82,2025-12-04,2025-12-04,5,1,1,New Customers,0
C007402,Social,South,48,1,51.8,51.8,2025-11-14,2025-11-14,4,1,1,Need Attention,0
C000167,Organic Search,North,285,1,51.72,51.72,2025-03-22,2025-03-22,1,1,1,Hibernating,1
C005875,Social,West,7,1,51.53,51.53,2025-12-25,2025-12-25,5,1,1,New Customers,0
C007352,Social,West,19,1,51.52,51.52,2025-12-13,2025-12-13,5,1,1,New Customers,0
C008833,Organic Search,West,115,1,51.51,51.51,2025-09-08,2025-09-08,3,1,1,Need Attention,1
C004967,Email,South,120,1,51.48,51.48,2025-09-03,2025-09-03,3,1,1,Need Attention,1
C002785,Paid Search,South,17,1,51.47,51.47,2025-12-15,2025-12-15,5,1,1,New Customers,0
C004147,Email,West,67,2,51.41,25.71,2025-08-13,2025-10-26,4,4,1,Champions,0
C007991,Social,North,154,1,51.3,51.3,2025-07-31,2025-07-31,3,1,1,Need Attention,1
C002463,Direct,West,330,1,51.21,51.21,2025-02-05,2025-02-05,1,1,1,Hibernating,1
C003154,Paid Search,West,15,1,51.18,51.18,2025-12-17,2025-12-17,5,1,1,New Customers,0
C008022,Paid Search,South,51,1,51.13,51.13,2025-11-11,2025-11-11,4,1,1,Need Attention,0
C000141,Social,South,264,1,51.09,51.09,2025-04-12,2025-04-12,2,1,1,Hibernating,1
C005343,Direct,East,323,1,51.04,51.04,2025-02-12,2025-02-12,1,1,1,Hibernating,1
C003194,Paid Search,East,321,1,50.99,50.99,2025-02-14,2025-02-14,1,1,1,Hibernating,1
C003912,Paid Search,South,151,1,50.98,50.98,2025-08-03,2025-08-03,3,1,1,Need Attention,1
C004368,Direct,North,284,1,50.94,50.94,2025-03-23,2025-03-23,1,1,1,Hibernating,1
C007952,Affiliate,Central,34,1,50.79,50.79,2025-11-28,2025-11-28,5,1,1,New Customers,0
C001279,Email,East,73,1,50.67,50.67,2025-10-20,2025-10-20,4,1,1,Need Attention,0
C001132,Direct,North,108,1,50.64,50.64,2025-09-15,2025-09-15,3,1,1,Need Attention,1
C002907,Social,North,335,1,50.62,50.62,2025-01-31,2025-01-31,1,1,1,Hibernating,1
C009806,Direct,East,662,1,50.6,50.6,2024-03-10,2024-03-10,1,1,1,Hibernating,1
C006510,Direct,North,20,1,50.55,50.55,2025-12-12,2025-12-12,5,1,1,New Customers,0
C006254,Paid Search,South,252,1,50.49,50.49,2025-04-24,2025-04-24,2,1,1,Hibernating,1
C000600,Email,Central,28,1,50.44,50.44,2025-12-04,2025-12-04,5,1,1,New Customers,0
C000056,Direct,West,376,1,50.44,50.44,2024-12-21,2024-12-21,1,1,1,Hibernating,1
C005114,Paid Search,East,389,1,50.41,50.41,2024-12-08,2024-12-08,1,1,1,Hibernating,1
C004602,Direct,East,34,2,50.38,25.19,2024-11-04,2025-11-28,5,4,1,Champions,0
C001198,Organic Search,Central,237,1,50.09,50.09,2025-05-09,2025-05-09,2,1,1,Hibernating,1
C003980,Email,Central,151,1,50.03,50.03,2025-08-03,2025-08-03,3,1,1,Need Attention,1
C008507,Email,North,194,1,50.02,50.02,2025-06-21,2025-06-21,2,1,1,Hibernating,1
C004002,Direct,South,39,1,49.93,49.93,2025-11-23,2025-11-23,4,1,1,Need Attention,0
C005597,Direct,East,216,1,49.84,49.84,2025-05-30,2025-05-30,2,1,1,Hibernating,1
C006332,Organic Search,North,175,1,49.76,49.76,2025-07-10,2025-07-10,2,1,1,Hibernating,1
C000925,Social,West,253,1,49.74,49.74,2025-04-23,2025-04-23,2,1,1,Hibernating,1
C000097,Email,South,53,1,49.72,49.72,2025-11-09,2025-11-09,4,1,1,Need Attention,0
C009389,Organic Search,South,86,1,49.7,49.7,2025-10-07,2025-10-07,3,1,1,Need Attention,0
C004457,Paid Search,West,430,1,49.7,49.7,2024-10-28,2024-10-28,1,1,1,Hibernating,1
C001857,Organic Search,South,374,1,49.65,49.65,2024-12-23,2024-12-23,1,1,1,Hibernating,1
C001489,Social,East,4,1,49.54,49.54,2025-12-28,2025-12-28,5,1,1,New Customers,0
C006087,Social,South,77,1,49.53,49.53,2025-10-16,2025-10-16,4,1,1,Need Attention,0
C004073,Direct,South,109,1,49.37,49.37,2025-09-14,2025-09-14,3,1,1,Need Attention,1
C000008,Direct,West,164,1,49.36,49.36,2025-07-21,2025-07-21,2,1,1,Hibernating,1
C003704,Organic Search,East,533,1,49.36,49.36,2024-07-17,2024-07-17,1,1,1,Hibernating,1
C003132,Organic Search,East,396,1,49.25,49.25,2024-12-01,2024-12-01,1,1,1,Hibernating,1
C003433,Social,West,21,1,49.21,49.21,2025-12-11,2025-12-11,5,1,1,New Customers,0
C002501,Paid Search,West,194,1,49.21,49.21,2025-06-21,2025-06-21,2,1,1,Hibernating,1
C008339,Email,South,136,1,49.16,49.16,2025-08-18,2025-08-18,3,1,1,Need Attention,1
C005576,Organic Search,West,131,1,49.11,49.11,2025-08-23,2025-08-23,3,1,1,Need Attention,1
C006346,Paid Search,Central,103,1,49.09,49.09,2025-09-20,2025-09-20,3,1,1,Need Attention,1
C007134,Organic Search,South,416,1,49.03,49.03,2024-11-11,2024-11-11,1,1,1,Hibernating,1
C007178,Organic Search,North,245,1,49.02,49.02,2025-05-01,2025-05-01,2,1,1,Hibernating,1
C003287,Paid Search,Central,139,1,48.91,48.91,2025-08-15,2025-08-15,3,1,1,Need Attention,1
C007639,Paid Search,North,502,1,48.87,48.87,2024-08-17,2024-08-17,1,1,1,Hibernating,1
C001597,Paid Search,West,142,1,48.84,48.84,2025-08-12,2025-08-12,3,1,1,Need Attention,1
C000614,Organic Search,West,25,1,48.8,48.8,2025-12-07,2025-12-07,5,1,1,New Customers,0
C002363,Organic Search,South,20,1,48.63,48.63,2025-12-12,2025-12-12,5,1,1,New Customers,0
C000341,Organic Search,West,440,1,48.52,48.52,2024-10-18,2024-10-18,1,1,1,Hibernating,1
C004868,Organic Search,South,5,1,48.31,48.31,2025-12-27,2025-12-27,5,1,1,New Customers,0
C005188,Paid Search,North,46,1,48.3,48.3,2025-11-16,2025-11-16,4,1,1,Need Attention,0
C001246,Paid Search,South,86,1,48.29,48.29,2025-10-07,2025-10-07,3,1,1,Need Attention,0
C009333,Direct,South,77,1,48.07,48.07,2025-10-16,2025-10-16,4,1,1,Need Attention,0
C006233,Paid Search,West,79,1,47.91,47.91,2025-10-14,2025-10-14,4,1,1,Need Attention,0
C008592,Social,West,99,1,47.74,47.74,2025-09-24,2025-09-24,3,1,1,Need Attention,1
C009871,Organic Search,West,317,1,47.74,47.74,2025-02-18,2025-02-18,1,1,1,Hibernating,1
C002634,Direct,Central,135,1,47.71,47.71,2025-08-19,2025-08-19,3,1,1,Need Attention,1
C008601,Direct,North,5,1,47.68,47.68,2025-12-27,2025-12-27,5,1,1,New Customers,0
C006075,Organic Search,West,117,1,47.44,47.44,2025-09-06,2025-09-06,3,1,1,Need Attention,1
C004501,Direct,West,211,1,47.38,47.38,2025-06-04,2025-06-04,2,1,1,Hibernating,1
C005869,Paid Search,West,435,1,47.21,47.21,2024-10-23,2024-10-23,1,1,1,Hibernating,1
C001605,Social,South,311,1,47.2,47.2,2025-02-24,2025-02-24,1,1,1,Hibernating,1
C009406,Organic Search,Central,203,1,47.14,47.14,2025-06-12,2025-06-12,2,1,1,Hibernating,1
C003206,Paid Search,South,284,1,47.04,47.04,2025-03-23,2025-03-23,1,1,1,Hibernating,1
C003535,Paid Search,East,600,1,46.87,46.87,2024-05-11,2024-05-11,1,1,1,Hibernating,1
C006837,Social,West,73,1,46.86,46.86,2025-10-20,2025-10-20,4,1,1,Need Attention,0
C000112,Paid Search,West,138,1,46.83,46.83,2025-08-16,2025-08-16,3,1,1,Need Attention,1
C008207,Paid Search,South,183,1,46.8,46.8,2025-07-02,2025-07-02,2,1,1,Hibernating,1
C008266,Organic Search,North,94,1,46.78,46.78,2025-09-29,2025-09-29,3,1,1,Need Attention,1
C004852,Affiliate,East,364,1,46.69,46.69,2025-01-02,2025-01-02,1,1,1,Hibernating,1
C001842,Paid Search,North,279,2,46.66,23.33,2025-01-22,2025-03-28,2,4,1,At Risk,1
C008265,Organic Search,Central,516,1,46.57,46.57,2024-08-03,2024-08-03,1,1,1,Hibernating,1
C002411,Email,East,150,1,46.53,46.53,2025-08-04,2025-08-04,3,1,1,Need Attention,1
C006852,Email,South,159,1,46.49,46.49,2025-07-26,2025-07-26,3,1,1,Need Attention,1
C006900,Affiliate,North,598,1,46.48,46.48,2024-05-13,2024-05-13,1,1,1,Hibernating,1
C002827,Organic Search,South,265,1,46.43,46.43,2025-04-11,2025-04-11,2,1,1,Hibernating,1
C001254,Organic Search,Central,273,1,46.41,46.41,2025-04-03,2025-04-03,2,1,1,Hibernating,1
C007133,Paid Search,West,145,1,46.39,46.39,2025-08-09,2025-08-09,3,1,1,Need Attention,1
C006685,Organic Search,South,259,1,46.27,46.27,2025-04-17,2025-04-17,2,1,1,Hibernating,1
C009057,Organic Search,Central,287,1,46.27,46.27,2025-03-20,2025-03-20,1,1,1,Hibernating,1
C007546,Email,South,92,2,46.18,23.09,2025-05-20,2025-10-01,3,4,1,Loyal Customers,1
C000511,Organic Search,West,569,1,46.18,46.18,2024-06-11,2024-06-11,1,1,1,Hibernating,1
C009992,Email,South,46,2,46.14,23.07,2025-09-12,2025-11-16,4,4,1,Champions,0
C006352,Social,East,504,1,45.97,45.97,2024-08-15,2024-08-15,1,1,1,Hibernating,1
C009856,Affiliate,West,7,1,45.95,45.95,2025-12-25,2025-12-25,5,1,1,New Customers,0
C007062,Paid Search,West,174,1,45.94,45.94,2025-07-11,2025-07-11,2,1,1,Hibernating,1
C008455,Organic Search,West,108,1,45.92,45.92,2025-09-15,2025-09-15,3,1,1,Need Attention,1
C009037,Organic Search,East,6,1,45.89,45.89,2025-12-26,2025-12-26,5,1,1,New Customers,0
C004581,Organic Search,Central,82,1,45.77,45.77,2025-10-11,2025-10-11,4,1,1,Need Attention,0
C006767,Paid Search,North,223,1,45.76,45.76,2025-05-23,2025-05-23,2,1,1,Hibernating,1
C005532,Paid Search,North,345,1,45.68,45.68,2025-01-21,2025-01-21,1,1,1,Hibernating,1
C005870,Direct,West,29,1,45.66,45.66,2025-12-03,2025-12-03,5,1,1,New Customers,0
C005757,Direct,West,343,1,45.66,45.66,2025-01-23,2025-01-23,1,1,1,Hibernating,1
C001454,Paid Search,North,67,1,45.63,45.63,2025-10-26,2025-10-26,4,1,1,Need Attention,0
C002717,Paid Search,South,446,1,45.61,45.61,2024-10-12,2024-10-12,1,1,1,Hibernating,1
C003218,Organic Search,West,640,1,45.51,45.51,2024-04-01,2024-04-01,1,1,1,Hibernating,1
C003333,Paid Search,West,138,1,45.45,45.45,2025-08-16,2025-08-16,3,1,1,Need Attention,1
C001452,Email,Central,25,1,45.44,45.44,2025-12-07,2025-12-07,5,1,1,New Customers,0
C003568,Organic Search,South,180,1,45.26,45.26,2025-07-05,2025-07-05,2,1,1,Hibernating,1
C004086,Paid Search,East,15,1,45.23,45.23,2025-12-17,2025-12-17,5,1,1,New Customers,0
C001813,Affiliate,East,25,1,45.2,45.2,2025-12-07,2025-12-07,5,1,1,New Customers,0
C001431,Email,East,186,1,45.2,45.2,2025-06-29,2025-06-29,2,1,1,Hibernating,1
C004949,Paid Search,Central,182,1,45.06,45.06,2025-07-03,2025-07-03,2,1,1,Hibernating,1
C005457,Direct,West,277,1,45.06,45.06,2025-03-30,2025-03-30,2,1,1,Hibernating,1
C002645,Organic Search,South,30,1,45.02,45.02,2025-12-02,2025-12-02,5,1,1,New Customers,0
C000144,Paid Search,North,73,1,44.98,44.98,2025-10-20,2025-10-20,4,1,1,Need Attention,0
C005696,Social,South,106,1,44.94,44.94,2025-09-17,2025-09-17,3,1,1,Need Attention,1
C004036,Social,South,20,1,44.93,44.93,2025-12-12,2025-12-12,5,1,1,New Customers,0
C000512,Social,North,142,1,44.88,44.88,2025-08-12,2025-08-12,3,1,1,Need Attention,1
C001083,Email,East,499,1,44.88,44.88,2024-08-20,2024-08-20,1,1,1,Hibernating,1
C009113,Affiliate,South,196,1,44.87,44.87,2025-06-19,2025-06-19,2,1,1,Hibernating,1
C009013,Direct,East,208,1,44.87,44.87,2025-06-07,2025-06-07,2,1,1,Hibernating,1
C004548,Social,South,616,1,44.86,44.86,2024-04-25,2024-04-25,1,1,1,Hibernating,1
C000401,Paid Search,South,178,1,44.85,44.85,2025-07-07,2025-07-07,2,1,1,Hibernating,1
C005830,Direct,West,603,1,44.82,44.82,2024-05-08,2024-05-08,1,1,1,Hibernating,1
C006550,Social,South,4,1,44.77,44.77,2025-12-28,2025-12-28,5,1,1,New Customers,0
C002294,Organic Search,South,43,1,44.72,44.72,2025-11-19,2025-11-19,4,1,1,Need Attention,0
C009826,Paid Search,West,206,1,44.71,44.71,2025-06-09,2025-06-09,2,1,1,Hibernating,1
C001540,Organic Search,South,44,1,44.66,44.66,2025-11-18,2025-11-18,4,1,1,Need Attention,0
C004549,Social,East,315,1,44.66,44.66,2025-02-20,2025-02-20,1,1,1,Hibernating,1
C001478,Paid Search,North,107,1,44.61,44.61,2025-09-16,2025-09-16,3,1,1,Need Attention,1
C002486,Organic Search,South,303,1,44.59,44.59,2025-03-04,2025-03-04,1,1,1,Hibernating,1
C006104,Organic Search,North,10,1,44.47,44.47,2025-12-22,2025-12-22,5,1,1,New Customers,0
C005361,Organic Search,Central,233,1,44.45,44.45,2025-05-13,2025-05-13,2,1,1,Hibernating,1
C004406,Affiliate,North,153,1,44.4,44.4,2025-08-01,2025-08-01,3,1,1,Need Attention,1
C005664,Organic Search,West,87,1,44.38,44.38,2025-10-06,2025-10-06,3,1,1,Need Attention,0
C003998,Paid Search,South,139,1,44.3,44.3,2025-08-15,2025-08-15,3,1,1,Need Attention,1
C008759,Organic Search,South,641,1,44.3,44.3,2024-03-31,2024-03-31,1,1,1,Hibernating,1
C001700,Direct,East,322,1,44.18,44.18,2025-02-13,2025-02-13,1,1,1,Hibernating,1
C008741,Affiliate,West,87,1,44.15,44.15,2025-10-06,2025-10-06,3,1,1,Need Attention,0
C007560,Direct,East,227,1,44.12,44.12,2025-05-19,2025-05-19,2,1,1,Hibernating,1
C002521,Paid Search,West,27,1,44.07,44.07,2025-12-05,2025-12-05,5,1,1,New Customers,0
C006487,Email,South,110,1,43.99,43.99,2025-09-13,2025-09-13,3,1,1,Need Attention,1
C003990,Organic Search,North,73,1,43.98,43.98,2025-10-20,2025-10-20,4,1,1,Need Attention,0
C000428,Email,North,233,1,43.92,43.92,2025-05-13,2025-05-13,2,1,1,Hibernating,1
C007163,Organic Search,North,144,1,43.91,43.91,2025-08-10,2025-08-10,3,1,1,Need Attention,1
C009451,Direct,North,124,2,43.87,21.93,2025-07-22,2025-08-30,3,4,1,Loyal Customers,1
C001754,Email,West,543,1,43.87,43.87,2024-07-07,2024-07-07,1,1,1,Hibernating,1
C006093,Social,Central,76,1,43.83,43.83,2025-10-17,2025-10-17,4,1,1,Need Attention,0
C000959,Paid Search,South,18,1,43.79,43.79,2025-12-14,2025-12-14,5,1,1,New Customers,0
C004057,Social,South,198,1,43.78,43.78,2025-06-17,2025-06-17,2,1,1,Hibernating,1
C007311,Email,South,309,1,43.69,43.69,2025-02-26,2025-02-26,1,1,1,Hibernating,1
C003164,Affiliate,East,95,1,43.65,43.65,2025-09-28,2025-09-28,3,1,1,Need Attention,1
C008620,Email,East,115,1,43.64,43.64,2025-09-08,2025-09-08,3,1,1,Need Attention,1
C006987,Organic Search,North,1,1,43.57,43.57,2025-12-31,2025-12-31,5,1,1,New Customers,0
C001394,Direct,West,56,1,43.57,43.57,2025-11-06,2025-11-06,4,1,1,Need Attention,0
C008461,Paid Search,East,88,1,43.56,43.56,2025-10-05,2025-10-05,3,1,1,Need Attention,0
C005269,Organic Search,East,384,1,43.55,43.55,2024-12-13,2024-12-13,1,1,1,Hibernating,1
C005831,Paid Search,Central,76,1,43.5,43.5,2025-10-17,2025-10-17,4,1,1,Need Attention,0
C004512,Paid Search,North,76,1,43.48,43.48,2025-10-17,2025-10-17,4,1,1,Need Attention,0
C002085,Direct,Central,699,1,43.46,43.46,2024-02-02,2024-02-02,1,1,1,Hibernating,1
C006551,Organic Search,East,80,1,43.45,43.45,2025-10-13,2025-10-13,4,1,1,Need Attention,0
C001293,Organic Search,North,27,1,43.37,43.37,2025-12-05,2025-12-05,5,1,1,New Customers,0
C002451,Paid Search,Central,168,2,43.34,21.67,2024-09-04,2025-07-17,2,4,1,At Risk,1
C007960,Direct,North,19,1,43.33,43.33,2025-12-13,2025-12-13,5,1,1,New Customers,0
C002038,Organic Search,West,217,1,43.21,43.21,2025-05-29,2025-05-29,2,1,1,Hibernating,1
C000841,Social,West,24,1,43.15,43.15,2025-12-08,2025-12-08,5,1,1,New Customers,0
C000945,Organic Search,South,122,1,42.96,42.96,2025-09-01,2025-09-01,3,1,1,Need Attention,1
C003800,Paid Search,South,34,1,42.81,42.81,2025-11-28,2025-11-28,5,1,1,New Customers,0
C007506,Email,East,67,1,42.79,42.79,2025-10-26,2025-10-26,4,1,1,Need Attention,0
C008381,Social,South,29,1,42.76,42.76,2025-12-03,2025-12-03,5,1,1,New Customers,0
C005958,Paid Search,West,578,1,42.76,42.76,2024-06-02,2024-06-02,1,1,1,Hibernating,1
C004847,Affiliate,West,396,1,42.69,42.69,2024-12-01,2024-12-01,1,1,1,Hibernating,1
C003294,Paid Search,South,110,1,42.57,42.57,2025-09-13,2025-09-13,3,1,1,Need Attention,1
C001398,Social,East,91,1,42.56,42.56,2025-10-02,2025-10-02,3,1,1,Need Attention,1
C001410,Paid Search,East,84,1,42.39,42.39,2025-10-09,2025-10-09,3,1,1,Need Attention,0
C009693,Organic Search,East,85,1,42.38,42.38,2025-10-08,2025-10-08,3,1,1,Need Attention,0
C006494,Direct,West,10,1,42.31,42.31,2025-12-22,2025-12-22,5,1,1,New Customers,0
C006350,Organic Search,East,227,1,42.24,42.24,2025-05-19,2025-05-19,2,1,1,Hibernating,1
C001299,Organic Search,East,666,1,42.21,42.21,2024-03-06,2024-03-06,1,1,1,Hibernating,1
C008834,Organic Search,North,113,1,42.07,42.07,2025-09-10,2025-09-10,3,1,1,Need Attention,1
C000382,Paid Search,East,24,1,42.06,42.06,2025-12-08,2025-12-08,5,1,1,New Customers,0
C004891,Social,South,89,1,41.95,41.95,2025-10-04,2025-10-04,3,1,1,Need Attention,0
C009369,Direct,East,105,1,41.84,41.84,2025-09-18,2025-09-18,3,1,1,Need Attention,1
C001979,Direct,East,42,1,41.82,41.82,2025-11-20,2025-11-20,4,1,1,Need Attention,0
C004019,Organic Search,West,440,1,41.7,41.7,2024-10-18,2024-10-18,1,1,1,Hibernating,1
C009131,Direct,West,359,1,41.68,41.68,2025-01-07,2025-01-07,1,1,1,Hibernating,1
C009280,Organic Search,East,40,1,41.53,41.53,2025-11-22,2025-11-22,4,1,1,Need Attention,0
C002448,Paid Search,South,66,1,41.53,41.53,2025-10-27,2025-10-27,4,1,1,Need Attention,0
C001527,Organic Search,South,54,1,41.49,41.49,2025-11-08,2025-11-08,4,1,1,Need Attention,0
C004651,Paid Search,North,19,1,41.43,41.43,2025-12-13,2025-12-13,5,1,1,New Customers,0
C002135,Organic Search,South,89,1,41.3,41.3,2025-10-04,2025-10-04,3,1,1,Need Attention,0
C000801,Email,East,117,1,41.28,41.28,2025-09-06,2025-09-06,3,1,1,Need Attention,1
C003759,Organic Search,East,227,1,41.21,41.21,2025-05-19,2025-05-19,2,1,1,Hibernating,1
C006910,Organic Search,South,569,1,41.19,41.19,2024-06-11,2024-06-11,1,1,1,Hibernating,1
C003271,Organic Search,North,213,1,41.18,41.18,2025-06-02,2025-06-02,2,1,1,Hibernating,1
C002110,Social,West,457,1,41.01,41.01,2024-10-01,2024-10-01,1,1,1,Hibernating,1
C006816,Direct,West,133,1,40.99,40.99,2025-08-21,2025-08-21,3,1,1,Need Attention,1
C004878,Social,Central,146,1,40.88,40.88,2025-08-08,2025-08-08,3,1,1,Need Attention,1
C006835,Paid Search,South,65,1,40.87,40.87,2025-10-28,2025-10-28,4,1,1,Need Attention,0
C005065,Paid Search,East,251,1,40.84,40.84,2025-04-25,2025-04-25,2,1,1,Hibernating,1
C000529,Social,East,94,1,40.73,40.73,2025-09-29,2025-09-29,3,1,1,Need Attention,1
C001613,Organic Search,East,275,1,40.7,40.7,2025-04-01,2025-04-01,2,1,1,Hibernating,1
C009206,Direct,North,175,1,40.65,40.65,2025-07-10,2025-07-10,2,1,1,Hibernating,1
C000689,Organic Search,East,646,1,40.6,40.6,2024-03-26,2024-03-26,1,1,1,Hibernating,1
C001418,Email,North,172,1,40.57,40.57,2025-07-13,2025-07-13,2,1,1,Hibernating,1
C001564,Social,East,209,1,40.57,40.57,2025-06-06,2025-06-06,2,1,1,Hibernating,1
C000161,Organic Search,West,358,1,40.55,40.55,2025-01-08,2025-01-08,1,1,1,Hibernating,1
C009096,Direct,North,108,1,40.42,40.42,2025-09-15,2025-09-15,3,1,1,Need Attention,1
C008590,Paid Search,Central,250,1,40.4,40.4,2025-04-26,2025-04-26,2,1,1,Hibernating,1
C004568,Organic Search,West,48,1,40.3,40.3,2025-11-14,2025-11-14,4,1,1,Need Attention,0
C002804,Email,North,4,1,40.24,40.24,2025-12-28,2025-12-28,5,1,1,New Customers,0
C001884,Paid Search,East,24,1,40.21,40.21,2025-12-08,2025-12-08,5,1,1,New Customers,0
C005156,Affiliate,West,24,1,40.19,40.19,2025-12-08,2025-12-08,5,1,1,New Customers,0
C006716,Paid Search,North,154,1,40.11,40.11,2025-07-31,2025-07-31,3,1,1,Need Attention,1
C000876,Social,East,82,1,40.09,40.09,2025-10-11,2025-10-11,4,1,1,Need Attention,0
C009650,Direct,South,134,1,40.09,40.09,2025-08-20,2025-08-20,3,1,1,Need Attention,1
C009038,Affiliate,North,257,1,39.98,39.98,2025-04-19,2025-04-19,2,1,1,Hibernating,1
C007477,Social,South,242,1,39.85,39.85,2025-05-04,2025-05-04,2,1,1,Hibernating,1
C006053,Affiliate,North,90,1,39.81,39.81,2025-10-03,2025-10-03,3,1,1,Need Attention,0
C002655,Organic Search,South,119,1,39.81,39.81,2025-09-04,2025-09-04,3,1,1,Need Attention,1
C000169,Organic Search,South,126,1,39.8,39.8,2025-08-28,2025-08-28,3,1,1,Need Attention,1
C005693,Paid Search,North,107,1,39.72,39.72,2025-09-16,2025-09-16,3,1,1,Need Attention,1
C004578,Social,West,15,1,39.7,39.7,2025-12-17,2025-12-17,5,1,1,New Customers,0
C007814,Email,South,128,1,39.68,39.68,2025-08-26,2025-08-26,3,1,1,Need Attention,1
C008515,Organic Search,South,130,1,39.68,39.68,2025-08-24,2025-08-24,3,1,1,Need Attention,1
C006499,Email,South,40,1,39.66,39.66,2025-11-22,2025-11-22,4,1,1,Need Attention,0
C008167,Paid Search,East,81,1,39.66,39.66,2025-10-12,2025-10-12,4,1,1,Need Attention,0
C005791,Email,West,23,1,39.62,39.62,2025-12-09,2025-12-09,5,1,1,New Customers,0
C008121,Direct,South,23,1,39.48,39.48,2025-12-09,2025-12-09,5,1,1,New Customers,0
C002643,Social,North,155,1,39.45,39.45,2025-07-30,2025-07-30,3,1,1,Need Attention,1
C004187,Direct,West,109,1,39.37,39.37,2025-09-14,2025-09-14,3,1,1,Need Attention,1
C006103,Organic Search,North,420,1,39.37,39.37,2024-11-07,2024-11-07,1,1,1,Hibernating,1
C003043,Social,East,6,1,39.36,39.36,2025-12-26,2025-12-26,5,1,1,New Customers,0
C003550,Email,North,443,1,39.25,39.25,2024-10-15,2024-10-15,1,1,1,Hibernating,1
C008327,Direct,East,213,1,39.12,39.12,2025-06-02,2025-06-02,2,1,1,Hibernating,1
C009960,Organic Search,South,79,1,39.09,39.09,2025-10-14,2025-10-14,4,1,1,Need Attention,0
C009445,Email,East,335,1,39.08,39.08,2025-01-31,2025-01-31,1,1,1,Hibernating,1
C007573,Organic Search,West,101,1,39.05,39.05,2025-09-22,2025-09-22,3,1,1,Need Attention,1
C001158,Direct,West,491,1,39.02,39.02,2024-08-28,2024-08-28,1,1,1,Hibernating,1
C007295,Paid Search,Central,19,1,38.97,38.97,2025-12-13,2025-12-13,5,1,1,New Customers,0
C005677,Direct,West,68,1,38.96,38.96,2025-10-25,2025-10-25,4,1,1,Need Attention,0
C007839,Organic Search,East,154,1,38.94,38.94,2025-07-31,2025-07-31,3,1,1,Need Attention,1
C003221,Email,South,199,1,38.93,38.93,2025-06-16,2025-06-16,2,1,1,Hibernating,1
C001536,Organic Search,South,204,1,38.8,38.8,2025-06-11,2025-06-11,2,1,1,Hibernating,1
C006181,Social,West,90,1,38.77,38.77,2025-10-03,2025-10-03,3,1,1,Need Attention,0
C006048,Social,West,193,1,38.77,38.77,2025-06-22,2025-06-22,2,1,1,Hibernating,1
C004671,Organic Search,West,404,1,38.76,38.76,2024-11-23,2024-11-23,1,1,1,Hibernating,1
C001800,Paid Search,Central,525,1,38.76,38.76,2024-07-25,2024-07-25,1,1,1,Hibernating,1
C008402,Direct,West,250,1,38.72,38.72,2025-04-26,2025-04-26,2,1,1,Hibernating,1
C005799,Social,Central,107,1,38.66,38.66,2025-09-16,2025-09-16,3,1,1,Need Attention,1
C001575,Direct,West,301,1,38.56,38.56,2025-03-06,2025-03-06,1,1,1,Hibernating,1
C006687,Email,North,92,1,38.54,38.54,2025-10-01,2025-10-01,3,1,1,Need Attention,1
C001101,Email,West,94,1,38.46,38.46,2025-09-29,2025-09-29,3,1,1,Need Attention,1
C003131,Social,South,230,1,38.43,38.43,2025-05-16,2025-05-16,2,1,1,Hibernating,1
C009849,Direct,South,149,1,38.32,38.32,2025-08-05,2025-08-05,3,1,1,Need Attention,1
C009874,Paid Search,South,56,1,38.26,38.26,2025-11-06,2025-11-06,4,1,1,Need Attention,0
C006798,Email,West,205,1,38.23,38.23,2025-06-10,2025-06-10,2,1,1,Hibernating,1
C005326,Affiliate,West,146,1,38.17,38.17,2025-08-08,2025-08-08,3,1,1,Need Attention,1
C002327,Affiliate,West,155,1,38.17,38.17,2025-07-30,2025-07-30,3,1,1,Need Attention,1
C008950,Social,West,313,1,38.06,38.06,2025-02-22,2025-02-22,1,1,1,Hibernating,1
C000952,Organic Search,South,404,1,38.06,38.06,2024-11-23,2024-11-23,1,1,1,Hibernating,1
C008977,Direct,West,62,1,38.05,38.05,2025-10-31,2025-10-31,4,1,1,Need Attention,0
C008839,Social,West,57,1,38.02,38.02,2025-11-05,2025-11-05,4,1,1,Need Attention,0
C003720,Organic Search,South,214,1,37.96,37.96,2025-06-01,2025-06-01,2,1,1,Hibernating,1
C000718,Affiliate,West,192,1,37.95,37.95,2025-06-23,2025-06-23,2,1,1,Hibernating,1
C006282,Paid Search,South,192,1,37.94,37.94,2025-06-23,2025-06-23,2,1,1,Hibernating,1
C004366,Direct,West,3,1,37.9,37.9,2025-12-29,2025-12-29,5,1,1,New Customers,0
C005085,Direct,East,189,1,37.8,37.8,2025-06-26,2025-06-26,2,1,1,Hibernating,1
C008318,Social,East,132,1,37.77,37.77,2025-08-22,2025-08-22,3,1,1,Need Attention,1
C002941,Social,West,143,2,37.62,18.81,2025-01-19,2025-08-11,3,4,1,Loyal Customers,1
C001442,Direct,West,171,1,37.61,37.61,2025-07-14,2025-07-14,2,1,1,Hibernating,1
C007399,Social,North,124,1,37.58,37.58,2025-08-30,2025-08-30,3,1,1,Need Attention,1
C006384,Organic Search,East,10,1,37.54,37.54,2025-12-22,2025-12-22,5,1,1,New Customers,0
C001524,Organic Search,East,162,1,37.49,37.49,2025-07-23,2025-07-23,2,1,1,Hibernating,1
C004940,Paid Search,West,327,2,37.45,18.73,2024-05-31,2025-02-08,1,4,1,At Risk,1
C002578,Organic Search,East,307,1,37.43,37.43,2025-02-28,2025-02-28,1,1,1,Hibernating,1
C008801,Email,West,523,1,37.38,37.38,2024-07-27,2024-07-27,1,1,1,Hibernating,1
C005447,Organic Search,North,36,1,37.35,37.35,2025-11-26,2025-11-26,4,1,1,Need Attention,0
C008239,Direct,Central,228,2,37.25,18.63,2024-09-27,2025-05-18,2,4,1,At Risk,1
C003254,Organic Search,South,254,1,37.23,37.23,2025-04-22,2025-04-22,2,1,1,Hibernating,1
C007186,Organic Search,South,273,1,37.13,37.13,2025-04-03,2025-04-03,2,1,1,Hibernating,1
C001654,Paid Search,West,99,1,37.12,37.12,2025-09-24,2025-09-24,3,1,1,Need Attention,1
C008776,Organic Search,West,339,1,37.02,37.02,2025-01-27,2025-01-27,1,1,1,Hibernating,1
C008055,Paid Search,East,84,1,36.9,36.9,2025-10-09,2025-10-09,3,1,1,Need Attention,0
C006653,Organic Search,Central,391,1,36.72,36.72,2024-12-06,2024-12-06,1,1,1,Hibernating,1
C009278,Email,West,94,1,36.71,36.71,2025-09-29,2025-09-29,3,1,1,Need Attention,1
C009991,Direct,South,686,1,36.62,36.62,2024-02-15,2024-02-15,1,1,1,Hibernating,1
C000036,Organic Search,West,148,1,36.57,36.57,2025-08-06,2025-08-06,3,1,1,Need Attention,1
C001282,Affiliate,South,174,1,36.57,36.57,2025-07-11,2025-07-11,2,1,1,Hibernating,1
C002071,Direct,East,147,1,36.44,36.44,2025-08-07,2025-08-07,3,1,1,Need Attention,1
C008376,Social,North,367,1,36.42,36.42,2024-12-30,2024-12-30,1,1,1,Hibernating,1
C000367,Affiliate,West,362,1,36.41,36.41,2025-01-04,2025-01-04,1,1,1,Hibernating,1
C008919,Organic Search,East,503,1,36.4,36.4,2024-08-16,2024-08-16,1,1,1,Hibernating,1
C009962,Paid Search,South,27,1,36.24,36.24,2025-12-05,2025-12-05,5,1,1,New Customers,0
C005276,Organic Search,East,177,1,36.21,36.21,2025-07-08,2025-07-08,2,1,1,Hibernating,1
C000290,Paid Search,West,295,1,36.04,36.04,2025-03-12,2025-03-12,1,1,1,Hibernating,1
C008925,Paid Search,South,2,1,35.98,35.98,2025-12-30,2025-12-30,5,1,1,New Customers,0
C003642,Organic Search,West,138,1,35.5,35.5,2025-08-16,2025-08-16,3,1,1,Need Attention,1
C007244,Organic Search,West,52,1,35.47,35.47,2025-11-10,2025-11-10,4,1,1,Need Attention,0
C001092,Direct,Central,103,1,35.35,35.35,2025-09-20,2025-09-20,3,1,1,Need Attention,1
C007641,Affiliate,West,203,1,35.33,35.33,2025-06-12,2025-06-12,2,1,1,Hibernating,1
C008905,Direct,North,226,1,35.16,35.16,2025-05-20,2025-05-20,2,1,1,Hibernating,1
C006118,Paid Search,West,291,1,35.07,35.07,2025-03-16,2025-03-16,1,1,1,Hibernating,1
C003732,Organic Search,East,188,1,35.06,35.06,2025-06-27,2025-06-27,2,1,1,Hibernating,1
C007140,Paid Search,West,39,1,34.93,34.93,2025-11-23,2025-11-23,4,1,1,Need Attention,0
C002624,Email,East,232,1,34.92,34.92,2025-05-14,2025-05-14,2,1,1,Hibernating,1
C005566,Organic Search,South,23,1,34.89,34.89,2025-12-09,2025-12-09,5,1,1,New Customers,0
C002844,Social,South,226,1,34.79,34.79,2025-05-20,2025-05-20,2,1,1,Hibernating,1
C005783,Direct,South,180,1,34.74,34.74,2025-07-05,2025-07-05,2,1,1,Hibernating,1
C009514,Email,West,183,1,34.7,34.7,2025-07-02,2025-07-02,2,1,1,Hibernating,1
C009091,Organic Search,Central,3,1,34.64,34.64,2025-12-29,2025-12-29,5,1,1,New Customers,0
C008161,Organic Search,South,280,1,34.62,34.62,2025-03-27,2025-03-27,2,1,1,Hibernating,1
C006484,Organic Search,East,365,1,34.57,34.57,2025-01-01,2025-01-01,1,1,1,Hibernating,1
C005383,Organic Search,West,52,1,34.54,34.54,2025-11-10,2025-11-10,4,1,1,Need Attention,0
C004906,Direct,North,112,1,34.53,34.53,2025-09-11,2025-09-11,3,1,1,Need Attention,1
C004336,Organic Search,West,4,1,34.51,34.51,2025-12-28,2025-12-28,5,1,1,New Customers,0
C005429,Social,East,32,1,34.35,34.35,2025-11-30,2025-11-30,5,1,1,New Customers,0
C009486,Paid Search,South,30,1,34.31,34.31,2025-12-02,2025-12-02,5,1,1,New Customers,0
C008166,Paid Search,Central,53,1,34.3,34.3,2025-11-09,2025-11-09,4,1,1,Need Attention,0
C007883,Paid Search,South,283,2,34.21,17.11,2025-01-16,2025-03-24,2,4,1,At Risk,1
C000039,Paid Search,South,116,1,34.18,34.18,2025-09-07,2025-09-07,3,1,1,Need Attention,1
C004179,Email,Central,6,1,34.15,34.15,2025-12-26,2025-12-26,5,1,1,New Customers,0
C007591,Organic Search,South,20,1,34.09,34.09,2025-12-12,2025-12-12,5,1,1,New Customers,0
C003004,Paid Search,East,21,1,33.96,33.96,2025-12-11,2025-12-11,5,1,1,New Customers,0
C006740,Direct,South,145,1,33.93,33.93,2025-08-09,2025-08-09,3,1,1,Need Attention,1
C005130,Organic Search,North,44,1,33.92,33.92,2025-11-18,2025-11-18,4,1,1,Need Attention,0
C002047,Organic Search,South,137,1,33.9,33.9,2025-08-17,2025-08-17,3,1,1,Need Attention,1
C003005,Direct,West,9,1,33.88,33.88,2025-12-23,2025-12-23,5,1,1,New Customers,0
C006322,Paid Search,South,442,1,33.82,33.82,2024-10-16,2024-10-16,1,1,1,Hibernating,1
C004805,Organic Search,West,290,1,33.73,33.73,2025-03-17,2025-03-17,1,1,1,Hibernating,1
C009987,Social,North,263,1,33.69,33.69,2025-04-13,2025-04-13,2,1,1,Hibernating,1
C005827,Affiliate,East,73,1,33.68,33.68,2025-10-20,2025-10-20,4,1,1,Need Attention,0
C008755,Email,West,602,1,33.62,33.62,2024-05-09,2024-05-09,1,1,1,Hibernating,1
C005177,Email,West,103,1,33.61,33.61,2025-09-20,2025-09-20,3,1,1,Need Attention,1
C001997,Direct,South,49,1,33.6,33.6,2025-11-13,2025-11-13,4,1,1,Need Attention,0
C004230,Organic Search,South,164,1,33.58,33.58,2025-07-21,2025-07-21,2,1,1,Hibernating,1
C004973,Direct,South,104,1,33.53,33.53,2025-09-19,2025-09-19,3,1,1,Need Attention,1
C008374,Paid Search,South,343,1,33.51,33.51,2025-01-23,2025-01-23,1,1,1,Hibernating,1
C003465,Affiliate,East,239,1,33.47,33.47,2025-05-07,2025-05-07,2,1,1,Hibernating,1
C004163,Paid Search,East,281,1,33.42,33.42,2025-03-26,2025-03-26,2,1,1,Hibernating,1
C006186,Paid Search,East,370,1,33.34,33.34,2024-12-27,2024-12-27,1,1,1,Hibernating,1
C009033,Email,South,414,1,33.33,33.33,2024-11-13,2024-11-13,1,1,1,Hibernating,1
C006742,Email,South,117,1,33.26,33.26,2025-09-06,2025-09-06,3,1,1,Need Attention,1
C009282,Paid Search,West,267,1,33.25,33.25,2025-04-09,2025-04-09,2,1,1,Hibernating,1
C004191,Direct,West,365,1,33.15,33.15,2025-01-01,2025-01-01,1,1,1,Hibernating,1
C003757,Paid Search,South,164,1,33.05,33.05,2025-07-21,2025-07-21,2,1,1,Hibernating,1
C003470,Paid Search,North,100,1,33.02,33.02,2025-09-23,2025-09-23,3,1,1,Need Attention,1
C001225,Paid Search,West,503,1,33.01,33.01,2024-08-16,2024-08-16,1,1,1,Hibernating,1
C004210,Direct,West,151,1,32.99,32.99,2025-08-03,2025-08-03,3,1,1,Need Attention,1
C008368,Paid Search,East,265,1,32.99,32.99,2025-04-11,2025-04-11,2,1,1,Hibernating,1
C006061,Direct,Central,186,1,32.97,32.97,2025-06-29,2025-06-29,2,1,1,Hibernating,1
C003414,Organic Search,West,358,1,32.97,32.97,2025-01-08,2025-01-08,1,1,1,Hibernating,1
C008098,Paid Search,North,143,1,32.88,32.88,2025-08-11,2025-08-11,3,1,1,Need Attention,1
C005786,Social,East,230,1,32.83,32.83,2025-05-16,2025-05-16,2,1,1,Hibernating,1
C007576,Social,West,221,1,32.68,32.68,2025-05-25,2025-05-25,2,1,1,Hibernating,1
C009069,Organic Search,Central,68,1,32.63,32.63,2025-10-25,2025-10-25,4,1,1,Need Attention,0
C004387,Social,South,63,1,32.55,32.55,2025-10-30,2025-10-30,4,1,1,Need Attention,0
C004596,Affiliate,North,621,1,32.53,32.53,2024-04-20,2024-04-20,1,1,1,Hibernating,1
C008691,Paid Search,South,75,1,32.51,32.51,2025-10-18,2025-10-18,4,1,1,Need Attention,0
C008099,Social,South,349,1,32.45,32.45,2025-01-17,2025-01-17,1,1,1,Hibernating,1
C000022,Direct,South,56,1,32.44,32.44,2025-11-06,2025-11-06,4,1,1,Need Attention,0
C009901,Paid Search,South,69,1,32.36,32.36,2025-10-24,2025-10-24,4,1,1,Need Attention,0
C006065,Paid Search,South,165,1,32.34,32.34,2025-07-20,2025-07-20,2,1,1,Hibernating,1
C001652,Affiliate,South,261,1,32.34,32.34,2025-04-15,2025-04-15,2,1,1,Hibernating,1
C001154,Paid Search,West,41,1,32.33,32.33,2025-11-21,2025-11-21,4,1,1,Need Attention,0
C002902,Paid Search,East,64,1,32.32,32.32,2025-10-29,2025-10-29,4,1,1,Need Attention,0
C001063,Social,South,13,1,32.14,32.14,2025-12-19,2025-12-19,5,1,1,New Customers,0
C001355,Email,East,548,1,32.09,32.09,2024-07-02,2024-07-02,1,1,1,Hibernating,1
C001882,Organic Search,Central,195,1,32.06,32.06,2025-06-20,2025-06-20,2,1,1,Hibernating,1
C003074,Paid Search,East,107,1,32.04,32.04,2025-09-16,2025-09-16,3,1,1,Need Attention,1
C005938,Direct,South,660,1,32.04,32.04,2024-03-12,2024-03-12,1,1,1,Hibernating,1
C000571,Organic Search,South,305,1,31.99,31.99,2025-03-02,2025-03-02,1,1,1,Hibernating,1
C002586,Direct,South,153,1,31.98,31.98,2025-08-01,2025-08-01,3,1,1,Need Attention,1
C007365,Email,West,421,1,31.89,31.89,2024-11-06,2024-11-06,1,1,1,Hibernating,1
C002181,Email,West,148,1,31.8,31.8,2025-08-06,2025-08-06,3,1,1,Need Attention,1
C005284,Organic Search,South,221,1,31.8,31.8,2025-05-25,2025-05-25,2,1,1,Hibernating,1
C005570,Direct,East,239,1,31.8,31.8,2025-05-07,2025-05-07,2,1,1,Hibernating,1
C001535,Paid Search,West,227,1,31.77,31.77,2025-05-19,2025-05-19,2,1,1,Hibernating,1
C001522,Organic Search,North,357,1,31.74,31.74,2025-01-09,2025-01-09,1,1,1,Hibernating,1
C009157,Email,South,31,1,31.67,31.67,2025-12-01,2025-12-01,5,1,1,New Customers,0
C001799,Paid Search,North,14,1,31.61,31.61,2025-12-18,2025-12-18,5,1,1,New Customers,0
C000214,Email,West,156,1,31.45,31.45,2025-07-29,2025-07-29,3,1,1,Need Attention,1
C007160,Email,West,34,1,31.35,31.35,2025-11-28,2025-11-28,5,1,1,New Customers,0
C004104,Social,South,341,1,31.35,31.35,2025-01-25,2025-01-25,1,1,1,Hibernating,1
C006189,Paid Search,Central,178,1,30.98,30.98,2025-07-07,2025-07-07,2,1,1,Hibernating,1
C005225,Direct,South,10,1,30.87,30.87,2025-12-22,2025-12-22,5,1,1,New Customers,0
C007565,Social,South,295,1,30.86,30.86,2025-03-12,2025-03-12,1,1,1,Hibernating,1
C009632,Affiliate,North,84,1,30.82,30.82,2025-10-09,2025-10-09,3,1,1,Need Attention,0
C002954,Paid Search,East,443,1,30.82,30.82,2024-10-15,2024-10-15,1,1,1,Hibernating,1
C004904,Organic Search,East,26,1,30.66,30.66,2025-12-06,2025-12-06,5,1,1,New Customers,0
C002553,Paid Search,Central,106,1,30.65,30.65,2025-09-17,2025-09-17,3,1,1,Need Attention,1
C000390,Organic Search,North,633,1,30.64,30.64,2024-04-08,2024-04-08,1,1,1,Hibernating,1
C004190,Social,South,304,1,30.54,30.54,2025-03-03,2025-03-03,1,1,1,Hibernating,1
C004620,Email,North,53,1,30.51,30.51,2025-11-09,2025-11-09,4,1,1,Need Attention,0
C001327,Social,South,37,1,30.42,30.42,2025-11-25,2025-11-25,4,1,1,Need Attention,0
C005897,Paid Search,West,452,1,30.2,30.2,2024-10-06,2024-10-06,1,1,1,Hibernating,1
C004219,Direct,North,615,1,30.17,30.17,2024-04-26,2024-04-26,1,1,1,Hibernating,1
C007795,Organic Search,Central,79,1,29.91,29.91,2025-10-14,2025-10-14,4,1,1,Need Attention,0
C000245,Direct,Central,407,1,29.81,29.81,2024-11-20,2024-11-20,1,1,1,Hibernating,1
C000448,Paid Search,Central,202,1,29.75,29.75,2025-06-13,2025-06-13,2,1,1,Hibernating,1
C007009,Paid Search,West,261,1,29.56,29.56,2025-04-15,2025-04-15,2,1,1,Hibernating,1
C002572,Organic Search,North,276,1,29.55,29.55,2025-03-31,2025-03-31,2,1,1,Hibernating,1
C003765,Paid Search,West,231,1,29.53,29.53,2025-05-15,2025-05-15,2,1,1,Hibernating,1
C005247,Organic Search,North,35,1,29.41,29.41,2025-11-27,2025-11-27,5,1,1,New Customers,0
C004667,Direct,West,296,1,29.41,29.41,2025-03-11,2025-03-11,1,1,1,Hibernating,1
C009915,Paid Search,South,111,1,29.4,29.4,2025-09-12,2025-09-12,3,1,1,Need Attention,1
C009586,Direct,North,101,1,29.38,29.38,2025-09-22,2025-09-22,3,1,1,Need Attention,1
C007561,Email,East,284,1,29.35,29.35,2025-03-23,2025-03-23,1,1,1,Hibernating,1
C002856,Paid Search,North,391,1,29.33,29.33,2024-12-06,2024-12-06,1,1,1,Hibernating,1
C007844,Email,North,57,1,29.3,29.3,2025-11-05,2025-11-05,4,1,1,Need Attention,0
C006678,Organic Search,East,221,1,29.29,29.29,2025-05-25,2025-05-25,2,1,1,Hibernating,1
C008753,Direct,West,95,1,29.25,29.25,2025-09-28,2025-09-28,3,1,1,Need Attention,1
C003799,Direct,South,14,1,29.23,29.23,2025-12-18,2025-12-18,5,1,1,New Customers,0
C001229,Organic Search,East,34,1,29.23,29.23,2025-11-28,2025-11-28,5,1,1,New Customers,0
C005390,Social,East,240,1,29.23,29.23,2025-05-06,2025-05-06,2,1,1,Hibernating,1
C006920,Direct,North,231,1,29.1,29.1,2025-05-15,2025-05-15,2,1,1,Hibernating,1
C000403,Organic Search,West,59,1,29.07,29.07,2025-11-03,2025-11-03,4,1,1,Need Attention,0
C000268,Organic Search,West,58,1,29.0,29.0,2025-11-04,2025-11-04,4,1,1,Need Attention,0
C007818,Paid Search,Central,201,1,28.96,28.96,2025-06-14,2025-06-14,2,1,1,Hibernating,1
C004108,Social,East,9,1,28.91,28.91,2025-12-23,2025-12-23,5,1,1,New Customers,0
C005523,Paid Search,South,187,1,28.84,28.84,2025-06-28,2025-06-28,2,1,1,Hibernating,1
C001241,Social,East,33,1,28.8,28.8,2025-11-29,2025-11-29,5,1,1,New Customers,0
C009950,Organic Search,North,396,1,28.76,28.76,2024-12-01,2024-12-01,1,1,1,Hibernating,1
C002430,Paid Search,East,456,1,28.76,28.76,2024-10-02,2024-10-02,1,1,1,Hibernating,1
C007900,Paid Search,South,273,1,28.75,28.75,2025-04-03,2025-04-03,2,1,1,Hibernating,1
C002810,Affiliate,West,13,1,28.74,28.74,2025-12-19,2025-12-19,5,1,1,New Customers,0
C002157,Social,West,484,1,28.69,28.69,2024-09-04,2024-09-04,1,1,1,Hibernating,1
C003402,Paid Search,North,176,1,28.67,28.67,2025-07-09,2025-07-09,2,1,1,Hibernating,1
C001002,Paid Search,South,460,1,28.64,28.64,2024-09-28,2024-09-28,1,1,1,Hibernating,1
C005441,Direct,West,21,1,28.59,28.59,2025-12-11,2025-12-11,5,1,1,New Customers,0
C008989,Social,West,5,1,28.58,28.58,2025-12-27,2025-12-27,5,1,1,New Customers,0
C002542,Organic Search,South,454,1,28.52,28.52,2024-10-04,2024-10-04,1,1,1,Hibernating,1
C004054,Email,South,55,1,28.5,28.5,2025-11-07,2025-11-07,4,1,1,Need Attention,0
C001125,Social,South,185,1,28.46,28.46,2025-06-30,2025-06-30,2,1,1,Hibernating,1
C001425,Email,South,383,1,28.4,28.4,2024-12-14,2024-12-14,1,1,1,Hibernating,1
C009383,Social,South,55,1,28.37,28.37,2025-11-07,2025-11-07,4,1,1,Need Attention,0
C002149,Organic Search,East,55,1,28.32,28.32,2025-11-07,2025-11-07,4,1,1,Need Attention,0
C003057,Organic Search,Central,12,1,28.31,28.31,2025-12-20,2025-12-20,5,1,1,New Customers,0
C004097,Paid Search,North,11,1,28.26,28.26,2025-12-21,2025-12-21,5,1,1,New Customers,0
C003808,Organic Search,Central,475,1,28.17,28.17,2024-09-13,2024-09-13,1,1,1,Hibernating,1
C006994,Organic Search,North,438,1,28.08,28.08,2024-10-20,2024-10-20,1,1,1,Hibernating,1
C004589,Paid Search,Central,353,1,28.07,28.07,2025-01-13,2025-01-13,1,1,1,Hibernating,1
C001725,Affiliate,South,53,1,28.02,28.02,2025-11-09,2025-11-09,4,1,1,Need Attention,0
C002760,Organic Search,North,103,1,28.01,28.01,2025-09-20,2025-09-20,3,1,1,Need Attention,1
C000680,Email,South,216,1,28.01,28.01,2025-05-30,2025-05-30,2,1,1,Hibernating,1
C009289,Direct,South,207,1,27.98,27.98,2025-06-08,2025-06-08,2,1,1,Hibernating,1
C004628,Direct,South,349,1,27.95,27.95,2025-01-17,2025-01-17,1,1,1,Hibernating,1
C008080,Organic Search,West,31,1,27.94,27.94,2025-12-01,2025-12-01,5,1,1,New Customers,0
C008747,Paid Search,East,28,1,27.93,27.93,2025-12-04,2025-12-04,5,1,1,New Customers,0
C004794,Organic Search,North,529,1,27.81,27.81,2024-07-21,2024-07-21,1,1,1,Hibernating,1
C006903,Email,East,1,1,27.77,27.77,2025-12-31,2025-12-31,5,1,1,New Customers,0
C003191,Direct,West,28,1,27.77,27.77,2025-12-04,2025-12-04,5,1,1,New Customers,0
C009855,Direct,West,49,1,27.71,27.71,2025-11-13,2025-11-13,4,1,1,Need Attention,0
C002558,Direct,South,164,1,27.63,27.63,2025-07-21,2025-07-21,2,1,1,Hibernating,1
C001528,Organic Search,South,97,1,27.62,27.62,2025-09-26,2025-09-26,3,1,1,Need Attention,1
C005771,Organic Search,West,524,1,27.58,27.58,2024-07-26,2024-07-26,1,1,1,Hibernating,1
C001455,Organic Search,South,238,1,27.51,27.51,2025-05-08,2025-05-08,2,1,1,Hibernating,1
C005721,Organic Search,East,443,1,27.5,27.5,2024-10-15,2024-10-15,1,1,1,Hibernating,1
C006649,Paid Search,East,117,1,27.47,27.47,2025-09-06,2025-09-06,3,1,1,Need Attention,1
C008117,Direct,North,484,1,27.45,27.45,2024-09-04,2024-09-04,1,1,1,Hibernating,1
C005176,Direct,West,78,1,27.43,27.43,2025-10-15,2025-10-15,4,1,1,Need Attention,0
C006641,Affiliate,West,470,1,27.4,27.4,2024-09-18,2024-09-18,1,1,1,Hibernating,1
C006149,Social,East,410,1,27.39,27.39,2024-11-17,2024-11-17,1,1,1,Hibernating,1
C007255,Social,North,201,1,27.38,27.38,2025-06-14,2025-06-14,2,1,1,Hibernating,1
C001868,Social,West,266,1,27.38,27.38,2025-04-10,2025-04-10,2,1,1,Hibernating,1
C008574,Email,South,149,1,27.37,27.37,2025-08-05,2025-08-05,3,1,1,Need Attention,1
C004216,Direct,West,535,1,27.34,27.34,2024-07-15,2024-07-15,1,1,1,Hibernating,1
C001783,Organic Search,South,251,1,27.27,27.27,2025-04-25,2025-04-25,2,1,1,Hibernating,1
C000369,Paid Search,South,75,1,27.26,27.26,2025-10-18,2025-10-18,4,1,1,Need Attention,0
C006324,Organic Search,West,297,1,27.26,27.26,2025-03-10,2025-03-10,1,1,1,Hibernating,1
C003295,Direct,South,308,1,27.15,27.15,2025-02-27,2025-02-27,1,1,1,Hibernating,1
C001497,Email,North,168,1,27.12,27.12,2025-07-17,2025-07-17,2,1,1,Hibernating,1
C000523,Paid Search,West,601,1,27.12,27.12,2024-05-10,2024-05-10,1,1,1,Hibernating,1
C002819,Paid Search,South,518,1,27.08,27.08,2024-08-01,2024-08-01,1,1,1,Hibernating,1
C003978,Direct,West,71,1,27.03,27.03,2025-10-22,2025-10-22,4,1,1,Need Attention,0
C005155,Email,West,586,1,26.91,26.91,2024-05-25,2024-05-25,1,1,1,Hibernating,1
C004330,Direct,East,295,1,26.77,26.77,2025-03-12,2025-03-12,1,1,1,Hibernating,1
C000683,Organic Search,West,105,1,26.76,26.76,2025-09-18,2025-09-18,3,1,1,Need Attention,1
C001657,Paid Search,South,58,1,26.58,26.58,2025-11-04,2025-11-04,4,1,1,Need Attention,0
C008817,Email,East,62,1,26.46,26.46,2025-10-31,2025-10-31,4,1,1,Need Attention,0
C006689,Direct,North,128,1,26.41,26.41,2025-08-26,2025-08-26,3,1,1,Need Attention,1
C003354,Paid Search,South,415,1,26.34,26.34,2024-11-12,2024-11-12,1,1,1,Hibernating,1
C005400,Social,West,54,1,26.2,26.2,2025-11-08,2025-11-08,4,1,1,Need Attention,0
C001888,Direct,West,82,1,26.04,26.04,2025-10-11,2025-10-11,4,1,1,Need Attention,0
C002312,Organic Search,West,284,1,25.94,25.94,2025-03-23,2025-03-23,2,1,1,Hibernating,1
C008424,Social,North,142,1,25.67,25.67,2025-08-12,2025-08-12,3,1,1,Need Attention,1
C000194,Paid Search,North,488,1,25.64,25.64,2024-08-31,2024-08-31,1,1,1,Hibernating,1
C003716,Direct,North,198,1,25.61,25.61,2025-06-17,2025-06-17,2,1,1,Hibernating,1
C005315,Direct,South,52,1,25.49,25.49,2025-11-10,2025-11-10,4,1,1,Need Attention,0
C004920,Direct,South,106,1,25.48,25.48,2025-09-17,2025-09-17,3,1,1,Need Attention,1
C001723,Paid Search,East,114,1,25.33,25.33,2025-09-09,2025-09-09,3,1,1,Need Attention,1
C001558,Social,South,8,1,25.27,25.27,2025-12-24,2025-12-24,5,1,1,New Customers,0
C005913,Paid Search,North,399,1,25.16,25.16,2024-11-28,2024-11-28,1,1,1,Hibernating,1
C009956,Social,South,178,1,24.97,24.97,2025-07-07,2025-07-07,2,1,1,Hibernating,1
C004341,Social,West,522,1,24.89,24.89,2024-07-28,2024-07-28,1,1,1,Hibernating,1
C007508,Affiliate,North,253,1,24.84,24.84,2025-04-23,2025-04-23,2,1,1,Hibernating,1
C007965,Paid Search,West,549,1,24.83,24.83,2024-07-01,2024-07-01,1,1,1,Hibernating,1
C002681,Direct,West,167,1,24.82,24.82,2025-07-18,2025-07-18,2,1,1,Hibernating,1
C002142,Organic Search,South,53,1,24.81,24.81,2025-11-09,2025-11-09,4,1,1,Need Attention,0
C003513,Direct,West,210,1,24.77,24.77,2025-06-05,2025-06-05,2,1,1,Hibernating,1
C008162,Paid Search,North,380,1,24.77,24.77,2024-12-17,2024-12-17,1,1,1,Hibernating,1
C001714,Social,East,75,1,24.76,24.76,2025-10-18,2025-10-18,4,1,1,Need Attention,0
C008816,Organic Search,South,198,1,24.68,24.68,2025-06-17,2025-06-17,2,1,1,Hibernating,1
C003849,Direct,South,88,1,24.66,24.66,2025-10-05,2025-10-05,3,1,1,Need Attention,0
C005211,Direct,South,29,1,24.65,24.65,2025-12-03,2025-12-03,5,1,1,New Customers,0
C007336,Paid Search,East,1,1,24.62,24.62,2025-12-31,2025-12-31,5,1,1,New Customers,0
C003878,Organic Search,North,352,1,24.53,24.53,2025-01-14,2025-01-14,1,1,1,Hibernating,1
C002877,Organic Search,South,478,1,24.51,24.51,2024-09-10,2024-09-10,1,1,1,Hibernating,1
C000510,Paid Search,West,43,1,24.44,24.44,2025-11-19,2025-11-19,4,1,1,Need Attention,0
C008500,Email,West,182,1,24.4,24.4,2025-07-03,2025-07-03,2,1,1,Hibernating,1
C006584,Paid Search,West,162,1,24.36,24.36,2025-07-23,2025-07-23,2,1,1,Hibernating,1
C006162,Paid Search,North,313,1,24.36,24.36,2025-02-22,2025-02-22,1,1,1,Hibernating,1
C005422,Social,South,12,1,24.28,24.28,2025-12-20,2025-12-20,5,1,1,New Customers,0
C008176,Direct,East,432,1,24.2,24.2,2024-10-26,2024-10-26,1,1,1,Hibernating,1
C007392,Direct,West,114,1,24.13,24.13,2025-09-09,2025-09-09,3,1,1,Need Attention,1
C006476,Organic Search,West,39,1,24.12,24.12,2025-11-23,2025-11-23,4,1,1,Need Attention,0
C001736,Direct,East,572,1,24.12,24.12,2024-06-08,2024-06-08,1,1,1,Hibernating,1
C002805,Organic Search,West,102,1,24.11,24.11,2025-09-21,2025-09-21,3,1,1,Need Attention,1
C002639,Direct,North,10,1,24.1,24.1,2025-12-22,2025-12-22,5,1,1,New Customers,0
C000956,Direct,East,387,1,24.09,24.09,2024-12-10,2024-12-10,1,1,1,Hibernating,1
C006278,Paid Search,Central,306,1,24.04,24.04,2025-03-01,2025-03-01,1,1,1,Hibernating,1
C006965,Social,West,97,1,24.0,24.0,2025-09-26,2025-09-26,3,1,1,Need Attention,1
C009853,Organic Search,South,119,1,24.0,24.0,2025-09-04,2025-09-04,3,1,1,Need Attention,1
C000693,Paid Search,South,227,1,23.98,23.98,2025-05-19,2025-05-19,2,1,1,Hibernating,1
C001871,Direct,South,94,1,23.95,23.95,2025-09-29,2025-09-29,3,1,1,Need Attention,1
C005603,Organic Search,East,504,1,23.94,23.94,2024-08-15,2024-08-15,1,1,1,Hibernating,1
C008870,Social,Central,496,1,23.91,23.91,2024-08-23,2024-08-23,1,1,1,Hibernating,1
C002836,Affiliate,Central,276,1,23.87,23.87,2025-03-31,2025-03-31,2,1,1,Hibernating,1
C000746,Organic Search,South,33,1,23.76,23.76,2025-11-29,2025-11-29,5,1,1,New Customers,0
C000816,Affiliate,East,110,1,23.75,23.75,2025-09-13,2025-09-13,3,1,1,Need Attention,1
C009811,Direct,South,53,1,23.72,23.72,2025-11-09,2025-11-09,4,1,1,Need Attention,0
C003566,Social,West,89,1,23.72,23.72,2025-10-04,2025-10-04,3,1,1,Need Attention,0
C005889,Paid Search,North,142,1,23.65,23.65,2025-08-12,2025-08-12,3,1,1,Need Attention,1
C006557,Organic Search,North,53,1,23.61,23.61,2025-11-09,2025-11-09,4,1,1,Need Attention,0
C007067,Direct,East,8,1,23.57,23.57,2025-12-24,2025-12-24,5,1,1,New Customers,0
C002487,Social,East,268,1,23.57,23.57,2025-04-08,2025-04-08,2,1,1,Hibernating,1
C006364,Social,West,11,1,23.56,23.56,2025-12-21,2025-12-21,5,1,1,New Customers,0
C005957,Organic Search,North,243,1,23.54,23.54,2025-05-03,2025-05-03,2,1,1,Hibernating,1
C005072,Direct,South,4,1,23.52,23.52,2025-12-28,2025-12-28,5,1,1,New Customers,0
C004700,Social,West,125,1,23.33,23.33,2025-08-29,2025-08-29,3,1,1,Need Attention,1
C003105,Organic Search,Central,380,1,23.32,23.32,2024-12-17,2024-12-17,1,1,1,Hibernating,1
C002174,Organic Search,West,18,1,23.31,23.31,2025-12-14,2025-12-14,5,1,1,New Customers,0
C002986,Paid Search,South,101,1,23.31,23.31,2025-09-22,2025-09-22,3,1,1,Need Attention,1
C000343,Social,West,17,1,23.29,23.29,2025-12-15,2025-12-15,5,1,1,New Customers,0
C002807,Organic Search,South,75,1,23.29,23.29,2025-10-18,2025-10-18,4,1,1,Need Attention,0
C003976,Organic Search,West,528,1,23.27,23.27,2024-07-22,2024-07-22,1,1,1,Hibernating,1
C003264,Paid Search,South,196,1,23.24,23.24,2025-06-19,2025-06-19,2,1,1,Hibernating,1
C007083,Affiliate,West,8,1,23.19,23.19,2025-12-24,2025-12-24,5,1,1,New Customers,0
C007489,Email,West,9,1,23.15,23.15,2025-12-23,2025-12-23,5,1,1,New Customers,0
C003804,Paid Search,West,147,1,23.14,23.14,2025-08-07,2025-08-07,3,1,1,Need Attention,1
C001149,Organic Search,South,249,1,23.13,23.13,2025-04-27,2025-04-27,2,1,1,Hibernating,1
C009020,Organic Search,West,46,1,23.1,23.1,2025-11-16,2025-11-16,4,1,1,Need Attention,0
C005466,Email,West,111,1,23.09,23.09,2025-09-12,2025-09-12,3,1,1,Need Attention,1
C004796,Organic Search,West,52,1,23.02,23.02,2025-11-10,2025-11-10,4,1,1,Need Attention,0
C006934,Organic Search,East,569,1,23.02,23.02,2024-06-11,2024-06-11,1,1,1,Hibernating,1
C008679,Organic Search,West,55,1,22.98,22.98,2025-11-07,2025-11-07,4,1,1,Need Attention,0
C003315,Organic Search,South,358,1,22.97,22.97,2025-01-08,2025-01-08,1,1,1,Hibernating,1
C004540,Social,South,45,1,22.78,22.78,2025-11-17,2025-11-17,4,1,1,Need Attention,0
C008512,Email,North,39,1,22.75,22.75,2025-11-23,2025-11-23,4,1,1,Need Attention,0
C000119,Paid Search,South,186,1,22.74,22.74,2025-06-29,2025-06-29,2,1,1,Hibernating,1
C008226,Organic Search,West,74,1,22.72,22.72,2025-10-19,2025-10-19,4,1,1,Need Attention,0
C005338,Organic Search,Central,256,1,22.67,22.67,2025-04-20,2025-04-20,2,1,1,Hibernating,1
C000531,Direct,East,53,1,22.25,22.25,2025-11-09,2025-11-09,4,1,1,Need Attention,0
C009627,Social,South,157,1,22.22,22.22,2025-07-28,2025-07-28,3,1,1,Need Attention,1
C008347,Organic Search,Central,67,1,22.21,22.21,2025-10-26,2025-10-26,4,1,1,Need Attention,0
C000773,Email,North,457,1,21.97,21.97,2024-10-01,2024-10-01,1,1,1,Hibernating,1
C001346,Organic Search,Central,461,1,21.86,21.86,2024-09-27,2024-09-27,1,1,1,Hibernating,1
C001227,Direct,South,206,1,21.73,21.73,2025-06-09,2025-06-09,2,1,1,Hibernating,1
C004681,Organic Search,North,108,1,21.63,21.63,2025-09-15,2025-09-15,3,1,1,Need Attention,1
C007824,Direct,South,147,1,21.37,21.37,2025-08-07,2025-08-07,3,1,1,Need Attention,1
C004224,Social,West,82,1,21.29,21.29,2025-10-11,2025-10-11,4,1,1,Need Attention,0
C009542,Paid Search,North,363,1,21.21,21.21,2025-01-03,2025-01-03,1,1,1,Hibernating,1
C010000,Social,South,50,1,21.15,21.15,2025-11-12,2025-11-12,4,1,1,Need Attention,0
C000741,Social,West,49,1,21.12,21.12,2025-11-13,2025-11-13,4,1,1,Need Attention,0
C005280,Affiliate,East,105,1,21.11,21.11,2025-09-18,2025-09-18,3,1,1,Need Attention,1
C000480,Paid Search,South,329,1,21.1,21.1,2025-02-06,2025-02-06,1,1,1,Hibernating,1
C004978,Paid Search,West,112,1,21.09,21.09,2025-09-11,2025-09-11,3,1,1,Need Attention,1
C009852,Paid Search,East,101,1,21.01,21.01,2025-09-22,2025-09-22,3,1,1,Need Attention,1
C007896,Paid Search,Central,162,1,21.0,21.0,2025-07-23,2025-07-23,2,1,1,Hibernating,1
C004608,Direct,South,29,1,20.97,20.97,2025-12-03,2025-12-03,5,1,1,New Customers,0
C001174,Organic Search,East,298,1,20.96,20.96,2025-03-09,2025-03-09,1,1,1,Hibernating,1
C008871,Social,North,10,1,20.92,20.92,2025-12-22,2025-12-22,5,1,1,New Customers,0
C001150,Organic Search,East,50,1,20.81,20.81,2025-11-12,2025-11-12,4,1,1,Need Attention,0
C004133,Email,South,1,1,20.8,20.8,2025-12-31,2025-12-31,5,1,1,New Customers,0
C000937,Direct,North,69,1,20.73,20.73,2025-10-24,2025-10-24,4,1,1,Need Attention,0
C009569,Organic Search,West,158,1,20.73,20.73,2025-07-27,2025-07-27,3,1,1,Need Attention,1
C006609,Paid Search,West,327,1,20.73,20.73,2025-02-08,2025-02-08,1,1,1,Hibernating,1
C001217,Email,South,7,2,20.72,10.36,2025-08-30,2025-12-25,5,4,1,Champions,0
C000688,Paid Search,North,14,1,20.72,20.72,2025-12-18,2025-12-18,5,1,1,New Customers,0
C005367,Organic Search,South,40,1,20.7,20.7,2025-11-22,2025-11-22,4,1,1,Need Attention,0
C003866,Organic Search,South,457,1,20.7,20.7,2024-10-01,2024-10-01,1,1,1,Hibernating,1
C003249,Direct,East,704,1,20.68,20.68,2024-01-28,2024-01-28,1,1,1,Hibernating,1
C006425,Paid Search,West,164,1,20.64,20.64,2025-07-21,2025-07-21,2,1,1,Hibernating,1
C004613,Paid Search,Central,22,1,20.62,20.62,2025-12-10,2025-12-10,5,1,1,New Customers,0
C005625,Social,West,46,1,20.59,20.59,2025-11-16,2025-11-16,4,1,1,Need Attention,0
C008277,Direct,South,100,1,20.56,20.56,2025-09-23,2025-09-23,3,1,1,Need Attention,1
C003562,Email,South,644,1,20.56,20.56,2024-03-28,2024-03-28,1,1,1,Hibernating,1
C007152,Affiliate,East,137,1,20.52,20.52,2025-08-17,2025-08-17,3,1,1,Need Attention,1
C009150,Email,West,213,1,20.48,20.48,2025-06-02,2025-06-02,2,1,1,Hibernating,1
C002798,Paid Search,South,194,1,20.43,20.43,2025-06-21,2025-06-21,2,1,1,Hibernating,1
C007941,Organic Search,West,24,1,20.37,20.37,2025-12-08,2025-12-08,5,1,1,New Customers,0
C006525,Affiliate,South,14,1,20.32,20.32,2025-12-18,2025-12-18,5,1,1,New Customers,0
C003426,Organic Search,North,541,1,20.26,20.26,2024-07-09,2024-07-09,1,1,1,Hibernating,1
C006493,Direct,North,198,1,20.24,20.24,2025-06-17,2025-06-17,2,1,1,Hibernating,1
C001305,Direct,North,201,1,20.21,20.21,2025-06-14,2025-06-14,2,1,1,Hibernating,1
C002781,Organic Search,West,64,1,20.2,20.2,2025-10-29,2025-10-29,4,1,1,Need Attention,0
C003539,Email,West,236,1,20.2,20.2,2025-05-10,2025-05-10,2,1,1,Hibernating,1
C000315,Paid Search,South,309,1,20.2,20.2,2025-02-26,2025-02-26,1,1,1,Hibernating,1
C006210,Organic Search,North,7,1,20.19,20.19,2025-12-25,2025-12-25,5,1,1,New Customers,0
C002679,Social,East,18,1,20.18,20.18,2025-12-14,2025-12-14,5,1,1,New Customers,0
C004505,Direct,West,65,1,20.18,20.18,2025-10-28,2025-10-28,4,1,1,Need Attention,0
C005195,Social,East,14,1,20.11,20.11,2025-12-18,2025-12-18,5,1,1,New Customers,0
C000009,Paid Search,West,142,1,20.1,20.1,2025-08-12,2025-08-12,3,1,1,Need Attention,1
C009393,Organic Search,North,195,1,20.09,20.09,2025-06-20,2025-06-20,2,1,1,Hibernating,1
C009655,Affiliate,North,319,1,20.08,20.08,2025-02-16,2025-02-16,1,1,1,Hibernating,1
C008413,Email,Central,48,1,20.07,20.07,2025-11-14,2025-11-14,4,1,1,Need Attention,0
C003867,Organic Search,North,278,1,20.03,20.03,2025-03-29,2025-03-29,2,1,1,Hibernating,1
C009670,Organic Search,East,68,1,19.98,19.98,2025-10-25,2025-10-25,4,1,1,Need Attention,0
C008083,Paid Search,West,139,1,19.97,19.97,2025-08-15,2025-08-15,3,1,1,Need Attention,1
C004413,Paid Search,East,269,1,19.94,19.94,2025-04-07,2025-04-07,2,1,1,Hibernating,1
C006302,Paid Search,South,181,1,19.93,19.93,2025-07-04,2025-07-04,2,1,1,Hibernating,1
C003280,Organic Search,West,19,1,19.92,19.92,2025-12-13,2025-12-13,5,1,1,New Customers,0
C006882,Paid Search,Central,155,1,19.92,19.92,2025-07-30,2025-07-30,3,1,1,Need Attention,1
C006562,Affiliate,South,401,1,19.89,19.89,2024-11-26,2024-11-26,1,1,1,Hibernating,1
C001534,Direct,East,57,1,19.86,19.86,2025-11-05,2025-11-05,4,1,1,Need Attention,0
C002660,Organic Search,South,27,1,19.83,19.83,2025-12-05,2025-12-05,5,1,1,New Customers,0
C000733,Organic Search,West,65,1,19.83,19.83,2025-10-28,2025-10-28,4,1,1,Need Attention,0
C007920,Organic Search,South,32,1,19.73,19.73,2025-11-30,2025-11-30,5,1,1,New Customers,0
C004585,Paid Search,Central,220,1,19.72,19.72,2025-05-26,2025-05-26,2,1,1,Hibernating,1
C003474,Social,South,13,1,19.67,19.67,2025-12-19,2025-12-19,5,1,1,New Customers,0
C003788,Organic Search,West,79,1,19.66,19.66,2025-10-14,2025-10-14,4,1,1,Need Attention,0
C009671,Email,South,211,1,19.63,19.63,2025-06-04,2025-06-04,2,1,1,Hibernating,1
C000913,Organic Search,East,37,1,19.61,19.61,2025-11-25,2025-11-25,4,1,1,Need Attention,0
C009178,Social,South,193,1,19.57,19.57,2025-06-22,2025-06-22,2,1,1,Hibernating,1
C001026,Direct,South,375,1,19.57,19.57,2024-12-22,2024-12-22,1,1,1,Hibernating,1
C002788,Organic Search,North,349,1,19.56,19.56,2025-01-17,2025-01-17,1,1,1,Hibernating,1
C008068,Organic Search,South,45,1,19.52,19.52,2025-11-17,2025-11-17,4,1,1,Need Attention,0
C005089,Paid Search,East,178,1,19.52,19.52,2025-07-07,2025-07-07,2,1,1,Hibernating,1
C000472,Paid Search,South,452,1,19.51,19.51,2024-10-06,2024-10-06,1,1,1,Hibernating,1
C008917,Paid Search,North,61,1,19.5,19.5,2025-11-01,2025-11-01,4,1,1,Need Attention,0
C001374,Social,West,128,1,19.45,19.45,2025-08-26,2025-08-26,3,1,1,Need Attention,1
C002255,Email,North,569,1,19.43,19.43,2024-06-11,2024-06-11,1,1,1,Hibernating,1
C007652,Paid Search,South,164,1,19.39,19.39,2025-07-21,2025-07-21,2,1,1,Hibernating,1
C006776,Organic Search,South,65,1,19.37,19.37,2025-10-28,2025-10-28,4,1,1,Need Attention,0
C006096,Organic Search,South,137,1,19.36,19.36,2025-08-17,2025-08-17,3,1,1,Need Attention,1
C008100,Paid Search,East,307,1,19.35,19.35,2025-02-28,2025-02-28,1,1,1,Hibernating,1
C002832,Organic Search,South,34,1,19.26,19.26,2025-11-28,2025-11-28,5,1,1,New Customers,0
C004268,Paid Search,West,29,1,19.2,19.2,2025-12-03,2025-12-03,5,1,1,New Customers,0
C001781,Social,West,187,1,19.18,19.18,2025-06-28,2025-06-28,2,1,1,Hibernating,1
C003335,Organic Search,South,259,1,19.17,19.17,2025-04-17,2025-04-17,2,1,1,Hibernating,1
C003251,Organic Search,North,400,1,19.17,19.17,2024-11-27,2024-11-27,1,1,1,Hibernating,1
C002429,Social,Central,86,1,19.15,19.15,2025-10-07,2025-10-07,3,1,1,Need Attention,0
C002649,Paid Search,Central,157,1,19.12,19.12,2025-07-28,2025-07-28,3,1,1,Need Attention,1
C004850,Email,West,118,1,19.1,19.1,2025-09-05,2025-09-05,3,1,1,Need Attention,1
C008075,Organic Search,West,39,1,19.08,19.08,2025-11-23,2025-11-23,4,1,1,Need Attention,0
C002012,Organic Search,South,117,1,19.06,19.06,2025-09-06,2025-09-06,3,1,1,Need Attention,1
C007825,Paid Search,West,343,1,19.05,19.05,2025-01-23,2025-01-23,1,1,1,Hibernating,1
C001235,Direct,West,291,1,19.03,19.03,2025-03-16,2025-03-16,1,1,1,Hibernating,1
C008758,Organic Search,West,73,1,18.98,18.98,2025-10-20,2025-10-20,4,1,1,Need Attention,0
C008094,Paid Search,West,7,1,18.93,18.93,2025-12-25,2025-12-25,5,1,1,New Customers,0
C009428,Paid Search,South,593,1,18.9,18.9,2024-05-18,2024-05-18,1,1,1,Hibernating,1
C007957,Email,South,35,1,18.79,18.79,2025-11-27,2025-11-27,5,1,1,New Customers,0
C003067,Organic Search,South,169,1,18.79,18.79,2025-07-16,2025-07-16,2,1,1,Hibernating,1
C003134,Paid Search,West,35,1,18.72,18.72,2025-11-27,2025-11-27,5,1,1,New Customers,0
C004125,Organic Search,North,59,1,18.71,18.71,2025-11-03,2025-11-03,4,1,1,Need Attention,0
C007976,Social,East,23,1,18.69,18.69,2025-12-09,2025-12-09,5,1,1,New Customers,0
C004415,Organic Search,South,445,1,18.65,18.65,2024-10-13,2024-10-13,1,1,1,Hibernating,1
C009981,Paid Search,South,158,1,18.63,18.63,2025-07-27,2025-07-27,3,1,1,Need Attention,1
C005098,Paid Search,Central,96,1,18.62,18.62,2025-09-27,2025-09-27,3,1,1,Need Attention,1
C001277,Organic Search,West,47,1,18.57,18.57,2025-11-15,2025-11-15,4,1,1,Need Attention,0
C000195,Social,West,120,1,18.57,18.57,2025-09-03,2025-09-03,3,1,1,Need Attention,1
C005937,Organic Search,South,452,1,18.57,18.57,2024-10-06,2024-10-06,1,1,1,Hibernating,1
C007656,Email,East,103,1,18.56,18.56,2025-09-20,2025-09-20,3,1,1,Need Attention,1
C005001,Email,South,37,1,18.45,18.45,2025-11-25,2025-11-25,4,1,1,Need Attention,0
C007705,Email,South,244,1,18.45,18.45,2025-05-02,2025-05-02,2,1,1,Hibernating,1
C009890,Organic Search,East,36,1,18.42,18.42,2025-11-26,2025-11-26,4,1,1,Need Attention,0
C003361,Social,South,72,1,18.42,18.42,2025-10-21,2025-10-21,4,1,1,Need Attention,0
C005067,Paid Search,Central,545,1,18.39,18.39,2024-07-05,2024-07-05,1,1,1,Hibernating,1
C001274,Social,North,7,1,18.36,18.36,2025-12-25,2025-12-25,5,1,1,New Customers,0
C006648,Organic Search,West,28,1,18.36,18.36,2025-12-04,2025-12-04,5,1,1,New Customers,0
C003492,Direct,West,78,1,18.33,18.33,2025-10-15,2025-10-15,4,1,1,Need Attention,0
C004429,Paid Search,South,369,1,18.26,18.26,2024-12-28,2024-12-28,1,1,1,Hibernating,1
C007515,Paid Search,East,324,1,18.22,18.22,2025-02-11,2025-02-11,1,1,1,Hibernating,1
C008743,Paid Search,West,38,1,18.16,18.16,2025-11-24,2025-11-24,4,1,1,Need Attention,0
C002275,Organic Search,East,273,1,18.15,18.15,2025-04-03,2025-04-03,2,1,1,Hibernating,1
C006827,Organic Search,West,63,1,18.14,18.14,2025-10-30,2025-10-30,4,1,1,Need Attention,0
C009127,Organic Search,South,203,1,18.14,18.14,2025-06-12,2025-06-12,2,1,1,Hibernating,1
C003996,Direct,West,414,1,18.13,18.13,2024-11-13,2024-11-13,1,1,1,Hibernating,1
C009955,Social,Central,14,1,17.99,17.99,2025-12-18,2025-12-18,5,1,1,New Customers,0
C006759,Paid Search,South,402,1,17.96,17.96,2024-11-25,2024-11-25,1,1,1,Hibernating,1
C008616,Email,Central,11,1,17.95,17.95,2025-12-21,2025-12-21,5,1,1,New Customers,0
C002765,Organic Search,West,40,1,17.95,17.95,2025-11-22,2025-11-22,4,1,1,Need Attention,0
C008596,Organic Search,East,330,1,17.95,17.95,2025-02-05,2025-02-05,1,1,1,Hibernating,1
C006269,Direct,West,85,1,17.93,17.93,2025-10-08,2025-10-08,3,1,1,Need Attention,0
C007206,Affiliate,South,85,1,17.93,17.93,2025-10-08,2025-10-08,3,1,1,Need Attention,0
C004427,Affiliate,West,40,1,17.86,17.86,2025-11-22,2025-11-22,4,1,1,Need Attention,0
C009354,Social,East,165,1,17.8,17.8,2025-07-20,2025-07-20,2,1,1,Hibernating,1
C004180,Organic Search,East,164,1,17.67,17.67,2025-07-21,2025-07-21,2,1,1,Hibernating,1
C003044,Paid Search,South,176,1,17.66,17.66,2025-07-09,2025-07-09,2,1,1,Hibernating,1
C009551,Organic Search,East,24,1,17.63,17.63,2025-12-08,2025-12-08,5,1,1,New Customers,0
C008408,Paid Search,East,40,1,17.61,17.61,2025-11-22,2025-11-22,4,1,1,Need Attention,0
C008689,Direct,West,226,1,17.51,17.51,2025-05-20,2025-05-20,2,1,1,Hibernating,1
C009387,Paid Search,East,194,1,17.49,17.49,2025-06-21,2025-06-21,2,1,1,Hibernating,1
C001025,Direct,Central,422,1,17.39,17.39,2024-11-05,2024-11-05,1,1,1,Hibernating,1
C008680,Organic Search,East,200,1,17.2,17.2,2025-06-15,2025-06-15,2,1,1,Hibernating,1
C007476,Paid Search,North,47,1,17.18,17.18,2025-11-15,2025-11-15,4,1,1,Need Attention,0
C007428,Direct,West,203,1,17.05,17.05,2025-06-12,2025-06-12,2,1,1,Hibernating,1
C008570,Organic Search,West,265,1,17.01,17.01,2025-04-11,2025-04-11,2,1,1,Hibernating,1
C002736,Direct,South,98,1,16.98,16.98,2025-09-25,2025-09-25,3,1,1,Need Attention,1
C000100,Organic Search,North,50,1,16.93,16.93,2025-11-12,2025-11-12,4,1,1,Need Attention,0
C001354,Direct,South,6,1,16.85,16.85,2025-12-26,2025-12-26,5,1,1,New Customers,0
C006088,Organic Search,South,198,1,16.8,16.8,2025-06-17,2025-06-17,2,1,1,Hibernating,1
C008669,Social,North,74,1,16.65,16.65,2025-10-19,2025-10-19,4,1,1,Need Attention,0
C004181,Social,East,226,1,16.65,16.65,2025-05-20,2025-05-20,2,1,1,Hibernating,1
C005336,Social,West,177,1,16.62,16.62,2025-07-08,2025-07-08,2,1,1,Hibernating,1
C004142,Direct,North,72,1,16.61,16.61,2025-10-21,2025-10-21,4,1,1,Need Attention,0
C002661,Paid Search,North,42,1,16.58,16.58,2025-11-20,2025-11-20,4,1,1,Need Attention,0
C006404,Social,North,726,1,16.58,16.58,2024-01-06,2024-01-06,1,1,1,Hibernating,1
C001247,Social,Central,85,1,16.56,16.56,2025-10-08,2025-10-08,3,1,1,Need Attention,0
C004619,Organic Search,South,228,1,16.38,16.38,2025-05-18,2025-05-18,2,1,1,Hibernating,1
C009394,Direct,West,265,1,16.19,16.19,2025-04-11,2025-04-11,2,1,1,Hibernating,1
C008354,Organic Search,West,174,1,16.17,16.17,2025-07-11,2025-07-11,2,1,1,Hibernating,1
C003113,Email,East,123,1,16.11,16.11,2025-08-31,2025-08-31,3,1,1,Need Attention,1
C002019,Email,Central,67,1,16.01,16.01,2025-10-26,2025-10-26,4,1,1,Need Attention,0
C003168,Email,West,120,1,15.95,15.95,2025-09-03,2025-09-03,3,1,1,Need Attention,1
C007004,Organic Search,North,210,1,15.91,15.91,2025-06-05,2025-06-05,2,1,1,Hibernating,1
C000087,Organic Search,East,260,1,15.89,15.89,2025-04-16,2025-04-16,2,1,1,Hibernating,1
C004061,Paid Search,North,303,1,15.72,15.72,2025-03-04,2025-03-04,1,1,1,Hibernating,1
C001468,Direct,South,14,1,15.71,15.71,2025-12-18,2025-12-18,5,1,1,New Customers,0
C002853,Organic Search,West,119,1,15.71,15.71,2025-09-04,2025-09-04,3,1,1,Need Attention,1
C004500,Direct,East,388,1,15.64,15.64,2024-12-09,2024-12-09,1,1,1,Hibernating,1
C008930,Paid Search,South,115,1,15.63,15.63,2025-09-08,2025-09-08,3,1,1,Need Attention,1
C009172,Paid Search,Central,324,1,15.56,15.56,2025-02-11,2025-02-11,1,1,1,Hibernating,1
C002671,Social,Central,230,1,15.47,15.47,2025-05-16,2025-05-16,2,1,1,Hibernating,1
C008667,Email,South,182,1,15.45,15.45,2025-07-03,2025-07-03,2,1,1,Hibernating,1
C007180,Social,South,204,1,14.81,14.81,2025-06-11,2025-06-11,2,1,1,Hibernating,1
C008782,Organic Search,West,246,1,14.81,14.81,2025-04-30,2025-04-30,2,1,1,Hibernating,1
C009664,Organic Search,North,94,1,14.64,14.64,2025-09-29,2025-09-29,3,1,1,Need Attention,1
C005123,Direct,South,217,1,14.51,14.51,2025-05-29,2025-05-29,2,1,1,Hibernating,1
C002155,Direct,North,45,1,14.5,14.5,2025-11-17,2025-11-17,4,1,1,Need Attention,0
C000250,Organic Search,South,78,1,14.5,14.5,2025-10-15,2025-10-15,4,1,1,Need Attention,0
C003674,Social,South,307,1,14.49,14.49,2025-02-28,2025-02-28,1,1,1,Hibernating,1
C002126,Direct,South,67,1,14.47,14.47,2025-10-26,2025-10-26,4,1,1,Need Attention,0
C000719,Paid Search,Central,102,1,14.42,14.42,2025-09-21,2025-09-21,3,1,1,Need Attention,1
C006195,Organic Search,West,185,1,14.37,14.37,2025-06-30,2025-06-30,2,1,1,Hibernating,1
C004200,Paid Search,West,36,1,14.35,14.35,2025-11-26,2025-11-26,4,1,1,Need Attention,0
C008325,Paid Search,East,274,1,14.28,14.28,2025-04-02,2025-04-02,2,1,1,Hibernating,1
C007345,Organic Search,South,157,1,14.04,14.04,2025-07-28,2025-07-28,3,1,1,Need Attention,1
C008775,Organic Search,Central,387,1,14.02,14.02,2024-12-10,2024-12-10,1,1,1,Hibernating,1
C009876,Direct,South,314,1,13.95,13.95,2025-02-21,2025-02-21,1,1,1,Hibernating,1
C006709,Organic Search,Central,186,1,13.9,13.9,2025-06-29,2025-06-29,2,1,1,Hibernating,1
C001912,Paid Search,West,34,1,13.87,13.87,2025-11-28,2025-11-28,5,1,1,New Customers,0
C002694,Social,West,53,1,13.84,13.84,2025-11-09,2025-11-09,4,1,1,Need Attention,0
C001901,Organic Search,North,122,1,13.84,13.84,2025-09-01,2025-09-01,3,1,1,Need Attention,1
C000124,Affiliate,South,257,1,13.72,13.72,2025-04-19,2025-04-19,2,1,1,Hibernating,1
C001379,Organic Search,Central,443,1,13.55,13.55,2024-10-15,2024-10-15,1,1,1,Hibernating,1
C009704,Affiliate,South,4,1,12.07,12.07,2025-12-28,2025-12-28,5,1,1,New Customers,0
C000778,Direct,West,345,1,11.88,11.88,2025-01-21,2025-01-21,1,1,1,Hibernating,1
C008779,Organic Search,East,67,1,11.79,11.79,2025-10-26,2025-10-26,4,1,1,Need Attention,0
C009841,Paid Search,North,61,1,11.76,11.76,2025-11-01,2025-11-01,4,1,1,Need Attention,0
C007977,Organic Search,North,155,1,11.61,11.61,2025-07-30,2025-07-30,3,1,1,Need Attention,1
C001633,Organic Search,Central,42,1,11.56,11.56,2025-11-20,2025-11-20,4,1,1,Need Attention,0
C008865,Direct,West,352,1,10.45,10.45,2025-01-14,2025-01-14,1,1,1,Hibernating,1
C007738,Organic Search,South,542,1,10.41,10.41,2024-07-08,2024-07-08,1,1,1,Hibernating,1
C009653,Organic Search,West,81,1,10.33,10.33,2025-10-12,2025-10-12,4,1,1,Need Attention,0
C000270,Organic Search,West,101,1,10.29,10.29,2025-09-22,2025-09-22,3,1,1,Need Attention,1
C002972,Social,Central,25,1,10.15,10.15,2025-12-07,2025-12-07,5,1,1,New Customers,0
C003085,Direct,East,39,1,10.12,10.12,2025-11-23,2025-11-23,4,1,1,Need Attention,0
C007323,Email,South,176,1,10.04,10.04,2025-07-09,2025-07-09,2,1,1,Hibernating,1
C002123,Social,South,444,1,10.0,10.0,2024-10-14,2024-10-14,1,1,1,Hibernating,1
